Row ID,Order ID,Order Date,Ship Date,Ship Mode,Customer ID,Customer Name,Segment,Country,City,State,Postal Code,Region,Product ID,Category,Sub-Category,Product Name,Sales,Quantity,Discount,Profit
3126,CA-2015-121720,06/11/2015,6/12/2015,First Class,JE-15610,Jim Epp,Corporate,United States,Lakeland,Florida,33801.0,SOUTH,OFF-ST-10003816,  Office Supplies  ,Storage,Fellowes High-Stak Drawer Files,563.808,4,0.2,$ 21.14
1442,CA-2017-128160,12/19/2017,12/24/2017,second class,MM-17920,Michael Moore,Consumer,United States,San Francisco,California,94110.0,west,OFF-BI-10001510,  Office Supplies  ,Binders,Deluxe Heavy-Duty Vinyl Round Ring Binder,$ 36.67,2,0.2,11.46 USD
4511,CA-2016-119935,2016/11/10 00:00:00,11/14/2016,standard class,KM-16225,Kalyca Meade,Corporate,United States,Springfield,Missouri,,Central,FUR-FU-10001085,FURNITURE,Furnishings,3M Polarizing Light Filter Sleeves,N/A,2,0.0,17.158
40,CA-2015-117415,Pending,12/31/2015,Standard Class,SN-20710,Steve Nguyen,Home Office,United States,Houston,Texas,77041.0,CENTRAL,FUR-CH-10004218,furniture,Chairs,"Global Fabric Manager's Chair, Dark Gray",N/A,3,0.3,-15.15 USD
4510,CA-2017-167003,05/23/2017,5/29/2017,Standard Class,VS-21820,Vivek Sundaresam,  Consumer  ,United States,Los Angeles,California,90036.0,WEST,FUR-TA-10001520,FURNITURE,Tables,"Lesro Sheffield Collection Coffee Table, End Table, Center Table, Corner Table",171.29 USD,3,0.2,-6.4233
1600,CA-2017-158876,11/19/2017,11/21/2017,Second Class,AB-10150,Aimee Bixby,Consumer,United States,Carrollton,Texas,75007.0,CENTRAL,OFF-AR-10003373,OFFICE SUPPLIES,Art,"Boston School Pro Electric Pencil Sharpener, 1670",99.136,4,0.2,$ 8.67
7364,CA-2016-127243,2016/11/28 00:00:00,12/4/2016,Standard Class,DS-13180,David Smith,CORPORATE,United States,Philadelphia,Pennsylvania,19140.0,east,TEC-PH-10004539,technology,Phones,Wireless Extenders zBoost YX545 SOHO Signal Booster,-,3,0.4,$ -73.71
9952,CA-2017-121559,2017-06-01,6/3/2017,  Second Class  ,HW-14935,Helen Wasserman,Corporate,United States,Indianapolis,Indiana,46203.0,Central,OFF-BI-10002072,OFFICE SUPPLIES,Binders,Cardinal Slant-D Ring Binders,17.38,2,0.0,8.69
501,US-2016-105578,05/30/2016,6/4/2016,Standard Class,MY-17380,Maribeth Yedwab,CORPORATE,United States,Parker,Colorado,80134.0,WEST,OFF-BI-10001670,OFFICE SUPPLIES,Binders,Vinyl Sectional Post Binders,22.62 USD,2,0.7,-
4848,CA-2014-164469,2014-06-25,6/27/2014,Second Class,GK-14620,Grace Kelly,CORPORATE,United States,Salem,Oregon,97301.0,West,OFF-AR-10003478,office supplies,Art,"Avery Hi-Liter EverBold Pen Style Fluorescent Highlighters, 4/Pack",N/A,11,0.2,$ 17.91
4569,CA-2015-111990,2015-11-08,11/13/2015,standard class,DB-13660,,consumer,United States,Houston,Texas,77095.0,central,OFF-BI-10003291,Office Supplies,Binders,Wilson Jones Leather-Like Binders with DublLock Round Rings,$ 10.48,6,0.8,-
2759,CA-2016-146171,2016-03-11,3/15/2016,Standard Class,JP-16135,Julie Prescott,  Home Office  ,United States,Columbus,Georgia,31907.0,south,FUR-FU-10004270,Furniture,Furnishings,"Executive Impressions 13"" Clairmont Wall Clock",76.92 USD,4,0.0,$ 31.54
6221,CA-2016-160220,20-Oct-2016,10/26/2016,Standard Class,JS-16030,Joy Smith,  Consumer  ,United States,Trenton,Michigan,48183.0,CENTRAL,OFF-ST-10000617,Office Supplies,Storage,Woodgrain Magazine Files by Perma,$ 20.86,7,0.0,$ 1.46
7730,US-2016-109260,09/26/2016,10/1/2016,  Standard Class  ,TN-21040,Tanja Norvell,HOME OFFICE,United States,Tallahassee,Florida,32303.0,South,TEC-AC-10002637,Technology,Accessories,Logitech VX Revolution Cordless Laser Mouse for Notebooks (Black),$ 431.98,3,0.2,$ -75.60
714,US-2017-100048,2017/05/19 00:00:00,5/24/2017,  Standard Class  ,RS-19765,Roland Schwarz,CORPORATE,United States,Mount Vernon,New York,10550.0,EAST,TEC-PH-10003012,Technology,Phones,Nortel Meridian M3904 Professional Digital phone,307.98,2,0.0,89.3142
3298,US-2015-110569,05/23/2015,5/30/2015,Standard Class,EB-13870,Emily Burns,Consumer,United States,Phoenix,Arizona,85023.0,WEST,OFF-AP-10004708,office supplies,Appliances,Fellowes Superior 10 Outlet Split Surge Protector,$ 121.79,4,0.2,13.7016
6753,CA-2016-154767,06/28/2016,6/30/2016,Second Class,BP-11155,Becky Pak,Consumer,United States,Paterson,New Jersey,7501.0,East,OFF-PA-10003039,office supplies,Paper,Xerox 1960,$ 61.96,2,0.0,$ 27.88
6532,US-2017-107384,2017-12-04,12/8/2017,  Standard Class  ,TP-21130,Theone Pippenger,consumer,United States,Rochester,Minnesota,55901.0,central,OFF-AR-10001315,OFFICE SUPPLIES,Art,Newell 310,8.80 USD,5,0.0,$ 2.55
2040,CA-2015-122287,18-Jun-2015,6/23/2015,Standard Class,SN-20560,Skye Norling,Home Office,United States,Peoria,Arizona,85345.0,WEST,OFF-BI-10004656,office supplies,Binders,Peel & Stick Add-On Corner Pockets,4.536,7,0.7,$ -3.33
4029,CA-2017-139311,2017/08/11 00:00:00,8/13/2017,First Class,SF-20965,Sylvia Foulston,Corporate,United States,Bedford,Texas,,CENTRAL,OFF-BI-10004209,OFFICE SUPPLIES,Binders,"Fellowes Twister Kit, Gray/Clear, 3/pkg",12.864,8,0.8,  $-22.51  
3119,CA-2015-121720,2015-06-11,6/12/2015,FIRST CLASS,JE-15610,Jim Epp,Corporate,United States,Lakeland,Florida,33801.0,South,FUR-CH-10003312,FURNITURE,Chairs,Hon 2090 “Pillow Soft” Series Mid Back Swivel/Tilt Chairs,1123.92,5,0.2,-182.64 USD
669,CA-2014-156314,2014-12-24,12/26/2014,First Class,RP-19390,Resi Pölking,Consumer,United States,Cleveland,Ohio,44105.0,east,FUR-FU-10003096,Furniture,Furnishings,"Master Giant Foot Doorstop, Safety Yellow",  $30.36  ,5,0.2,$ 8.73
4904,CA-2017-110884,07-Mar-2017,3/12/2017,Standard Class,SH-20395,Shahid Hopkins,Consumer,United States,New York City,New York,10035.0,  East  ,OFF-LA-10003510,Office Supplies,Labels,"Avery 4027 File Folder Labels for Dot Matrix Printers, 5000 Labels per Box, White",91.59,3,0.0,N/A
3051,US-2017-148054,2017/10/06 00:00:00,10/11/2017,STANDARD CLASS,NZ-18565,Nick Zandusky,Home Office,United States,Meridian,Idaho,83642.0,  West  ,FUR-FU-10003247,Furniture,Furnishings,36X48 HARDFLOOR CHAIRMAT,$ 41.96,2,0.0,  $2.94  
3059,CA-2017-131492,10/19/2017,10/24/2017,Second Class,HH-15010,Hilary Holden,Corporate,United States,San Francisco,California,94110.0,WEST,FUR-FU-10003878,Furniture,Furnishings,"Linden 10"" Round Wall Clock, Black",  $30.56  ,2,0.0,10.39 USD
108,CA-2017-119004,23-Nov-2017,11/28/2017,Standard Class,JM-15250,Janet Martin,  Consumer  ,United States,Charlotte,North Carolina,28205.0,South,TEC-PH-10002844,Technology,Phones,Speck Products Candyshell Flip Case,-,1,0.2,2.0994
3743,CA-2016-137848,2016/01/15 00:00:00,1/21/2016,Standard Class,WB-21850,William Brown,  Consumer  ,United States,New York City,New York,10011.0,EAST,OFF-PA-10004285,office supplies,Paper,Xerox 1959,60.12 USD,9,0.0,28.8576
4769,CA-2017-158883,2017-06-02,6/3/2017,same day,CS-11860,Cari Schnelling,consumer,United States,Jacksonville,North Carolina,28540.0,SOUTH,OFF-PA-10004733,office supplies,Paper,Things To Do Today Spiral Book,25.344,4,0.2,9.1872
5324,CA-2017-134439,09/18/2017,9/23/2017,Second Class,TM-21010,Tamara Manning,Consumer,United States,Grand Island,Nebraska,68801.0,Central,OFF-PA-10004082,  Office Supplies  ,Paper,"Adams Telephone Message Book w/Frequently-Called Numbers Space, 400 Messages per Book",15.96 USD,2,0.0,$ 7.98
734,CA-2017-131954,2017-01-21,1/25/2017,standard class,DS-13030,Darrin Sayre,  Home Office  ,United States,Seattle,Washington,98115.0,West,TEC-AC-10003610,TECHNOLOGY,Accessories,Logitech Illuminated - Keyboard,179.97,3,0.0,86.3856
8965,CA-2016-157280,2016-11-05,11/7/2016,First Class,LW-17125,Liz Willingham,consumer,United States,Virginia Beach,Virginia,23464.0,  South  ,FUR-FU-10003806,FURNITURE,Furnishings,"Tenex Chairmat w/ Average Lip, 45"" x 53""",756.8,5,0.0,75.68
4823,CA-2016-134222,07/10/2016,7/11/2016,same day,NZ-18565,Nick Zandusky,Home Office,United States,Yuma,Arizona,85364.0,WEST,OFF-BI-10001658,Office Supplies,Binders,GBC Standard Therm-A-Bind Covers,44.856,6,0.7,-35.8848
7135,CA-2017-141439,2017-11-26,12/1/2017,Standard Class,TT-21460,Tonja Turnell,Home Office,United States,Richmond,Indiana,47374.0,Central,TEC-PH-10001819,Technology,Phones,Innergie mMini Combo Duo USB Travel Charging Kit,89.98,2,0.0,-
8519,CA-2017-118003,12/04/2017,12/10/2017,  Standard Class  ,DO-13645,Doug O'Connell,  Consumer  ,United States,Paterson,New Jersey,7501.0,  East  ,FUR-FU-10002506,  Furniture  ,Furnishings,"Tensor ""Hersey Kiss"" Styled Floor Lamp",12.99 USD,1,0.0,$ 1.56
9405,CA-2017-141663,2017-04-13,4/17/2017,STANDARD CLASS,DP-13105,Dave Poirier,corporate,United States,Philadelphia,Pennsylvania,19134.0,East,OFF-FA-10004076,Office Supplies,Fasteners,Translucent Push Pins by OIC,7.92,5,0.2,1.683
8053,CA-2014-109904,2014-07-14,7/17/2014,Second Class,BF-10975,Barbara Fisher,Corporate,United States,New York City,New York,10009.0,  East  ,OFF-AR-10004999,  Office Supplies  ,Art,Newell 315,17.94 USD,3,0.0,4.485
36,CA-2016-117590,2016-12-08,12/10/2016,First Class,GH-14485,Gene Hale,  Corporate  ,United States,Richardson,Texas,75080.0,central,TEC-PH-10004977,technology,Phones,GE 30524EE4,1097.544,7,0.2,$ 123.47
6743,US-2017-101784,07/06/2017,7/11/2017,standard class,PO-18850,Patrick O'Brill,Consumer,United States,Los Angeles,California,,  West  ,FUR-CH-10001146,Furniture,Chairs,"Global Task Chair, Black",122.136,3,0.2,-13.7403
1878,CA-2017-118885,2017/12/29 00:00:00,1/2/2018,standard class,JG-15160,James Galang,consumer,United States,Los Angeles,California,90049.0,West,FUR-CH-10002880,  Furniture  ,Chairs,"Global High-Back Leather Tilter, Burgundy",393.568,4,0.2,-44.28 USD
9240,CA-2017-110310,10/27/2017,11/2/2017,Standard Class,NB-18655,Nona Balk,  Corporate  ,United States,Tallahassee,Florida,32303.0,South,OFF-PA-10001685,  Office Supplies  ,Paper,Easy-staple paper,56.784,7,0.2,20.58 USD
6120,CA-2017-143378,09/19/2017,9/25/2017,  Standard Class  ,JR-16210,Justin Ritter,corporate,United States,Springfield,Oregon,97477.0,West,OFF-AR-10001915,OFFICE SUPPLIES,Art,Peel-Off China Markers,$ 23.83,3,0.2,6.5538
2288,US-2017-112928,06/01/2017,6/5/2017,SECOND CLASS,BB-10990,Barry Blumstein,Corporate,United States,Toledo,Ohio,,East,OFF-AP-10002287,Office Supplies,Appliances,"Eureka Sanitaire  Multi-Pro Heavy-Duty Upright, Disposable Bags",$ 17.48,5,0.2,1.311
2996,US-2014-150532,2014-07-14,7/21/2014,STANDARD CLASS,PB-19150,,  Consumer  ,United States,Phoenix,Arizona,85023.0,  West  ,OFF-ST-10000760,OFFICE SUPPLIES,Storage,Eldon Fold 'N Roll Cart System,55.92 USD,5,0.2,6.291
9044,CA-2016-168830,2016/11/07 00:00:00,11/13/2016,STANDARD CLASS,ML-17395,Marina Lichtenstein,Corporate,United States,San Francisco,California,94122.0,west,TEC-AC-10003911,Technology,Accessories,NETGEAR AC1750 Dual Band Gigabit Smart WiFi Router,479.97 USD,3,0.0,163.1898
1727,CA-2015-127453,19-Dec-2015,12/20/2015,first class,JK-15370,Jay Kimmel,CONSUMER,United States,Philadelphia,Pennsylvania,,East,OFF-AP-10003860,Office Supplies,Appliances,Fellowes Advanced 8 Outlet Surge Suppressor with Phone/Fax Protection,88.832,4,0.2,N/A
4923,CA-2017-114055,2017-12-25,12/29/2017,second class,MH-18115,Mick Hernandez,Home Office,United States,Huntsville,Alabama,35810.0,South,OFF-FA-10003059,office supplies,Fasteners,Assorted Color Push Pins,$ 3.62,2,0.0,-
361,CA-2017-155698,03/08/2017,3/11/2017,First Class,VB-21745,Victoria Brennan,CORPORATE,United States,Columbus,Georgia,31907.0,SOUTH,OFF-LA-10001158,office supplies,Labels,"Avery Address/Shipping Labels for Typewriters, 4"" x 2""",20.70 USD,2,0.0,9.94 USD
2907,CA-2017-121615,Pending,11/9/2017,STANDARD CLASS,DL-12925,Daniel Lacy,  Consumer  ,United States,Eagan,Minnesota,55122.0,Central,OFF-PA-10000327,Office Supplies,Paper,Xerox 1971,8.56,2,0.0,$ 3.85
8799,US-2016-150140,04/06/2016,4/10/2016,STANDARD CLASS,VM-21685,Valerie Mitchum,HOME OFFICE,United States,Burlington,Vermont,5408.0,  East  ,TEC-PH-10002555,Technology,Phones,Nortel Meridian M5316 Digital phone,"$ 1,294.75",5,0.0,N/A
3413,CA-2016-100244,2016-09-20,9/24/2016,Standard Class,GM-14695,Greg Maxwell,  Corporate  ,United States,San Francisco,California,94122.0,West,OFF-AR-10000940,  Office Supplies  ,Art,Newell 343,11.76,4,0.0,3.1752
2493,CA-2014-144624,Pending,11/23/2014,  Standard Class  ,JM-15865,John Murray,CONSUMER,United States,Jamestown,New York,14701.0,East,TEC-PH-10002885,Technology,Phones,Apple iPhone 5,"$ 4,548.81",7,0.0,"1,228.18 USD"
2992,CA-2016-139010,02/21/2016,2/26/2016,SECOND CLASS,MC-17635,Matthew Clasen,Corporate,United States,Los Angeles,California,90032.0,  West  ,OFF-BI-10002309,Office Supplies,Binders,Avery Heavy-Duty EZD  Binder With Locking Rings,31.248,7,0.2,10.9368
7200,US-2015-156797,08/11/2015,8/15/2015,  Standard Class  ,PO-19180,Philisse Overcash,home office,United States,New York City,New York,10035.0,East,TEC-PH-10004614,Technology,Phones,AT&T 841000 Phone,138.0,2,0.0,  $34.50  
4402,CA-2016-131737,17-Mar-2016,3/17/2016,Same Day,GZ-14470,Gary Zandusky,CONSUMER,United States,Columbia,Maryland,21044.0,east,FUR-FU-10004306,FURNITURE,Furnishings,Electrix Halogen Magnifier Lamp,$ 971.50,5,0.0,-
6888,CA-2017-120222,2017/04/25 00:00:00,5/2/2017,  Standard Class  ,LL-16840,Lauren Leatherbury,CONSUMER,United States,Los Angeles,California,,West,OFF-PA-10004675,OFFICE SUPPLIES,Paper,"Telephone Message Books with Fax/Mobile Section, 5 1/2"" x 3 3/16""",$ 19.05,3,0.0,8.76 USD
5995,CA-2016-162187,12/11/2016,12/11/2016,  Same Day  ,NS-18640,Noel Staavos,Corporate,United States,Columbus,Ohio,43229.0,East,OFF-SU-10004782,Office Supplies,Supplies,"Elite 5"" Scissors",13.52 USD,2,0.2,1.69
7671,CA-2015-130974,2015-11-27,11/29/2015,Second Class,MA-17560,Matt Abelman,HOME OFFICE,United States,Everett,Massachusetts,2149.0,EAST,TEC-AC-10003095,TECHNOLOGY,Accessories,Logitech G35 7.1-Channel Surround Sound Headset,259.98,2,0.0,$ 88.39
5507,US-2016-162026,2016-10-08,10/8/2016,same day,JE-15745,Joel Eaton,Consumer,United States,Los Angeles,California,90036.0,west,OFF-PA-10000167,OFFICE SUPPLIES,Paper,Xerox 1925,61.96,2,0.0,27.88 USD
624,CA-2015-138009,2015-11-29,12/3/2015,standard class,SF-20965,Sylvia Foulston,corporate,United States,Dearborn,Michigan,48126.0,  Central  ,OFF-AP-10000179,  Office Supplies  ,Appliances,Honeywell Enviracaire Portable HEPA Air Cleaner for up to 10 x 16 Room,555.21,5,0.1,N/A
8441,CA-2016-158302,12/08/2016,12/12/2016,Second Class,JB-16045,Julia Barnett,home office,United States,Columbus,Ohio,43229.0,East,OFF-PA-10002615,  Office Supplies  ,Paper,"Ampad Gold Fibre Wirebound Steno Books, 6"" x 9"", Gregg Ruled",  $10.58  ,3,0.2,$ 3.44
1958,CA-2017-157987,2017-09-02,9/6/2017,standard class,AC-10615,Ann Chong,Corporate,United States,New York City,New York,10009.0,EAST,OFF-PA-10003893,Office Supplies,Paper,Xerox 1962,$ 17.12,4,0.0,7.704
2890,CA-2017-164049,2017-11-02,11/6/2017,Standard Class,KH-16630,Ken Heidel,  Corporate  ,United States,Seattle,Washington,98105.0,west,OFF-PA-10000791,office supplies,Paper,"Wirebound Message Books, Four 2 3/4 x 5 Forms per Page, 200 Sets per Book",-,5,0.0,10.73 USD
4124,CA-2017-133823,05/11/2017,5/12/2017,same day,LP-17080,Liz Pelletier,Consumer,United States,Seattle,Washington,98103.0,  West  ,OFF-BI-10000962,  Office Supplies  ,Binders,"Acco Flexible ACCOHIDE Square Ring Data Binder, Dark Blue, 11 1/2"" X 14"" 7/8""",-,2,0.2,9.44 USD
6138,US-2016-142251,2016-10-31,11/4/2016,Second Class,FO-14305,Frank Olsen,Consumer,United States,Hollywood,Florida,33021.0,South,OFF-PA-10002986,  Office Supplies  ,Paper,Xerox 1898,32.064,6,0.2,11.22 USD
533,US-2017-129441,2017/09/07 00:00:00,9/11/2017,Standard Class,JC-15340,Jasper Cacioppo,CONSUMER,United States,Los Angeles,California,90032.0,WEST,FUR-FU-10000448,Furniture,Furnishings,Tenex Chairmats For Use With Carpeted Floors,47.94 USD,3,0.0,2.40 USD
5685,CA-2014-164315,02-Apr-2014,4/8/2014,standard class,RD-19585,Rob Dowd,CONSUMER,United States,Athens,Georgia,30605.0,  South  ,OFF-AP-10003842,office supplies,Appliances,Euro-Pro Shark Turbo Vacuum,154.90 USD,5,0.0,40.27 USD
9960,CA-2017-137421,10/06/2017,10/11/2017,  Standard Class  ,AJ-10945,Ashley Jarboe,CONSUMER,United States,Chandler,Arizona,85224.0,  West  ,OFF-AR-10001761,Office Supplies,Art,Avery Hi-Liter Smear-Safe Highlighters,9.34 USD,2,0.2,1.87 USD
7310,CA-2017-112172,2017-06-10,6/14/2017,Second Class,MM-18280,Muhammed MacIntyre,Corporate,United States,New York City,New York,10024.0,East,OFF-FA-10004395,office supplies,Fasteners,Plymouth Boxed Rubber Bands by Plymouth,$ 14.13,3,0.0,0.7065
440,CA-2017-157252,01/20/2017,1/23/2017,SECOND CLASS,CV-12805,Cynthia Voltz,CORPORATE,United States,New York City,New York,10024.0,  East  ,FUR-CH-10003396,Furniture,Chairs,Global Deluxe Steno Chair,  $207.85  ,3,0.1,$ 2.31
4925,CA-2017-114055,2017-12-25,12/29/2017,second class,MH-18115,Mick Hernandez,Home Office,United States,Huntsville,Alabama,35810.0,South,TEC-PH-10002890,technology,Phones,AT&T 17929 Lendline Telephone,  $90.48  ,2,0.0,23.52 USD
2827,US-2014-112914,2014-09-25,9/30/2014,Standard Class,MT-18070,Michelle Tran,home office,United States,Houston,Texas,77041.0,Central,OFF-BI-10002982,office supplies,Binders,Avery Self-Adhesive Photo Pockets for Polaroid Photos,N/A,2,0.8,-4.3584
7460,CA-2015-137974,2015-04-16,4/18/2015,First Class,LL-16840,Lauren Leatherbury,Consumer,United States,Waynesboro,Virginia,22980.0,SOUTH,FUR-BO-10001519,  Furniture  ,Bookcases,O'Sullivan 3-Shelf Heavy-Duty Bookcases,523.26,9,0.0,125.5824
5837,CA-2015-101868,Pending,6/16/2015,standard class,MJ-17740,,Consumer,United States,Miami,Florida,33178.0,South,TEC-AC-10004396,Technology,Accessories,Logitech Keyboard K120,$ 72.60,5,0.2,$ -8.17
3888,CA-2014-100895,2014-06-02,6/6/2014,Standard Class,SV-20785,Stewart Visinsky,  Consumer  ,United States,Roswell,Georgia,30076.0,South,OFF-AR-10004511,OFFICE SUPPLIES,Art,"Sanford Colorific Scented Colored Pencils, 12/Pack",  $8.56  ,2,0.0,$ 2.65
1982,CA-2015-119592,12/14/2015,12/16/2015,  Second Class  ,MM-18280,Muhammed MacIntyre,Corporate,United States,Columbus,Georgia,31907.0,south,OFF-BI-10004187,Office Supplies,Binders,3-ring staple pack,3.76,2,0.0,1.8048
2292,CA-2015-149342,04/20/2015,4/25/2015,Standard Class,TS-21160,Theresa Swint,  Corporate  ,United States,Columbus,Georgia,31907.0,south,FUR-FU-10002937,furniture,Furnishings,"GE 48"" Fluorescent Tube, Cool White Energy Saver, 34 Watts, 30/Box",595.38,6,0.0,$ 297.69
1517,CA-2017-148446,2017/12/10 00:00:00,12/14/2017,  Second Class  ,MC-17845,Michael Chen,  Consumer  ,United States,North Las Vegas,Nevada,89031.0,  West  ,FUR-TA-10004256,  Furniture  ,Tables,Bretford “Just In Time” Height-Adjustable Multi-Task Work Tables,"$ 1,669.60",4,0.0,$ 116.87
3379,CA-2017-142867,2017-03-17,3/21/2017,Standard Class,PO-19180,Philisse Overcash,  Home Office  ,United States,Houston,Texas,77095.0,Central,OFF-BI-10003166,OFFICE SUPPLIES,Binders,GBC Plasticlear Binding Covers,$ 13.78,6,0.8,N/A
1609,US-2016-115819,19-Apr-2016,4/24/2016,Second Class,JO-15280,Jas O'Carroll,  Consumer  ,United States,Los Angeles,California,90049.0,  West  ,OFF-PA-10002377,Office Supplies,Paper,"Adams Telephone Message Book W/Dividers/Space For Phone Numbers, 5 1/4""X8 1/2"", 200/Messages",$ 22.72,4,0.0,$ 10.22
7533,CA-2016-107146,17-Jun-2016,6/19/2016,First Class,LC-16885,Lena Creighton,Consumer,United States,Longmont,Colorado,80501.0,West,FUR-CH-10004853,Furniture,Chairs,"Global Manager's Adjustable Task Chair, Storm",$ 483.14,4,0.2,54.3528
2228,CA-2017-130771,29-Jul-2017,8/3/2017,Standard Class,LA-16780,Laura Armstrong,  Corporate  ,United States,Austin,Texas,78745.0,central,TEC-PH-10002496,technology,Phones,Cisco SPA301,$ 124.79,1,0.2,$ 15.60
6855,US-2017-162670,23-Dec-2017,12/28/2017,Second Class,MF-18250,Monica Federle,Corporate,United States,Little Rock,Arkansas,72209.0,SOUTH,OFF-ST-10001522,office supplies,Storage,"Gould Plastics 18-Pocket Panel Bin, 34w x 5-1/4d x 20-1/2h",$ 367.96,4,0.0,N/A
9874,CA-2016-100587,10-Dec-2016,12/14/2016,Standard Class,SL-20155,Sara Luxemburg,  Home Office  ,United States,New York City,New York,10024.0,East,OFF-PA-10004609,OFFICE SUPPLIES,Paper,Xerox 221,N/A,1,0.0,3.1104
674,CA-2017-130351,05-Dec-2017,12/8/2017,  First Class  ,RB-19570,Rob Beeghly,Consumer,United States,Columbus,Indiana,47201.0,  Central  ,OFF-AP-10004532,Office Supplies,Appliances,Kensington 6 Outlet Guardian Standard Surge Protector,$ 61.44,3,0.0,16.59 USD
7220,CA-2015-150770,05/03/2015,5/6/2015,  First Class  ,LC-16870,Lena Cacioppo,Consumer,United States,San Francisco,California,94109.0,West,OFF-BI-10001575,OFFICE SUPPLIES,Binders,GBC Linen Binding Covers,$ 49.57,2,0.2,$ 17.35
8366,CA-2017-157273,01/30/2017,2/2/2017,FIRST CLASS,SZ-20035,Sam Zeldin,home office,United States,Seattle,Washington,98105.0,west,TEC-PH-10002275,technology,Phones,Mitel 5320 IP Phone VoIP phone,-,4,0.2,60.48 USD
4550,CA-2015-126557,12-Jul-2015,7/17/2015,  Second Class  ,RL-19615,Rob Lucas,consumer,United States,Chicago,Illinois,60610.0,Central,TEC-PH-10003963,Technology,Phones,GE 2-Jack Phone Line Splitter,659.168,4,0.2,49.44 USD
2151,US-2017-139969,2017-11-19,11/26/2017,Standard Class,AF-10870,Art Ferguson,Consumer,United States,College Station,Texas,77840.0,CENTRAL,FUR-CH-10001973,Furniture,Chairs,Office Star Flex Back Scooter Chair with White Frame,  $233.06  ,3,0.3,$ -53.27
6572,CA-2014-100678,2014-04-18,4/22/2014,standard class,KM-16720,Kunst Miller,CONSUMER,United States,Houston,Texas,77095.0,Central,TEC-AC-10000474,TECHNOLOGY,Accessories,Kensington Expert Mouse Optical USB Trackball for PC or Mac,$ 227.98,3,0.2,$ 28.50
3313,US-2014-133130,27-Sep-2014,10/1/2014,standard class,TH-21100,Thea Hendricks,Consumer,United States,San Diego,California,92037.0,West,FUR-CH-10002602,Furniture,Chairs,DMI Arturo Collection Mission-style Design Wood Chair,603.92,5,0.2,45.294
1156,CA-2014-136567,12/20/2014,12/21/2014,First Class,PS-19045,Penelope Sewall,Home Office,United States,Harrisonburg,Virginia,22801.0,South,FUR-TA-10001932,  Furniture  ,Tables,"Chromcraft 48"" x 96"" Racetrack Double Pedestal Table","$ 2,244.48",7,0.0,N/A
4705,CA-2016-158435,2016/05/17 00:00:00,5/18/2016,FIRST CLASS,AG-10900,Arthur Gainer,  Consumer  ,United States,Waterbury,Connecticut,6708.0,EAST,OFF-SU-10000381,Office Supplies,Supplies,Acme Forged Steel Scissors with Black Enamel Handles,$ 65.17,7,0.0,18.90 USD
8865,CA-2015-125934,2015/09/11 00:00:00,9/18/2015,Standard Class,SN-20560,Skye Norling,HOME OFFICE,United States,Paterson,New Jersey,7501.0,east,OFF-PA-10000556,OFFICE SUPPLIES,Paper,Xerox 208,$ 38.88,6,0.0,18.6624
762,CA-2017-126046,2017-11-03,11/7/2017,STANDARD CLASS,JC-16105,Julie Creighton,Corporate,United States,Atlanta,Georgia,30318.0,SOUTH,OFF-LA-10004484,Office Supplies,Labels,Avery 476,12.39,3,0.0,5.6994
7568,CA-2017-140802,2017-04-21,4/23/2017,FIRST CLASS,KN-16390,Katherine Nockton,Corporate,United States,Houston,Texas,77070.0,central,OFF-PA-10001534,Office Supplies,Paper,Xerox 230,20.736,4,0.2,7.26 USD
1570,CA-2017-165029,2017-11-26,11/30/2017,  Standard Class  ,AH-10075,Adam Hart,Corporate,United States,Atlanta,Georgia,30318.0,  South  ,OFF-AR-10003504,Office Supplies,Art,Newell 347,12.84 USD,3,0.0,$ 3.72
260,CA-2017-163139,Pending,12/3/2017,Second Class,CC-12670,Craig Carreira,CONSUMER,United States,New York City,New York,10009.0,East,OFF-ST-10002790,  Office Supplies  ,Storage,Safco Industrial Shelving,221.55,3,0.0,6.6465
7826,CA-2015-127327,2015/02/03 00:00:00,2/7/2015,Standard Class,PW-19030,Pauline Webber,Corporate,United States,Rome,New York,,  East  ,FUR-CH-10004218,  Furniture  ,Chairs,"Global Fabric Manager's Chair, Dark Gray",$ 90.88,1,0.1,15.147
1189,CA-2017-117212,02/26/2017,2/28/2017,SECOND CLASS,BT-11530,,Home Office,United States,Los Angeles,California,90036.0,West,OFF-AP-10004532,Office Supplies,Appliances,Kensington 6 Outlet Guardian Standard Surge Protector,  $81.92  ,4,0.0,22.12 USD
7423,US-2016-114013,03/13/2016,3/15/2016,SECOND CLASS,SC-20770,Stewart Carmichael,Corporate,United States,Philadelphia,Pennsylvania,19134.0,East,TEC-MA-10001148,TECHNOLOGY,Machines,Okidata MB491 Multifunction Printer,$ 449.10,3,0.7,-643.71
5555,US-2014-159618,11/12/2014,11/16/2014,STANDARD CLASS,DB-12970,,Corporate,United States,Houston,Texas,77036.0,central,FUR-BO-10004467,furniture,Bookcases,Bestar Classic Bookcase,-,1,0.32,-12.9987
1898,CA-2014-169775,29-Aug-2014,9/2/2014,Second Class,RA-19945,Ryan Akin,consumer,United States,Miami,Florida,33178.0,  South  ,OFF-EN-10001749,Office Supplies,Envelopes,Jiffy Padded Mailers with Self-Seal Closure,$ 29.81,2,0.2,$ 10.81
4962,CA-2014-156587,Pending,3/8/2014,First Class,AB-10015,Aaron Bergman,  Consumer  ,United States,Seattle,Washington,98103.0,west,FUR-CH-10004477,  Furniture  ,Chairs,"Global Push Button Manager's Chair, Indigo",48.712,1,0.2,5.48 USD
6885,CA-2015-120677,2015-05-31,6/4/2015,STANDARD CLASS,BD-11320,Bill Donatelli,CONSUMER,United States,Minneapolis,Minnesota,,Central,FUR-CH-10002320,furniture,Chairs,Hon Pagoda Stacking Chairs,2567.84,8,0.0,  $770.35  
7475,CA-2014-167199,2014-01-06,1/10/2014,  Standard Class  ,ME-17320,Maria Etezadi,HOME OFFICE,United States,Henderson,Kentucky,42420.0,south,FUR-CH-10004063,FURNITURE,Chairs,Global Deluxe High-Back Manager's Chair,"2,573.82 USD",9,0.0,  $746.41  
7502,CA-2017-121048,07/14/2017,7/18/2017,Standard Class,TC-21295,Toby Carlisle,CONSUMER,United States,Westminster,California,92683.0,West,TEC-PH-10004977,Technology,Phones,GE 30524EE4,  $470.38  ,3,0.2,  $52.92  
9808,CA-2017-107209,2017/07/27 00:00:00,8/1/2017,Second Class,JW-15955,Joni Wasserman,consumer,United States,Raleigh,North Carolina,27604.0,  South  ,FUR-CH-10001146,furniture,Chairs,"Global Value Mid-Back Manager's Chair, Gray",194.848,4,0.2,12.18 USD
3252,CA-2017-119389,04/17/2017,4/19/2017,First Class,BG-11740,Bruce Geld,CONSUMER,United States,Philadelphia,Pennsylvania,19120.0,East,FUR-FU-10001473,Furniture,Furnishings,"Eldon Executive Woodline II Desk Accessories, Mahogany",$ 60.31,3,0.2,-
312,CA-2016-142902,09/12/2016,9/14/2016,Second Class,BP-11185,Ben Peterman,Corporate,United States,Arvada,Colorado,80004.0,West,FUR-FU-10001756,furniture,Furnishings,"Eldon Expressions Desk Accessory, Wood Photo Frame, Mahogany",15.232,1,0.2,1.71 USD
9670,CA-2017-145275,2017-04-02,4/6/2017,STANDARD CLASS,AH-10465,Amy Hunt,  Consumer  ,United States,Decatur,Alabama,35601.0,south,OFF-LA-10001569,OFFICE SUPPLIES,Labels,Avery 499,N/A,3,0.0,$ 6.87
305,CA-2015-144253,2015/05/04 00:00:00,5/9/2015,SECOND CLASS,AS-10225,Alan Schoenberger,  Corporate  ,United States,New York City,New York,10024.0,East,FUR-FU-10002671,FURNITURE,Furnishings,Electrix 20W Halogen Replacement Bulb for Zoom-In Desk Lamp,26.8,2,0.0,  $12.86  
5172,CA-2016-122903,05/27/2016,5/29/2016,second class,LA-16780,Laura Armstrong,Corporate,United States,Detroit,Michigan,48205.0,Central,OFF-PA-10001790,Office Supplies,Paper,Xerox 1910,$ 144.12,3,0.0,N/A
4066,CA-2014-102673,2014/11/01 00:00:00,11/5/2014,  Standard Class  ,KH-16630,Ken Heidel,corporate,United States,Charlotte,North Carolina,28205.0,South,OFF-FA-10003021,OFFICE SUPPLIES,Fasteners,Staples,7.52,5,0.2,1.41 USD
4000,US-2015-149629,2015-07-17,7/20/2015,SECOND CLASS,MP-17965,Michael Paige,CORPORATE,United States,Port Saint Lucie,Florida,,South,FUR-BO-10004709,Furniture,Bookcases,"Bush Westfield Collection Bookcases, Medium Cherry Finish",$ 231.92,5,0.2,5.798
8230,CA-2016-123050,04-Apr-2016,4/8/2016,second class,BC-11125,Becky Castell,  Home Office  ,United States,Troy,New York,12180.0,EAST,TEC-AC-10001109,TECHNOLOGY,Accessories,Logitech Trackman Marble Mouse,89.97,3,0.0,37.7874
9407,CA-2014-152618,2014/03/14 00:00:00,3/17/2014,FIRST CLASS,RB-19465,Rick Bensley,Home Office,United States,Chicago,Illinois,60653.0,Central,OFF-PA-10001215,Office Supplies,Paper,Xerox 1963,-,2,0.2,N/A
4683,CA-2016-127698,12/01/2016,12/1/2016,same day,MV-18190,Mike Vittorini,  Consumer  ,United States,Raleigh,North Carolina,27604.0,SOUTH,TEC-PH-10003811,  Technology  ,Phones,Jabra Supreme Plus Driver Edition Headset,863.928,9,0.2,86.3928
8790,CA-2017-126914,06/15/2017,6/19/2017,  Standard Class  ,JE-15715,Joe Elijah,consumer,United States,Monroe,North Carolina,28110.0,SOUTH,FUR-BO-10000468,  Furniture  ,Bookcases,O'Sullivan 2-Shelf Heavy-Duty Bookcases,77.73 USD,2,0.2,-
5550,CA-2014-159800,2014-11-28,12/1/2014,  First Class  ,SG-20470,Sheri Gordon,Consumer,United States,San Francisco,California,94109.0,west,TEC-AC-10003447,  Technology  ,Accessories,Micropad Numeric Keypads,139.93 USD,7,0.0,$ 34.98
3310,CA-2015-144386,05-Nov-2015,11/11/2015,  Standard Class  ,GT-14635,Grant Thornton,Corporate,United States,New York City,New York,10009.0,EAST,OFF-BI-10001116,  Office Supplies  ,Binders,"Wilson Jones 1"" Hanging DublLock Ring Binders",25.34 USD,6,0.2,-
4985,CA-2015-160696,09/06/2015,9/10/2015,standard class,CK-12760,Cyma Kinney,corporate,United States,Nashville,Tennessee,37211.0,  South  ,OFF-FA-10003059,office supplies,Fasteners,Assorted Color Push Pins,7.24 USD,5,0.2,$ 1.18
9005,CA-2015-102855,2015-04-05,4/6/2015,same day,JF-15415,Jennifer Ferguson,  Consumer  ,United States,Spokane,Washington,99207.0,  West  ,OFF-AR-10002467,  Office Supplies  ,Art,Dixon Ticonderoga Pencils,$ 23.84,8,0.0,6.4368
583,CA-2017-145233,01-Dec-2017,12/5/2017,  Standard Class  ,DV-13465,Dianna Vittorini,CONSUMER,United States,Denver,Colorado,80219.0,West,TEC-PH-10000586,technology,Phones,AT&T SB67148 SynJ,105.584,2,0.2,$ 9.24
9738,CA-2017-129294,2017-03-16,3/21/2017,Standard Class,KD-16615,Ken Dana,  Corporate  ,United States,Los Angeles,California,90032.0,  West  ,OFF-ST-10002615,OFFICE SUPPLIES,Storage,"Dual Level, Single-Width Filing Carts",310.12 USD,2,0.0,  $80.63  
6251,CA-2017-121580,29-May-2017,6/4/2017,STANDARD CLASS,ML-17410,Maris LaWare,consumer,United States,Columbus,Indiana,47201.0,Central,OFF-PA-10004082,Office Supplies,Paper,"Adams Telephone Message Book w/Frequently-Called Numbers Space, 400 Messages per Book",7.98 USD,1,0.0,3.99
1761,CA-2015-130785,09/05/2015,9/9/2015,Standard Class,AG-10900,Arthur Gainer,CONSUMER,United States,San Diego,California,92105.0,WEST,FUR-BO-10000330,  Furniture  ,Bookcases,"Sauder Camden County Barrister Bookcase, Planked Cherry Finish",N/A,4,0.15,$ -4.84
8411,CA-2016-130820,2016-11-15,11/15/2016,Same Day,ON-18715,Odella Nelson,corporate,United States,Burlington,North Carolina,27217.0,SOUTH,FUR-TA-10001768,  Furniture  ,Tables,Hon Racetrack Conference Tables,$ 630.02,4,0.4,-199.51 USD
7363,CA-2016-163594,2016-04-12,4/14/2016,FIRST CLASS,JF-15295,Jason Fortune-,Consumer,United States,Los Angeles,California,90036.0,west,OFF-BI-10003707,OFFICE SUPPLIES,Binders,Aluminum Screw Posts,36.624,3,0.2,  $13.73  
8118,US-2017-113201,2017-06-30,7/5/2017,STANDARD CLASS,TT-21220,,Consumer,United States,Los Angeles,California,90045.0,West,OFF-PA-10000675,Office Supplies,Paper,Xerox 1919,204.95,5,0.0,$ 100.43
5651,CA-2017-142342,07/17/2017,7/19/2017,  Second Class  ,AJ-10795,Anthony Johnson,Corporate,United States,Apple Valley,California,92307.0,  West  ,OFF-ST-10002957,  Office Supplies  ,Storage,Sterilite Show Offs Storage Containers,-,2,0.0,0.0
4618,CA-2015-117800,2015-09-21,9/26/2015,  Standard Class  ,TH-21550,Tracy Hopkins,home office,United States,Everett,Massachusetts,2149.0,east,TEC-PH-10002415,TECHNOLOGY,Phones,Polycom VoiceStation 500 Conference phone,$ 589.90,2,0.0,147.475
97,CA-2017-161018,2017/11/09 00:00:00,11/11/2017,Second Class,PN-18775,Parhena Norris,Home Office,United States,New York City,New York,10009.0,east,FUR-FU-10000629,furniture,Furnishings,9-3/4 Diameter Round Wall Clock,96.53 USD,7,0.0,40.54 USD
9984,US-2016-157728,2016-09-22,9/28/2016,standard class,RC-19960,Ryan Crowe,Consumer,United States,Grand Rapids,Michigan,49505.0,CENTRAL,TEC-PH-10001305,  Technology  ,Phones,Panasonic KX TS208W Corded phone,97.98,2,0.0,$ 27.43
5609,CA-2015-168634,12/06/2015,12/11/2015,Standard Class,AF-10870,Art Ferguson,consumer,United States,San Francisco,California,94109.0,West,OFF-AP-10001626,Office Supplies,Appliances,"Commercial WindTunnel Clean Air Upright Vacuum, Replacement Belts, Filtration Bags",7.78,2,0.0,  $2.02  
7598,CA-2014-131947,09/17/2014,9/22/2014,standard class,JA-15970,Joseph Airdo,  Consumer  ,United States,Springfield,Oregon,97477.0,  West  ,OFF-AR-10001473,  Office Supplies  ,Art,Newell 313,$ 5.25,2,0.2,0.46 USD
120,CA-2016-103730,2016-06-12,6/15/2016,FIRST CLASS,SC-20725,Steven Cartwright,consumer,United States,Wilmington,Delaware,19805.0,  East  ,FUR-FU-10002157,  Furniture  ,Furnishings,Artistic Insta-Plaque,47.04 USD,3,0.0,$ 18.35
252,CA-2016-145625,Pending,9/17/2016,Standard Class,KC-16540,Kelly Collister,CONSUMER,United States,San Diego,California,92037.0,west,TEC-AC-10003832,Technology,Accessories,Logitech P710e Mobile Speakerphone,3347.37,13,0.0,636.00 USD
6796,CA-2015-145394,16-Nov-2015,11/20/2015,Standard Class,MC-17605,Matt Connell,CORPORATE,United States,Chicago,Illinois,60610.0,central,FUR-FU-10001215,Furniture,Furnishings,"Howard Miller 11-1/2"" Diameter Brentwood Wall Clock",34.50 USD,2,0.6,$ -15.53
34,US-2015-150630,Pending,9/21/2015,Standard Class,TB-21520,Tracy Blumstein,consumer,United States,Philadelphia,Pennsylvania,19140.0,  East  ,OFF-AR-10001683,  Office Supplies  ,Art,Lumber Crayons,$ 15.76,2,0.2,3.55 USD
5736,CA-2014-111773,29-Jun-2014,7/3/2014,STANDARD CLASS,JK-15625,Jim Karlsson,  Consumer  ,United States,New York City,New York,10024.0,  East  ,OFF-BI-10000174,  Office Supplies  ,Binders,"Wilson Jones Clip & Carry Folder Binder Tool for Ring Binders, Clear",$ 13.92,3,0.2,4.872
3661,CA-2016-161676,07/18/2016,7/23/2016,Standard Class,JP-15460,Jennifer Patt,Corporate,United States,Glendale,Arizona,85301.0,West,OFF-SU-10004782,Office Supplies,Supplies,"Elite 5"" Scissors",  $33.80  ,5,0.2,4.225
5246,CA-2016-156265,2016/08/02 00:00:00,8/4/2016,SECOND CLASS,BF-11020,Barry Französisch,  Corporate  ,United States,Los Angeles,California,90032.0,  West  ,TEC-PH-10001918,Technology,Phones,Nortel Business Series Terminal T7208 Digital phone,$ 333.58,3,0.2,33.3576
6673,CA-2015-153794,09/11/2015,9/16/2015,Standard Class,SB-20290,Sean Braxton,Corporate,United States,San Diego,California,92024.0,West,OFF-AR-10000380,office supplies,Art,"Hunt PowerHouse Electric Pencil Sharpener, Blue",265.86 USD,7,0.0,79.758
322,CA-2014-164973,11/04/2014,11/9/2014,  Standard Class  ,NM-18445,Nathan Mautz,Home Office,United States,New York City,New York,,East,OFF-ST-10002974,Office Supplies,Storage,"Trav-L-File Heavy-Duty Shuttle II, Black",43.57,1,0.0,13.071
5121,CA-2014-149538,2014-04-04,4/8/2014,standard class,KB-16585,Ken Black,Corporate,United States,Lafayette,Louisiana,70506.0,SOUTH,OFF-ST-10004180,Office Supplies,Storage,Safco Commercial Shelving,$ 232.55,5,0.0,N/A
972,CA-2014-115791,2014/01/16 00:00:00,1/18/2014,Second Class,DL-13315,,  Consumer  ,United States,Philadelphia,Pennsylvania,,  East  ,TEC-PH-10004614,  Technology  ,Phones,AT&T 841000 Phone,-,3,0.4,-31.05 USD
9800,CA-2015-128608,12-Jan-2015,1/17/2015,Standard Class,CS-12490,Cindy Schnelling,corporate,United States,Toledo,Ohio,43615.0,  East  ,TEC-AC-10000487,technology,Accessories,SanDisk Cruzer 4 GB USB Flash Drive,$ 10.38,2,0.2,$ 2.21
6250,CA-2017-121580,05/29/2017,6/4/2017,  Standard Class  ,ML-17410,Maris LaWare,  Consumer  ,United States,Columbus,Indiana,47201.0,central,OFF-AP-10001564,OFFICE SUPPLIES,Appliances,Hoover Commercial Lightweight Upright Vacuum with E-Z Empty Dirt Cup,465.16 USD,2,0.0,120.94 USD
1072,CA-2016-152814,2016-04-28,5/2/2016,standard class,EH-14005,Erica Hernandez,HOME OFFICE,United States,Denver,Colorado,80219.0,west,OFF-PA-10001970,office supplies,Paper,Xerox 1881,$ 29.47,3,0.2,-
6028,CA-2017-136007,23-Feb-2017,3/2/2017,Standard Class,AC-10615,Ann Chong,corporate,United States,Seattle,Washington,98115.0,West,TEC-PH-10003589,  Technology  ,Phones,invisibleSHIELD by ZAGG Smudge-Free Screen Protector,$ 71.96,5,0.2,-
2359,US-2014-148838,Pending,3/21/2014,Standard Class,CP-12340,Christine Phan,  Corporate  ,United States,New York City,New York,10024.0,east,FUR-TA-10001950,Furniture,Tables,Balt Solid Wood Round Tables,1071.576,4,0.4,-553.6476
5823,CA-2017-117632,2017/05/12 00:00:00,5/18/2017,  Standard Class  ,CS-12175,Charles Sheldon,corporate,United States,San Francisco,California,,West,FUR-TA-10001520,Furniture,Tables,"Lesro Sheffield Collection Coffee Table, End Table, Center Table, Corner Table",285.48 USD,5,0.2,-10.7055
32,US-2015-150630,2015-09-17,9/21/2015,Standard Class,TB-21520,Tracy Blumstein,CONSUMER,United States,Philadelphia,Pennsylvania,19140.0,East,OFF-AR-10004042,  Office Supplies  ,Art,"BOSTON Model 1800 Electric Pencil Sharpeners, Putty/Woodgrain",86.304,6,0.2,9.71 USD
5665,CA-2016-141957,2016/07/21 00:00:00,7/21/2016,same day,JG-15310,Jason Gross,CORPORATE,United States,Newark,Ohio,43055.0,East,OFF-BI-10001116,  Office Supplies  ,Binders,"Wilson Jones 1"" Hanging DublLock Ring Binders",11.088,7,0.7,-8.1312
1618,CA-2015-130022,10-Aug-2015,8/16/2015,standard class,JK-16120,Julie Kriz,HOME OFFICE,United States,Eagan,Minnesota,55122.0,  Central  ,OFF-AR-10001915,  Office Supplies  ,Art,Peel-Off China Markers,29.79 USD,3,0.0,$ 12.51
30,US-2015-150630,2015-09-17,9/21/2015,Standard Class,TB-21520,Tracy Blumstein,  Consumer  ,United States,Philadelphia,Pennsylvania,19140.0,east,FUR-FU-10004848,  Furniture  ,Furnishings,"Howard Miller 13-3/4"" Diameter Brushed Chrome Round Wall Clock",$ 124.20,3,0.2,  $15.53  
1672,CA-2016-107615,22-Mar-2016,3/25/2016,first class,RB-19645,Robert Barroso,corporate,United States,North Las Vegas,Nevada,89031.0,West,TEC-AC-10001013,Technology,Accessories,Logitech ClearChat Comfort/USB Headset H390,$ 58.58,2,0.0,$ 19.33
7999,US-2014-148194,2014-05-04,5/7/2014,First Class,BS-11365,Bill Shonely,Corporate,United States,Seattle,Washington,98105.0,WEST,FUR-FU-10001852,Furniture,Furnishings,"Eldon Regeneration Recycled Desk Accessories, Smoke",12.18,7,0.0,N/A
1598,CA-2017-158876,11/19/2017,11/21/2017,SECOND CLASS,AB-10150,Aimee Bixby,Consumer,United States,Carrollton,Texas,75007.0,Central,OFF-PA-10000308,Office Supplies,Paper,Xerox 1901,16.896,4,0.2,5.28 USD
5506,CA-2017-127782,2017/11/02 00:00:00,11/6/2017,Standard Class,TH-21115,Thea Hudgings,Corporate,United States,Philadelphia,Pennsylvania,19140.0,East,TEC-PH-10001817,Technology,Phones,Wilson Electronics DB Pro Signal Booster,859.2,4,0.4,-186.16
107,CA-2017-119004,11/23/2017,11/28/2017,standard class,JM-15250,Janet Martin,CONSUMER,United States,Charlotte,North Carolina,28205.0,South,TEC-AC-10003499,  Technology  ,Accessories,Memorex Mini Travel Drive 8 GB USB 2.0 Flash Drive,74.11 USD,8,0.2,  $17.60  
1881,CA-2015-109512,2015-03-05,3/5/2015,  Same Day  ,LF-17185,Luke Foster,Consumer,United States,New York City,New York,10011.0,east,OFF-EN-10002621,office supplies,Envelopes,Staple envelope,$ 29.34,3,0.0,$ 14.67
4864,CA-2016-125164,2016/11/10 00:00:00,11/14/2016,STANDARD CLASS,SH-19975,Sally Hughsby,  Corporate  ,United States,New York City,New York,10011.0,East,OFF-BI-10003982,OFFICE SUPPLIES,Binders,Wilson Jones Century Plastic Molded Ring Binders,49.848,3,0.2,-
1278,CA-2016-148698,2016-05-02,5/7/2016,  Standard Class  ,BD-11770,Bryan Davis,CONSUMER,United States,Houston,Texas,77070.0,central,OFF-AR-10004022,Office Supplies,Art,Panasonic KP-380BK Classic Electric Pencil Sharpener,86.35 USD,3,0.2,5.40 USD
6015,CA-2016-159016,10-Mar-2016,3/11/2016,  First Class  ,KF-16285,Karen Ferguson,  Home Office  ,United States,Los Angeles,California,90008.0,WEST,TEC-PH-10002885,  Technology  ,Phones,Apple iPhone 5,"$ 4,158.91",8,0.2,363.9048
4773,CA-2017-119746,11/23/2017,11/27/2017,standard class,CM-12385,Christopher Martinez,Consumer,United States,Chicago,Illinois,,  Central  ,FUR-FU-10004909,Furniture,Furnishings,Contemporary Wood/Metal Frame,$ 6.46,1,0.6,  $-4.04  
2749,CA-2015-110247,12/04/2015,12/8/2015,  Standard Class  ,RH-19555,Ritsa Hightower,CONSUMER,United States,Tallahassee,Florida,32303.0,South,OFF-BI-10001553,Office Supplies,Binders,SpineVue Locking Slant-D Ring Binders by Cardinal,$ 8.23,3,0.7,-6.03 USD
5365,CA-2014-123477,2014-01-18,1/21/2014,Second Class,DW-13195,David Wiener,corporate,United States,Springfield,Oregon,97477.0,west,OFF-AP-10000692,Office Supplies,Appliances,Fellowes Mighty 8 Compact Surge Protector,64.864,4,0.2,$ 6.49
6464,US-2017-133361,05/14/2017,5/17/2017,First Class,AJ-10780,Anthony Jacobs,Corporate,United States,Baltimore,Maryland,21215.0,East,OFF-LA-10004544,Office Supplies,Labels,Avery 505,74.0,5,0.0,37.0
9353,CA-2017-148411,2017/09/24 00:00:00,9/26/2017,FIRST CLASS,RO-19780,Rose O'Brian,CONSUMER,United States,Chicago,Illinois,60623.0,CENTRAL,FUR-CH-10003973,Furniture,Chairs,GuestStacker Chair with Chrome Finish Legs,$ 520.46,2,0.3,-14.8704
1069,US-2017-139955,28-Sep-2017,9/30/2017,  Second Class  ,CM-12160,Charles McCrossin,consumer,United States,Brownsville,Texas,,Central,OFF-SU-10001935,office supplies,Supplies,Staple remover,  $1.74  ,1,0.2,-0.3488
9766,CA-2017-101959,28-Feb-2017,3/6/2017,Standard Class,DB-13660,,CONSUMER,United States,Middletown,Connecticut,6457.0,East,OFF-BI-10001757,office supplies,Binders,Pressboard Hanging Data Binders for Unburst Sheets,$ 9.84,2,0.0,4.7232
1361,CA-2017-125199,2017-10-19,10/25/2017,standard class,HM-14860,Harry Marie,CORPORATE,United States,Philadelphia,Pennsylvania,19120.0,east,OFF-AR-10002956,office supplies,Art,Boston 16801 Nautilus Battery Pencil Sharpener,123.256,7,0.2,9.2442
5263,CA-2014-105165,09/07/2014,9/10/2014,first class,SZ-20035,Sam Zeldin,Home Office,United States,Houston,Texas,77036.0,central,FUR-TA-10004154,Furniture,Tables,"Riverside Furniture Oval Coffee Table, Oval End Table, End Table with Drawer",200.79 USD,1,0.3,N/A
4316,CA-2015-115945,25-Jun-2015,7/1/2015,  Standard Class  ,AB-10165,Alan Barnes,CONSUMER,United States,Los Angeles,California,90045.0,West,OFF-BI-10004330,office supplies,Binders,"GBC Velobind Prepunched Cover Sets, Regency Series",88.752,3,0.2,$ 27.73
9440,US-2014-154655,2014/10/12 00:00:00,10/17/2014,Standard Class,BP-11050,Barry Pond,CORPORATE,United States,Chicago,Illinois,,Central,OFF-SU-10000898,office supplies,Supplies,"Acme Hot Forged Carbon Steel Scissors with Nickel-Plated Handles, 3 7/8"" Cut, 8""L",  $22.24  ,2,0.2,2.502
3972,CA-2015-132374,2015-02-22,2/24/2015,second class,PS-19045,Penelope Sewall,  Home Office  ,United States,Sterling Heights,Michigan,48310.0,CENTRAL,OFF-AR-10001615,Office Supplies,Art,Newell 34,79.36,4,0.0,$ 20.63
1254,CA-2017-144638,2017-03-10,3/14/2017,standard class,MH-18115,Mick Hernandez,HOME OFFICE,United States,Chester,Pennsylvania,,East,OFF-AR-10003958,  Office Supplies  ,Art,Newell 337,5.25 USD,2,0.2,N/A
6734,CA-2014-120096,04-Jul-2014,7/7/2014,FIRST CLASS,KE-16420,Katrina Edelman,  Corporate  ,United States,Aurora,Colorado,80013.0,  West  ,OFF-AP-10000692,Office Supplies,Appliances,Fellowes Mighty 8 Compact Surge Protector,32.432,2,0.2,N/A
656,CA-2016-137239,22-Aug-2016,8/28/2016,Standard Class,CR-12730,Craig Reiter,CONSUMER,United States,Columbus,Ohio,43229.0,EAST,OFF-BI-10002827,Office Supplies,Binders,Avery Durable Poly Binders,3.318,2,0.7,-2.6544
9607,US-2017-122672,04-Nov-2017,11/9/2017,STANDARD CLASS,HG-14965,Henry Goldwyn,CORPORATE,United States,Lancaster,Ohio,43130.0,east,OFF-ST-10002344,Office Supplies,Storage,"Carina 42""Hx23 3/4""W Media Storage Unit",194.352,3,0.2,-43.73 USD
9137,CA-2016-124254,2016/04/12 00:00:00,4/17/2016,standard class,TB-21175,Thomas Boland,  Corporate  ,United States,Wilson,North Carolina,27893.0,SOUTH,OFF-PA-10000807,  Office Supplies  ,Paper,"TOPS ""Important Message"" Pads, Canary, 4-1/4 x 5-1/2, 50 Sheets per Pad",10.272,3,0.2,$ 3.47
6260,CA-2015-150441,2015-08-13,8/17/2015,SECOND CLASS,RA-19285,Ralph Arnett,Consumer,United States,Richmond,Indiana,47374.0,Central,OFF-BI-10003529,  Office Supplies  ,Binders,Avery Round Ring Poly Binders,11.36,4,0.0,-
9691,CA-2017-140536,04-Apr-2017,4/5/2017,first class,TA-21385,Tom Ashbrook,Home Office,United States,New York City,New York,10035.0,East,OFF-AR-10001545,Office Supplies,Art,Newell 326,7.04 USD,4,0.0,2.0416
8540,CA-2017-147354,2017/03/09 00:00:00,3/13/2017,STANDARD CLASS,KB-16315,Karl Braun,CONSUMER,United States,Los Angeles,California,90008.0,WEST,TEC-CO-10000971,Technology,Copiers,Hewlett Packard 310 Color Digital Copier,  $479.98  ,2,0.2,$ 60.00
8720,CA-2016-120824,06/12/2016,6/16/2016,Second Class,AW-10930,Arthur Wiediger,HOME OFFICE,United States,Houston,Texas,77070.0,central,OFF-PA-10000232,  Office Supplies  ,Paper,Xerox 1975,$ 15.55,3,0.2,5.64 USD
6005,CA-2017-107244,07-Sep-2017,9/11/2017,Standard Class,AG-10390,Allen Goldenen,CONSUMER,United States,Los Angeles,California,90004.0,WEST,FUR-FU-10002597,furniture,Furnishings,"C-Line Magnetic Cubicle Keepers, Clear Polypropylene",  $19.76  ,4,0.0,N/A
591,US-2016-156986,03/20/2016,3/24/2016,Standard Class,ZC-21910,Zuschuss Carroll,  Consumer  ,United States,Salem,Oregon,,west,OFF-BI-10002498,Office Supplies,Binders,Clear Mylar Reinforcing Strips,$ 16.82,3,0.7,-12.90 USD
8431,US-2014-113124,2014-03-30,4/5/2014,standard class,NC-18340,Nat Carroll,CONSUMER,United States,Apple Valley,Minnesota,55124.0,  Central  ,OFF-ST-10001511,OFFICE SUPPLIES,Storage,Space Solutions Commercial Steel Shelving,129.3,2,0.0,$ 6.46
1370,US-2015-103471,24-Dec-2015,12/28/2015,Standard Class,JR-15670,Jim Radford,consumer,United States,Colorado Springs,Colorado,80906.0,west,FUR-BO-10002613,  Furniture  ,Bookcases,"Atlantic Metals Mobile 4-Shelf Bookcases, Custom Colors",590.06 USD,7,0.7,-786.744
9193,CA-2015-141810,11/02/2015,11/7/2015,STANDARD CLASS,BB-10990,Barry Blumstein,  Corporate  ,United States,San Antonio,Texas,78207.0,central,OFF-BI-10001524,Office Supplies,Binders,GBC Premium Transparent Covers with Diagonal Lined Pattern,29.372,7,0.8,-
7373,US-2017-123862,Pending,1/9/2017,SECOND CLASS,JF-15190,Jamie Frazer,  Consumer  ,United States,Long Beach,California,90805.0,West,OFF-ST-10002301,office supplies,Storage,Tennsco Commercial Shelving,61.02 USD,3,0.0,0.61 USD
9050,CA-2014-124513,09/21/2014,9/25/2014,Standard Class,SL-20155,Sara Luxemburg,  Home Office  ,United States,New York City,New York,10011.0,EAST,OFF-AR-10002956,Office Supplies,Art,Boston 16801 Nautilus Battery Pencil Sharpener,N/A,3,0.0,17.1678
8689,CA-2016-144015,06/26/2016,6/26/2016,same day,AH-10075,Adam Hart,Corporate,United States,Los Angeles,California,,west,OFF-PA-10002870,Office Supplies,Paper,"Ampad Phone Message Book, Recycled, 400 Message Capacity, 5 ¾” x 11”",12.48,2,0.0,  $5.62  
5490,CA-2017-134495,04/01/2017,4/4/2017,second class,BF-11020,Barry Französisch,CORPORATE,United States,Jacksonville,Florida,32216.0,  South  ,OFF-AP-10002222,office supplies,Appliances,Staple holder,20.81 USD,3,0.2,$ 1.82
857,CA-2014-125612,2014/08/03 00:00:00,8/8/2014,STANDARD CLASS,BK-11260,Berenike Kampe,Consumer,United States,New York City,New York,10035.0,East,OFF-SU-10002537,office supplies,Supplies,Acme Box Cutter Scissors,$ 102.30,10,0.0,26.598
8557,CA-2015-117884,2015/03/22 00:00:00,3/22/2015,Same Day,DC-13285,Debra Catini,Consumer,United States,Plantation,Florida,33317.0,South,OFF-ST-10002182,  Office Supplies  ,Storage,"Iris 3-Drawer Stacking Bin, Black",150.408,9,0.2,-33.8418
800,CA-2015-101910,2015-11-27,12/3/2015,Standard Class,CD-11920,Carlos Daly,CONSUMER,United States,Lake Elsinore,California,,West,FUR-CH-10002647,Furniture,Chairs,"Situations Contoured Folding Chairs, 4/Set",$ 283.92,5,0.2,17.75 USD
2222,CA-2015-131884,12/06/2015,12/6/2015,Same Day,DK-13375,Dennis Kane,CONSUMER,United States,Marion,Ohio,43302.0,east,TEC-PH-10001578,Technology,Phones,Polycom SoundStation2 EX Conference phone,485.94,2,0.4,-89.089
4246,CA-2017-117702,11/28/2017,12/4/2017,  Standard Class  ,LS-16975,Lindsay Shagiari,HOME OFFICE,United States,Baltimore,Maryland,21215.0,east,OFF-AR-10004582,  Office Supplies  ,Art,BIC Brite Liner Grip Highlighters,1.64 USD,1,0.0,$ 0.74
8237,CA-2017-102204,2017/05/01 00:00:00,5/6/2017,Standard Class,CJ-12010,Caroline Jumper,CONSUMER,United States,Jacksonville,Florida,32216.0,South,FUR-CH-10002024,furniture,Chairs,HON 5400 Series Task Chairs for Big and Tall,  $2803.92  ,5,0.2,0.0
6949,CA-2015-130365,04/25/2015,4/29/2015,STANDARD CLASS,ZC-21910,Zuschuss Carroll,consumer,United States,Aurora,Illinois,,  Central  ,FUR-CH-10003535,FURNITURE,Chairs,"Global Armless Task Chair, Royal Blue",128.06 USD,3,0.3,$ -23.78
7201,CA-2016-104276,11/27/2016,12/3/2016,Standard Class,HF-14995,Herbert Flentye,  Consumer  ,United States,Fort Lauderdale,Florida,33311.0,SOUTH,TEC-PH-10001944,TECHNOLOGY,Phones,Wi-Ex zBoost YX540 Cellular Phone Signal Booster,116.76,1,0.2,$ 14.60
7205,CA-2015-136658,09/10/2015,9/17/2015,standard class,BO-11425,Bobby Odegard,Consumer,United States,New York City,New York,10024.0,EAST,OFF-AR-10000817,Office Supplies,Art,Manco Dry-Lighter Erasable Highlighter,  $6.08  ,2,0.0,  $2.07  
484,CA-2014-127691,Pending,7/27/2014,standard class,EM-14065,Erin Mull,Consumer,United States,New York City,New York,10024.0,East,TEC-AC-10002567,Technology,Accessories,Logitech G602 Wireless Gaming Mouse,N/A,2,0.0,$ 57.59
9652,CA-2016-107104,2016-11-26,11/30/2016,STANDARD CLASS,MS-17365,,consumer,United States,Los Angeles,California,90045.0,west,OFF-AP-10000055,Office Supplies,Appliances,Belkin F9S820V06 8 Outlet Surge,64.96,2,0.0,19.49 USD
1447,CA-2017-102337,06/13/2017,6/16/2017,First Class,SD-20485,Shirley Daniels,Home Office,United States,Chicago,Illinois,60653.0,  Central  ,FUR-CH-10004289,  Furniture  ,Chairs,Global Super Steno Chair,$ 470.30,7,0.3,$ -87.34
4318,CA-2015-136735,07/26/2015,8/2/2015,  Standard Class  ,HA-14920,Helen Andreada,consumer,United States,San Francisco,California,94110.0,WEST,OFF-EN-10002230,  Office Supplies  ,Envelopes,Airmail Envelopes,167.86 USD,2,0.0,78.89 USD
8061,CA-2015-156013,2015-09-20,9/26/2015,Standard Class,TC-20980,,Corporate,United States,Long Beach,New York,11561.0,  East  ,OFF-PA-10001970,  Office Supplies  ,Paper,Xerox 1881,61.4,5,0.0,-
4956,CA-2014-160262,Pending,6/13/2014,  Second Class  ,TS-21205,Thomas Seio,  Corporate  ,United States,North Las Vegas,Nevada,89031.0,WEST,OFF-PA-10003641,  Office Supplies  ,Paper,Xerox 1909,$ 79.14,3,0.0,36.4044
3778,CA-2015-107937,05/03/2015,5/8/2015,Standard Class,JB-16045,Julia Barnett,Home Office,United States,Chula Vista,California,91911.0,West,FUR-FU-10002298,FURNITURE,Furnishings,"Rubbermaid ClusterMat Chairmats, Mat Size- 66"" x 60"", Lip 20"" x 11"" -90 Degree Angle",665.88 USD,6,0.0,$ 106.54
6890,CA-2017-164756,Pending,9/22/2017,standard class,SS-20140,Saphhira Shifley,Corporate,United States,Columbus,Georgia,31907.0,SOUTH,TEC-PH-10001552,TECHNOLOGY,Phones,I Need's 3d Hello Kitty Hybrid Silicone Case Cover for HTC One X 4g with 3d Hello Kitty Stylus Pen Green/pink,$ 95.68,8,0.0,$ 26.79
1200,CA-2016-130946,04/08/2016,4/12/2016,standard class,ZC-21910,Zuschuss Carroll,CONSUMER,United States,Houston,Texas,77041.0,Central,OFF-BI-10004995,Office Supplies,Binders,GBC DocuBind P400 Electric Binding System,"$ 1,088.79",4,0.8,"$ -1,850.95"
4666,CA-2016-116232,22-Sep-2016,9/26/2016,STANDARD CLASS,AC-10450,Amy Cox,Consumer,United States,Pembroke Pines,Florida,33024.0,South,OFF-LA-10001158,Office Supplies,Labels,"Avery Address/Shipping Labels for Typewriters, 4"" x 2""",$ 16.56,2,0.2,5.796
3064,CA-2015-145184,2015-11-27,11/29/2015,first class,JD-16150,Justin Deggeller,Corporate,United States,Newark,Delaware,19711.0,East,TEC-AC-10000397,Technology,Accessories,"Perixx PERIBOARD-512B, Ergonomic Split Keyboard",  $104.97  ,3,0.0,N/A
1146,CA-2014-146969,2014-09-29,10/3/2014,standard class,AP-10915,Arthur Prichep,  Consumer  ,United States,Los Angeles,California,90045.0,West,OFF-ST-10004340,office supplies,Storage,"Fellowes Mobile File Cart, Black",-,1,0.0,16.79 USD
4882,CA-2017-143567,2017-11-02,11/5/2017,Second Class,TB-21175,Thomas Boland,CORPORATE,United States,Henderson,Kentucky,42420.0,South,TEC-AC-10004145,  Technology  ,Accessories,Logitech diNovo Edge Keyboard,"2,249.91 USD",9,0.0,$ 517.48
4240,CA-2017-158673,29-Dec-2017,1/4/2018,  Standard Class  ,KB-16600,Ken Brennan,CORPORATE,United States,Grand Rapids,Michigan,49505.0,Central,OFF-PA-10000994,  Office Supplies  ,Paper,Xerox 1915,209.7,2,0.0,100.656
5282,CA-2015-105158,09/05/2015,9/10/2015,  Standard Class  ,SP-20860,Sung Pak,Corporate,United States,Rochester,Minnesota,55901.0,CENTRAL,FUR-FU-10001706,Furniture,Furnishings,Longer-Life Soft White Bulbs,6.16 USD,2,0.0,-
3280,CA-2014-102988,04/05/2014,4/9/2014,Second Class,GM-14695,Greg Maxwell,  Corporate  ,United States,Alexandria,Virginia,22304.0,South,OFF-AR-10000127,  Office Supplies  ,Art,Newell 321,22.96,7,0.0,N/A
4979,CA-2015-165050,12/07/2015,12/9/2015,First Class,AH-10210,Alan Hwang,Consumer,United States,New York City,New York,10024.0,  East  ,TEC-PH-10001336,Technology,Phones,Digium D40 VoIP phone,773.94,6,0.0,224.44 USD
1916,CA-2017-124597,30-Apr-2017,5/5/2017,STANDARD CLASS,AS-10630,Ann Steele,home office,United States,Boynton Beach,Florida,33437.0,south,OFF-AR-10002280,office supplies,Art,Staples in misc. colors,15.528,3,0.2,$ 4.85
5400,CA-2016-117681,04/09/2016,4/14/2016,STANDARD CLASS,HF-14995,Herbert Flentye,Consumer,United States,Los Angeles,California,90004.0,West,FUR-BO-10001798,furniture,Bookcases,Bush Somerset Collection Bookcase,556.665,5,0.15,  $6.55  
4077,CA-2015-100685,19-Dec-2015,12/21/2015,second class,SM-20950,Suzanne McNair,  Corporate  ,United States,Omaha,Nebraska,68104.0,  Central  ,OFF-BI-10003094,Office Supplies,Binders,Self-Adhesive Ring Binder Labels,7.04,2,0.0,$ 3.31
5804,US-2017-106796,2017-05-12,5/19/2017,  Standard Class  ,JP-16135,Julie Prescott,HOME OFFICE,United States,Springfield,Ohio,45503.0,east,OFF-AR-10003504,OFFICE SUPPLIES,Art,Newell 347,10.272,3,0.2,$ 1.16
4047,CA-2017-100356,10/21/2017,10/25/2017,  Standard Class  ,SP-20920,Susan Pistek,Consumer,United States,Chicago,Illinois,60653.0,central,OFF-AP-10002191,Office Supplies,Appliances,Belkin 8 Outlet SurgeMaster II Gold Surge Protector,$ 23.99,2,0.8,-62.38 USD
6715,CA-2017-107629,2017-12-14,12/14/2017,SAME DAY,DB-13060,Dave Brooks,CONSUMER,United States,Skokie,Illinois,60076.0,central,TEC-AC-10004510,  Technology  ,Accessories,Logitech Desktop MK120 Mouse and keyboard Combo,39.264,3,0.2,  $-4.91  
5709,US-2015-160857,05/08/2015,5/15/2015,Standard Class,NW-18400,Natalie Webber,Consumer,United States,New York City,New York,10024.0,  East  ,OFF-SU-10000157,  Office Supplies  ,Supplies,Compact Automatic Electric Letter Opener,357.93,3,0.0,$ 7.16
6506,CA-2016-152331,26-Jun-2016,6/30/2016,standard class,LD-16855,Lela Donovan,CORPORATE,United States,Chicago,Illinois,60653.0,CENTRAL,OFF-AR-10001547,  Office Supplies  ,Art,Newell 311,5.304,3,0.2,0.4641
9786,CA-2015-155635,09-May-2015,5/13/2015,Standard Class,ME-17725,Max Engle,CONSUMER,United States,Louisville,Kentucky,40214.0,  South  ,OFF-BI-10000962,Office Supplies,Binders,"Acco Flexible ACCOHIDE Square Ring Data Binder, Dark Blue, 11 1/2"" X 14"" 7/8""",48.81,3,0.0,-
3456,CA-2016-166485,02/20/2016,2/27/2016,  Standard Class  ,AH-10210,Alan Hwang,CONSUMER,United States,Nashville,Tennessee,37211.0,South,OFF-PA-10004996,OFFICE SUPPLIES,Paper,"Speediset Carbonless Redi-Letter 7"" x 8 1/2""",16.50 USD,2,0.2,5.5674
6461,US-2017-133361,14-May-2017,5/17/2017,First Class,AJ-10780,Anthony Jacobs,Corporate,United States,Baltimore,Maryland,21215.0,East,OFF-AR-10003338,Office Supplies,Art,"Eberhard Faber 3 1/2"" Golf Pencils",37.2,5,0.0,9.3
2019,CA-2015-113110,2015-03-19,3/23/2015,Standard Class,BK-11260,Berenike Kampe,Consumer,United States,San Bernardino,California,92404.0,West,OFF-SU-10001165,Office Supplies,Supplies,Acme Elite Stainless Steel Scissors,33.36,4,0.0,$ 8.67
4170,CA-2015-100216,2015-04-13,4/14/2015,  First Class  ,HJ-14875,Heather Jas,Home Office,United States,Mesa,Arizona,85204.0,WEST,OFF-PA-10000788,Office Supplies,Paper,Xerox 210,$ 31.10,6,0.2,$ 10.89
7597,CA-2015-164567,2015-06-15,6/19/2015,STANDARD CLASS,GK-14620,Grace Kelly,  Corporate  ,United States,Los Angeles,California,90004.0,  West  ,TEC-PH-10002103,technology,Phones,Jabra SPEAK 410,$ 225.58,3,0.2,N/A
81,CA-2016-127208,2016-06-12,6/15/2016,First Class,SC-20770,Stewart Carmichael,CORPORATE,United States,Decatur,Alabama,,South,OFF-BI-10002309,office supplies,Binders,Avery Heavy-Duty EZD  Binder With Locking Rings,16.74,3,0.0,-
7586,CA-2014-163223,21-Mar-2014,3/25/2014,  Standard Class  ,KH-16690,Kristen Hastings,corporate,United States,Springfield,Virginia,22153.0,south,OFF-PA-10000675,OFFICE SUPPLIES,Paper,Xerox 1919,122.97,3,0.0,60.2553
9898,CA-2016-112830,2016/06/06 00:00:00,6/10/2016,  Standard Class  ,LP-17095,,Consumer,United States,Fairfield,Ohio,45014.0,  East  ,FUR-FU-10004306,FURNITURE,Furnishings,Electrix Halogen Magnifier Lamp,466.32,3,0.2,34.974
8830,CA-2014-109680,06-Oct-2014,10/9/2014,first class,VP-21760,Victoria Pisteka,  Corporate  ,United States,Indianapolis,Indiana,46203.0,  Central  ,OFF-ST-10001932,Office Supplies,Storage,Fellowes Staxonsteel Drawer Files,  $386.34  ,2,0.0,$ 54.09
9489,CA-2015-156566,10/01/2015,10/4/2015,  First Class  ,EM-13960,Eric Murdock,CONSUMER,United States,Portland,Oregon,97206.0,WEST,TEC-PH-10001817,technology,Phones,Wilson Electronics DB Pro Signal Booster,  $572.80  ,2,0.2,50.12
1311,CA-2016-141397,2016-06-20,6/21/2016,FIRST CLASS,RC-19825,Roy Collins,CONSUMER,United States,Pasadena,California,91104.0,West,FUR-CH-10003846,Furniture,Chairs,Hon Valutask Swivel Chairs,$ 161.57,2,0.2,-
6712,CA-2017-163069,08/18/2017,8/21/2017,Second Class,PJ-19015,Pauline Johnson,consumer,United States,Columbus,Ohio,43229.0,  East  ,OFF-AR-10001419,office supplies,Art,Newell 325,N/A,3,0.2,1.239
1394,CA-2017-124828,2017-07-03,7/4/2017,First Class,YS-21880,Yana Sorensen,Corporate,United States,Burlington,North Carolina,27217.0,south,OFF-AR-10003514,Office Supplies,Art,4009 Highlighters by Sanford,$ 9.55,3,0.2,$ 1.55
9717,US-2016-144477,08/12/2016,8/14/2016,  Second Class  ,DB-13270,Deborah Brumfield,Home Office,United States,Philadelphia,Pennsylvania,19134.0,East,OFF-AR-10000914,office supplies,Art,Boston 16765 Mini Stand Up Battery Pencil Sharpener,$ 37.31,4,0.2,2.80 USD
93,CA-2015-149587,2015-01-31,2/5/2015,second class,KB-16315,,consumer,United States,Minneapolis,Minnesota,55407.0,Central,OFF-PA-10003177,Office Supplies,Paper,Xerox 1999,-,2,0.0,$ 6.22
795,CA-2014-156433,2014-09-20,9/26/2014,  Standard Class  ,ES-14020,Erica Smith,Consumer,United States,San Francisco,California,94110.0,  West  ,OFF-PA-10003724,  Office Supplies  ,Paper,"Wirebound Message Book, 4 per Page",21.72,4,0.0,10.6428
4529,CA-2017-152856,Pending,9/10/2017,SECOND CLASS,RS-19765,Roland Schwarz,Corporate,United States,Marion,Ohio,43302.0,East,TEC-AC-10004864,technology,Accessories,Memorex Micro Travel Drive 32 GB,-,4,0.2,33.5892
2216,CA-2017-129378,01-Oct-2017,10/2/2017,First Class,NS-18505,Neola Schneider,Consumer,United States,San Jose,California,95123.0,west,OFF-AP-10000576,Office Supplies,Appliances,"Belkin 325VA UPS Surge Protector, 6'",$ 241.96,2,0.0,$ 60.49
622,US-2014-111171,2014/12/26 00:00:00,12/31/2014,  Standard Class  ,CA-12265,Christina Anderson,Consumer,United States,Chicago,Illinois,60610.0,central,OFF-BI-10002103,  Office Supplies  ,Binders,"Cardinal Slant-D Ring Binder, Heavy Gauge Vinyl",-,5,0.8,$ -14.77
3816,CA-2016-152471,2016-07-08,7/8/2016,SAME DAY,ZD-21925,Zuschuss Donatelli,CONSUMER,United States,Jacksonville,Florida,32216.0,south,OFF-PA-10004965,Office Supplies,Paper,Xerox 1921,15.984,2,0.2,5.00 USD
9891,US-2016-115441,25-Jul-2016,7/28/2016,SECOND CLASS,SH-19975,Sally Hughsby,Corporate,United States,Milwaukee,Wisconsin,53209.0,Central,OFF-PA-10004996,Office Supplies,Paper,"Speediset Carbonless Redi-Letter 7"" x 8 1/2""",  $20.62  ,2,0.0,9.6914
5327,CA-2015-152681,2015-01-17,1/22/2015,Standard Class,SC-20260,Scott Cohen,CORPORATE,United States,Lawrence,Massachusetts,1841.0,EAST,OFF-AR-10003183,OFFICE SUPPLIES,Art,Avery Fluorescent Highlighter Four-Color Set,6.68,2,0.0,$ 2.00
5392,US-2014-123183,2014-11-19,11/25/2014,Standard Class,GR-14560,Georgia Rosenberg,Corporate,United States,Wilmington,Delaware,19805.0,east,OFF-LA-10002787,Office Supplies,Labels,Avery 480,-,6,0.0,10.8
5494,CA-2014-105249,28-Nov-2014,11/28/2014,same day,DH-13675,Duane Huffman,HOME OFFICE,United States,San Francisco,California,94122.0,West,OFF-LA-10002043,  Office Supplies  ,Labels,Avery 489,$ 41.40,4,0.0,  $19.87  
9780,CA-2014-169019,26-Jul-2014,7/30/2014,  Standard Class  ,LF-17185,Luke Foster,  Consumer  ,United States,San Antonio,Texas,78207.0,central,OFF-AP-10003281,OFFICE SUPPLIES,Appliances,Acco 6 Outlet Guardian Standard Surge Suppressor,-,2,0.8,$ -12.09
2971,CA-2017-167941,11/06/2017,11/9/2017,Second Class,JF-15565,Jill Fjeld,consumer,United States,Fayetteville,North Carolina,28314.0,SOUTH,OFF-BI-10002827,OFFICE SUPPLIES,Binders,Avery Durable Poly Binders,$ 13.27,8,0.7,-
8639,CA-2017-118346,2017-07-23,7/24/2017,First Class,PO-19180,Philisse Overcash,  Home Office  ,United States,Kenosha,Wisconsin,53142.0,Central,TEC-AC-10000736,TECHNOLOGY,Accessories,Logitech G600 MMO Gaming Mouse,$ 399.95,5,0.0,143.982
6533,US-2017-107384,Pending,12/8/2017,Standard Class,TP-21130,Theone Pippenger,CONSUMER,United States,Rochester,Minnesota,55901.0,  Central  ,TEC-AC-10004595,Technology,Accessories,First Data TMFD35 PIN Pad,-,1,0.0,29.988
4933,CA-2015-106978,2015-09-28,10/4/2015,  Standard Class  ,ZC-21910,Zuschuss Carroll,Consumer,United States,Aurora,Colorado,80013.0,West,OFF-EN-10004483,office supplies,Envelopes,"#10 White Business Envelopes,4 1/8 x 9 1/2",$ 12.54,1,0.2,4.2309
569,CA-2017-156951,2017-10-01,10/8/2017,standard class,EB-13840,Ellis Ballard,Corporate,United States,Seattle,Washington,98105.0,west,OFF-PA-10004451,Office Supplies,Paper,Xerox 222,19.44,3,0.0,9.33 USD
8029,CA-2015-132465,11-Sep-2015,9/15/2015,  Second Class  ,DM-13525,Don Miller,  Corporate  ,United States,New York City,New York,10035.0,East,OFF-ST-10001932,OFFICE SUPPLIES,Storage,Fellowes Staxonsteel Drawer Files,  $772.68  ,4,0.0,108.18 USD
8274,CA-2015-104059,06/13/2015,6/15/2015,SECOND CLASS,FC-14245,Frank Carlisle,Home Office,United States,Springfield,Ohio,45503.0,  East  ,OFF-AR-10000634,Office Supplies,Art,Newell 320,3.424,1,0.2,0.2996
9586,CA-2016-160598,26-Aug-2016,8/28/2016,FIRST CLASS,SV-20815,Stuart Van,Corporate,United States,Miami,Florida,,south,OFF-PA-10002319,Office Supplies,Paper,Xerox 1944,$ 31.01,1,0.2,11.2404
389,CA-2014-115973,2014/11/24 00:00:00,11/26/2014,  First Class  ,NG-18430,Nathan Gelder,CONSUMER,United States,Cincinnati,Ohio,45231.0,  East  ,OFF-AR-10004757,  Office Supplies  ,Art,Crayola Colored Pencils,2.624,1,0.2,-
4835,CA-2017-167661,2017-10-05,10/10/2017,Standard Class,MP-18175,Mike Pelletier,home office,United States,San Francisco,California,,WEST,OFF-BI-10002571,OFFICE SUPPLIES,Binders,"Avery Framed View Binder, EZD Ring (Locking), Navy, 1 1/2""",39.92,5,0.2,13.47 USD
1863,CA-2014-151078,12-Nov-2014,11/12/2014,SAME DAY,RF-19840,Roy Französisch,Consumer,United States,San Antonio,Texas,78207.0,Central,OFF-ST-10001328,OFFICE SUPPLIES,Storage,"Personal Filing Tote with Lid, Black/Gray",$ 49.63,4,0.2,$ 4.96
1685,CA-2017-149489,2017-04-24,4/27/2017,  First Class  ,DK-12835,Damala Kotsonis,Corporate,United States,Philadelphia,Pennsylvania,19143.0,  East  ,OFF-AP-10002495,office supplies,Appliances,"Acco Smartsocket Table Surge Protector, 6 Color-Coded Adapter Outlets",99.28,2,0.2,$ 12.41
519,CA-2017-127432,01/22/2017,1/27/2017,STANDARD CLASS,AD-10180,Alan Dominguez,home office,United States,Great Falls,Montana,59405.0,  West  ,OFF-ST-10004459,  Office Supplies  ,Storage,Tennsco Single-Tier Lockers,"1,126.02 USD",3,0.0,56.301
9126,CA-2016-128916,2016-08-18,8/20/2016,  Second Class  ,MA-17560,Matt Abelman,HOME OFFICE,United States,Houston,Texas,,CENTRAL,FUR-FU-10000320,FURNITURE,Furnishings,OIC Stacking Trays,$ 5.34,4,0.6,-2.1376
4234,CA-2017-100223,2017/07/05 00:00:00,7/10/2017,  Standard Class  ,LS-16945,Linda Southworth,Corporate,United States,Dallas,Texas,75220.0,CENTRAL,OFF-BI-10004492,OFFICE SUPPLIES,Binders,Tuf-Vin Binders,$ 6.32,1,0.8,  $-10.42  
2543,CA-2014-164385,09/26/2014,10/1/2014,  Second Class  ,NB-18580,Nicole Brennan,Corporate,United States,Philadelphia,Pennsylvania,19134.0,East,OFF-AP-10002191,  Office Supplies  ,Appliances,Belkin 8 Outlet SurgeMaster II Gold Surge Protector,143.95 USD,3,0.2,$ 14.40
3915,US-2017-142573,Pending,7/23/2017,STANDARD CLASS,ML-17410,Maris LaWare,Consumer,United States,Phoenix,Arizona,85023.0,West,FUR-TA-10001932,furniture,Tables,"Chromcraft 48"" x 96"" Racetrack Double Pedestal Table",$ 801.60,5,0.5,$ -448.90
4346,CA-2017-105410,2017-03-19,3/22/2017,  First Class  ,ND-18370,Natalie DeCherney,consumer,United States,San Francisco,California,94110.0,  West  ,TEC-AC-10002926,  Technology  ,Accessories,Logitech Wireless Marathon Mouse M705,199.96,4,0.0,85.98 USD
8591,CA-2017-126676,2017-09-29,10/1/2017,  First Class  ,FH-14365,Fred Hopkins,Corporate,United States,Hempstead,New York,11550.0,East,OFF-EN-10004846,OFFICE SUPPLIES,Envelopes,Letter or Legal Size Expandable Poly String Tie Envelopes,7.98,3,0.0,3.9102
3945,CA-2016-133144,16-May-2016,5/21/2016,  Second Class  ,DO-13435,Denny Ordway,CONSUMER,United States,Los Angeles,California,90036.0,west,OFF-PA-10004971,office supplies,Paper,Xerox 196,17.34,3,0.0,  $8.50  
766,CA-2014-162775,01/13/2014,1/15/2014,Second Class,CS-12250,Chris Selesnick,corporate,United States,Bossier City,Louisiana,71111.0,south,TEC-AC-10003174,Technology,Accessories,Plantronics S12 Corded Telephone Headset System,646.74,6,0.0,258.696
2341,CA-2016-137736,2016/11/10 00:00:00,11/15/2016,STANDARD CLASS,DC-13285,Debra Catini,Consumer,United States,Warner Robins,Georgia,31088.0,SOUTH,OFF-AR-10004999,  Office Supplies  ,Art,Newell 315,  $41.86  ,7,0.0,10.465
3461,CA-2017-136448,Pending,9/18/2017,first class,AS-10090,Adam Shillingsburg,  Consumer  ,United States,Philadelphia,Pennsylvania,19143.0,East,TEC-AC-10003628,  Technology  ,Accessories,Logitech 910-002974 M325 Wireless Mouse for Web Scrolling,47.984,2,0.2,14.40 USD
89,CA-2016-159695,04/05/2016,4/10/2016,second class,GM-14455,Gary Mitchum,HOME OFFICE,United States,Houston,Texas,77095.0,central,OFF-ST-10003442,Office Supplies,Storage,Eldon Portable Mobile Manager,158.37 USD,7,0.2,-
4535,CA-2015-163104,03/19/2015,3/26/2015,standard class,MC-18130,Mike Caudle,  Corporate  ,United States,Los Angeles,California,90004.0,West,OFF-PA-10001947,office supplies,Paper,Xerox 1974,11.96,2,0.0,N/A
2770,US-2015-122140,2015-04-02,4/7/2015,  Standard Class  ,MO-17950,Michael Oakman,Consumer,United States,Dallas,Texas,,CENTRAL,TEC-AC-10003038,Technology,Accessories,Kingston Digital DataTraveler 16GB USB 2.0,50.12,7,0.2,  $-0.63  
2520,CA-2016-124352,2016-10-15,10/21/2016,Standard Class,CD-12790,Cynthia Delaney,Home Office,United States,Oklahoma City,Oklahoma,73120.0,  Central  ,OFF-LA-10003223,Office Supplies,Labels,Avery 508,  $29.46  ,6,0.0,14.44 USD
5251,US-2016-169369,Pending,12/18/2016,STANDARD CLASS,EC-14050,Erin Creighton,CONSUMER,United States,Columbus,Georgia,31907.0,SOUTH,TEC-AC-10001314,Technology,Accessories,Case Logic 2.4GHz Wireless Keyboard,$ 249.95,5,0.0,20.00 USD
6612,CA-2015-107678,2015/04/21 00:00:00,4/28/2015,standard class,JK-16090,Juliana Krohn,CONSUMER,United States,Louisville,Kentucky,40214.0,  South  ,FUR-CH-10001891,furniture,Chairs,Global Deluxe Office Fabric Chairs,$ 191.96,2,0.0,51.8292
9822,CA-2015-162201,08-Jun-2015,6/12/2015,Standard Class,AG-10495,Andrew Gjertsen,Corporate,United States,Saint Petersburg,Florida,33710.0,  South  ,OFF-BI-10002429,  Office Supplies  ,Binders,"Premier Elliptical Ring Binder, Black",18.264,2,0.7,-13.39 USD
1577,CA-2016-109057,2016-04-22,4/27/2016,Standard Class,TT-21460,,HOME OFFICE,United States,Aurora,Illinois,60505.0,Central,OFF-ST-10002406,Office Supplies,Storage,Pizazz Global Quick File,$ 23.95,2,0.2,  $2.40  
4908,CA-2014-133809,11/18/2014,11/23/2014,Second Class,MS-17530,MaryBeth Skach,  Consumer  ,United States,Fairfield,Ohio,45014.0,east,OFF-BI-10001757,Office Supplies,Binders,Pressboard Hanging Data Binders for Unburst Sheets,$ 11.81,8,0.7,-8.66 USD
8533,CA-2016-156748,2016-11-30,12/6/2016,Standard Class,BS-11755,Bruce Stewart,consumer,United States,Detroit,Michigan,48227.0,  Central  ,OFF-ST-10001370,office supplies,Storage,Sensible Storage WireTech Storage Systems,496.86 USD,7,0.0,24.843
3354,US-2014-150434,2014/07/19 00:00:00,7/24/2014,Standard Class,CA-12310,Christine Abelman,Corporate,United States,Bristol,Connecticut,6010.0,East,TEC-PH-10000895,  Technology  ,Phones,Polycom VVX 310 VoIP phone,  $359.98  ,2,0.0,93.5948
765,CA-2014-162775,2014-01-13,1/15/2014,second class,CS-12250,Chris Selesnick,  Corporate  ,United States,Bossier City,Louisiana,,  South  ,OFF-EN-10001532,Office Supplies,Envelopes,Brown Kraft Recycled Envelopes,$ 50.94,3,0.0,25.47 USD
2681,CA-2017-127026,2017-01-21,1/27/2017,standard class,MH-18115,,  Home Office  ,United States,Jackson,Michigan,49201.0,Central,TEC-AC-10002049,TECHNOLOGY,Accessories,Logitech G19 Programmable Gaming Keyboard,$ 619.95,5,0.0,111.591
9079,CA-2016-108105,02/16/2016,2/23/2016,STANDARD CLASS,GW-14605,,  Consumer  ,United States,Henderson,Kentucky,42420.0,South,FUR-FU-10003773,Furniture,Furnishings,Eldon Cleatmat Plus Chair Mats for High Pile Carpets,318.08 USD,4,0.0,34.99 USD
5816,CA-2014-124730,11/26/2014,11/26/2014,Same Day,LS-17245,Lynn Smith,Consumer,United States,Utica,New York,,East,TEC-PH-10002170,TECHNOLOGY,Phones,ClearSounds CSC500 Amplified Spirit Phone Corded phone,$ 279.96,4,0.0,$ 78.39
1079,CA-2017-132521,23-Sep-2017,9/25/2017,second class,DW-13540,Don Weiss,CONSUMER,United States,Seattle,Washington,98105.0,  West  ,OFF-ST-10001325,Office Supplies,Storage,Sterilite Officeware Hinged File Box,$ 31.44,3,0.0,N/A
1085,US-2016-143819,2016/03/01 00:00:00,3/5/2016,  Standard Class  ,KD-16270,Karen Daniels,consumer,United States,Yonkers,New York,10701.0,East,OFF-ST-10003208,  Office Supplies  ,Storage,Adjustable Depth Letter/Legal Cart,362.92,2,0.0,105.2468
1673,CA-2017-111647,2017-07-03,7/7/2017,standard class,RD-19585,Rob Dowd,consumer,United States,Plano,Texas,75023.0,central,TEC-PH-10002726,  Technology  ,Phones,netTALK DUO VoIP Telephone Service,167.968,4,0.2,62.99 USD
3144,CA-2017-162572,09/25/2017,9/27/2017,  Second Class  ,RB-19360,Raymond Buch,  Consumer  ,United States,Cincinnati,Ohio,45231.0,  East  ,OFF-AR-10001547,office supplies,Art,Newell 311,10.608,6,0.2,$ 0.93
3860,CA-2017-154039,02/17/2017,2/22/2017,Standard Class,JK-16120,Julie Kriz,Home Office,United States,Chicago,Illinois,60653.0,  Central  ,FUR-TA-10001932,Furniture,Tables,"Chromcraft 48"" x 96"" Racetrack Double Pedestal Table",480.96,3,0.5,-269.3376
8238,CA-2017-103065,2017/10/20 00:00:00,10/20/2017,SAME DAY,PT-19090,Pete Takahito,  Consumer  ,United States,Jacksonville,Florida,32216.0,  South  ,OFF-ST-10000617,OFFICE SUPPLIES,Storage,Woodgrain Magazine Files by Perma,$ 4.77,2,0.2,$ -0.77
9248,CA-2017-130106,05/22/2017,5/26/2017,  Standard Class  ,VF-21715,Vicky Freymann,Home Office,United States,San Francisco,California,,West,OFF-AR-10003732,  Office Supplies  ,Art,Newell 333,$ 2.78,1,0.0,0.7228
5004,CA-2016-155033,10/07/2016,10/12/2016,standard class,CC-12475,Cindy Chapman,consumer,United States,Los Angeles,California,90032.0,west,OFF-PA-10000143,OFFICE SUPPLIES,Paper,Astroparche Fine Business Paper,-,2,0.0,  $5.07  
109,CA-2017-119004,11/23/2017,11/28/2017,standard class,JM-15250,Janet Martin,consumer,United States,Charlotte,North Carolina,28205.0,  South  ,OFF-AR-10000390,Office Supplies,Art,Newell Chalk Holder,  $3.30  ,1,0.2,1.07 USD
1748,CA-2016-155670,13-Aug-2016,8/17/2016,SECOND CLASS,EM-14065,Erin Mull,Consumer,United States,Jacksonville,North Carolina,28540.0,South,OFF-PA-10004947,office supplies,Paper,Easy-staple paper,10.272,3,0.2,3.21 USD
796,CA-2017-151428,2017-09-21,9/26/2017,Standard Class,RH-19495,Rick Hansen,CONSUMER,United States,Rochester,Minnesota,,  Central  ,OFF-BI-10000546,office supplies,Binders,Avery Durable Binders,20.16,7,0.0,9.8784
1262,US-2016-144393,10/28/2016,11/4/2016,  Standard Class  ,SM-20950,Suzanne McNair,CORPORATE,United States,Greenville,North Carolina,27834.0,south,OFF-BI-10004236,office supplies,Binders,"XtraLife ClearVue Slant-D Ring Binder, White, 3""",$ 17.62,4,0.7,-14.0928
6439,US-2017-113992,2017-12-14,12/19/2017,STANDARD CLASS,LC-16885,Lena Creighton,Consumer,United States,Plano,Texas,75023.0,Central,FUR-TA-10000577,FURNITURE,Tables,Bretford CR4500 Series Slim Rectangular Table,974.99 USD,4,0.3,-97.50 USD
7431,US-2014-164763,2014-03-17,3/21/2014,  Standard Class  ,MH-17440,Mark Haberlin,corporate,United States,Jackson,Mississippi,39212.0,SOUTH,OFF-PA-10003063,office supplies,Paper,EcoTones Memo Sheets,16.00 USD,4,0.0,7.68
2555,CA-2016-118626,15-Aug-2016,8/20/2016,STANDARD CLASS,JC-15775,John Castell,CONSUMER,United States,Tallahassee,Florida,32303.0,SOUTH,TEC-PH-10000369,  Technology  ,Phones,HTC One Mini,705.544,7,0.2,$ 70.55
4302,CA-2017-129021,23-Aug-2017,8/26/2017,Second Class,PO-18850,Patrick O'Brill,consumer,United States,Tallahassee,Florida,32303.0,South,OFF-PA-10000141,  Office Supplies  ,Paper,"Ampad Evidence Wirebond Steno Books, 6"" x 9""",$ 8.72,5,0.2,2.94 USD
417,CA-2017-122105,2017-06-24,6/28/2017,STANDARD CLASS,CJ-12010,Caroline Jumper,Consumer,United States,Huntington Beach,California,92646.0,West,OFF-AR-10004344,Office Supplies,Art,Bulldog Vacuum Base Pencil Sharpener,95.92,8,0.0,N/A
8016,CA-2017-120168,05/25/2017,5/25/2017,  Same Day  ,TB-21625,Trudy Brown,Consumer,United States,New York City,New York,10009.0,East,FUR-FU-10000732,  Furniture  ,Furnishings,Eldon 200 Class Desk Accessories,18.84,3,0.0,6.03 USD
6153,CA-2017-139437,03-Jul-2017,7/8/2017,Standard Class,RD-19585,Rob Dowd,consumer,United States,Los Angeles,California,90004.0,west,OFF-ST-10002485,  Office Supplies  ,Storage,Rogers Deluxe File Chest,  $87.92  ,4,0.0,0.88 USD
8092,CA-2015-127502,12/10/2015,12/14/2015,STANDARD CLASS,MT-17815,,consumer,United States,San Francisco,California,94110.0,WEST,OFF-LA-10001613,Office Supplies,Labels,Avery File Folder Labels,5.76 USD,2,0.0,2.82 USD
7708,CA-2017-100237,15-Oct-2017,10/19/2017,STANDARD CLASS,SV-20815,Stuart Van,Corporate,United States,Orem,Utah,84057.0,West,OFF-AR-10001761,Office Supplies,Art,Avery Hi-Liter Smear-Safe Highlighters,11.68 USD,2,0.0,4.2048
1077,CA-2016-161781,09/29/2016,9/30/2016,FIRST CLASS,CC-12100,Chad Cunningham,HOME OFFICE,United States,Columbus,Indiana,47201.0,central,OFF-AR-10000255,Office Supplies,Art,Newell 328,40.88 USD,7,0.0,N/A
3096,CA-2015-114468,Pending,8/23/2015,  Same Day  ,TD-20995,Tamara Dahlen,Consumer,United States,Bolingbrook,Illinois,60440.0,Central,OFF-FA-10003021,Office Supplies,Fasteners,Staples,12.032,8,0.2,2.26 USD
4002,CA-2014-116834,2014-10-11,10/16/2014,Standard Class,Dp-13240,Dean percer,home office,United States,Seattle,Washington,98115.0,West,TEC-AC-10002942,technology,Accessories,WD My Passport Ultra 1TB Portable External Hard Drive,345.00 USD,5,0.0,58.65
1651,CA-2014-135699,Pending,8/29/2014,SAME DAY,HH-15010,Hilary Holden,corporate,United States,San Francisco,California,94110.0,West,OFF-PA-10004475,Office Supplies,Paper,Xerox 1940,109.92,2,0.0,  $53.86  
6205,CA-2017-145660,12/01/2017,12/3/2017,First Class,MG-17650,Matthew Grinstein,home office,United States,Marion,Ohio,43302.0,East,FUR-FU-10002885,FURNITURE,Furnishings,Magna Visual Magnetic Picture Hangers,7.712,2,0.2,$ 1.74
4154,CA-2017-100160,Pending,9/11/2017,standard class,CB-12025,Cassandra Brandow,consumer,United States,Philadelphia,Pennsylvania,19134.0,EAST,OFF-EN-10001509,Office Supplies,Envelopes,Poly String Tie Envelopes,4.896,3,0.2,$ 1.65
9329,US-2017-130687,2017-09-07,9/10/2017,first class,PF-19225,Phillip Flathmann,  Consumer  ,United States,Edmonds,Washington,98026.0,WEST,OFF-AR-10004260,office supplies,Art,Boston 1799 Powerhouse Electric Pencil Sharpener,$ 25.98,1,0.0,7.2744
3025,CA-2015-164441,11/08/2015,11/13/2015,  Standard Class  ,AC-10450,Amy Cox,Consumer,United States,New York City,New York,10011.0,EAST,OFF-BI-10001922,Office Supplies,Binders,Storex Dura Pro Binders,  $52.27  ,11,0.2,17.64 USD
5166,CA-2014-121006,2014-11-10,11/16/2014,STANDARD CLASS,SC-20020,Sam Craven,consumer,United States,Midland,Michigan,48640.0,central,OFF-PA-10000130,office supplies,Paper,Xerox 199,$ 12.84,3,0.0,5.778
1786,CA-2017-166317,2017-09-22,9/26/2017,  Standard Class  ,JE-15610,Jim Epp,Corporate,United States,Milwaukee,Wisconsin,53209.0,central,OFF-BI-10002976,OFFICE SUPPLIES,Binders,ACCOHIDE Binder by Acco,33.04,8,0.0,15.5288
7151,CA-2017-100412,12/22/2017,12/26/2017,  Standard Class  ,SR-20425,Sharelle Roach,  Home Office  ,United States,Tuscaloosa,Alabama,35401.0,  South  ,FUR-CH-10002647,  Furniture  ,Chairs,"Situations Contoured Folding Chairs, 4/Set",-,2,0.0,35.49
4939,CA-2014-157147,01/13/2014,1/18/2014,Standard Class,BD-11605,Brian Dahlen,Consumer,United States,San Francisco,California,94109.0,West,FUR-BO-10003034,Furniture,Bookcases,"O'Sullivan Elevations Bookcase, Cherry Finish",333.999,3,0.15,3.93 USD
6429,CA-2016-143714,2016-05-23,5/27/2016,standard class,CC-12370,Christopher Conant,CONSUMER,United States,Philadelphia,Pennsylvania,19120.0,east,TEC-PH-10004080,Technology,Phones,Avaya 5410 Digital phone,$ 122.38,3,0.4,-24.4764
5260,CA-2017-158722,10/20/2017,10/26/2017,Standard Class,MA-17560,Matt Abelman,HOME OFFICE,United States,Philadelphia,Pennsylvania,19120.0,east,OFF-PA-10000176,OFFICE SUPPLIES,Paper,Xerox 1887,45.53 USD,3,0.2,$ 15.93
7131,CA-2016-166282,2016/04/16 00:00:00,4/22/2016,Standard Class,PK-19075,Pete Kriz,consumer,United States,Nashville,Tennessee,37211.0,  South  ,OFF-PA-10003022,Office Supplies,Paper,Standard Line “While You Were Out” Hardbound Telephone Message Book,N/A,7,0.2,-
7477,CA-2014-167199,2014-01-06,1/10/2014,standard class,ME-17320,Maria Etezadi,  Home Office  ,United States,Henderson,Kentucky,,South,OFF-AR-10001662,OFFICE SUPPLIES,Art,Rogers Handheld Barrel Pencil Sharpener,5.48,2,0.0,N/A
4788,CA-2015-104346,2015-12-11,12/16/2015,Standard Class,IM-15070,Irene Maddox,Consumer,United States,Colorado Springs,Colorado,80906.0,West,TEC-AC-10004396,Technology,Accessories,Logitech Keyboard K120,58.08,4,0.2,-6.534
8041,CA-2017-121489,21-Aug-2017,8/25/2017,Second Class,CM-11815,Candace McMahon,  Corporate  ,United States,Seattle,Washington,98115.0,west,OFF-ST-10000025,  Office Supplies  ,Storage,Fellowes Stor/Drawer Steel Plus Storage Drawers,572.58 USD,6,0.0,34.3548
8034,CA-2015-119690,25-Jun-2015,6/28/2015,First Class,MV-17485,,consumer,United States,Houston,Texas,77041.0,  Central  ,OFF-BI-10000201,OFFICE SUPPLIES,Binders,"Avery Triangle Shaped Sheet Lifters, Black, 2/Pack",$ 0.98,2,0.8,-1.476
9025,CA-2016-102127,26-Jun-2016,7/2/2016,standard class,VP-21760,Victoria Pisteka,corporate,United States,New York City,New York,10035.0,East,TEC-AC-10002018,TECHNOLOGY,Accessories,AmazonBasics 3-Button USB Wired Mouse,  $20.97  ,3,0.0,$ 9.02
4563,CA-2015-118871,04-Dec-2015,12/9/2015,Second Class,HM-14860,Harry Marie,Corporate,United States,Los Angeles,California,90049.0,West,FUR-FU-10002111,FURNITURE,Furnishings,"Master Caster Door Stop, Large Brown",-,5,0.0,13.83 USD
9049,CA-2017-137463,2017-12-16,12/20/2017,SECOND CLASS,KM-16225,Kalyca Meade,CORPORATE,United States,Sunnyvale,California,94086.0,  West  ,OFF-LA-10003498,  Office Supplies  ,Labels,Avery 475,$ 44.40,3,0.0,$ 22.20
4519,CA-2016-101385,09/25/2016,10/1/2016,STANDARD CLASS,JW-16075,Julia West,consumer,United States,San Francisco,California,94109.0,WEST,OFF-AR-10004441,Office Supplies,Art,BIC Brite Liner Highlighters,$ 16.56,4,0.0,6.9552
1384,US-2016-108504,05-Feb-2016,2/5/2016,same day,PP-18955,Paul Prost,home office,United States,Smyrna,Georgia,30080.0,  South  ,OFF-PA-10001289,OFFICE SUPPLIES,Paper,White Computer Printout Paper by Universal,348.84,9,0.0,  $170.93  
8255,CA-2017-152310,2017/08/12 00:00:00,8/19/2017,Standard Class,DK-12895,Dana Kaydos,Consumer,United States,Seattle,Washington,98103.0,West,OFF-PA-10003134,OFFICE SUPPLIES,Paper,Xerox 1937,192.16,4,0.0,92.24 USD
6413,CA-2017-151211,08/17/2017,8/23/2017,Standard Class,AH-10120,Adrian Hane,HOME OFFICE,United States,Louisville,Kentucky,40214.0,  South  ,OFF-BI-10002735,Office Supplies,Binders,GBC Prestige Therm-A-Bind Covers,  $102.93  ,3,0.0,48.3771
7901,CA-2017-128363,2017/08/13 00:00:00,8/18/2017,  Standard Class  ,DC-12850,Dan Campbell,consumer,United States,Memphis,Tennessee,38109.0,SOUTH,TEC-AC-10003709,Technology,Accessories,Maxell 4.7GB DVD-R 5/Pack,1.58 USD,2,0.2,0.48 USD
4849,CA-2014-164469,25-Jun-2014,6/27/2014,Second Class,GK-14620,Grace Kelly,CORPORATE,United States,Salem,Oregon,97301.0,West,OFF-AR-10000475,OFFICE SUPPLIES,Art,"Hunt BOSTON Vista Battery-Operated Pencil Sharpener, Black",9.328,1,0.2,N/A
6992,CA-2015-109386,2015/11/08 00:00:00,11/13/2015,SECOND CLASS,RH-19600,Rob Haberlin,CONSUMER,United States,Hampton,Virginia,23666.0,SOUTH,TEC-PH-10002890,Technology,Phones,AT&T 17929 Lendline Telephone,$ 226.20,5,0.0,58.812
4467,CA-2017-168641,2017/11/24 00:00:00,12/1/2017,  Standard Class  ,KA-16525,Kelly Andreada,Consumer,United States,New York City,New York,10035.0,EAST,OFF-AR-10003759,Office Supplies,Art,"Crayola Anti Dust Chalk, 12/Pack",$ 16.38,9,0.0,$ 7.37
8726,CA-2017-148145,2017/03/18 00:00:00,3/23/2017,  Standard Class  ,SW-20275,Scott Williamson,Consumer,United States,Seattle,Washington,98115.0,WEST,OFF-AR-10003752,Office Supplies,Art,Deluxe Chalkboard Eraser Cleaner,-,4,0.0,$ 21.25
8546,CA-2016-119074,27-Mar-2016,3/31/2016,standard class,DS-13180,David Smith,Corporate,United States,Columbus,Georgia,31907.0,south,FUR-FU-10003731,furniture,Furnishings,"Eldon Expressions Wood and Plastic Desk Accessories, Oak",39.92,4,0.0,N/A
9083,CA-2017-169005,2017-11-02,11/6/2017,  Standard Class  ,BG-11035,Barry Gonzalez,consumer,United States,Springfield,Virginia,22153.0,South,OFF-AR-10000246,office supplies,Art,Newell 318,5.56,2,0.0,-
7062,CA-2015-132633,02/03/2015,2/5/2015,Second Class,KH-16630,Ken Heidel,CORPORATE,United States,Pleasant Grove,Utah,84062.0,  West  ,OFF-BI-10002432,office supplies,Binders,Wilson Jones Standard D-Ring Binders,$ 12.14,3,0.2,4.10 USD
7488,US-2015-134558,19-Dec-2015,12/24/2015,SECOND CLASS,PM-19135,Peter McVee,Home Office,United States,Dover,New Hampshire,3820.0,East,TEC-AC-10004145,Technology,Accessories,Logitech diNovo Edge Keyboard,  $2249.91  ,9,0.0,N/A
9868,US-2015-116981,2015-03-26,3/28/2015,Second Class,SM-20950,Suzanne McNair,corporate,United States,New York City,New York,10009.0,EAST,OFF-AP-10000595,  Office Supplies  ,Appliances,Disposable Triple-Filter Dust Bags,13.11,3,0.0,  $3.41  
625,CA-2015-138009,2015-11-29,12/3/2015,Standard Class,SF-20965,Sylvia Foulston,Corporate,United States,Dearborn,Michigan,,central,OFF-ST-10001272,Office Supplies,Storage,"Mini 13-1/2 Capacity Data Binder Rack, Pearl",523.48,4,0.0,$ 130.87
9959,US-2014-143287,11/11/2014,11/17/2014,  Standard Class  ,KN-16705,Kristina Nunn,HOME OFFICE,United States,New Rochelle,New York,10801.0,East,OFF-SU-10001574,OFFICE SUPPLIES,Supplies,Acme Value Line Scissors,7.3,2,0.0,2.19
4072,CA-2016-145303,28-Aug-2016,8/31/2016,First Class,TP-21415,Tom Prescott,consumer,United States,Dallas,Texas,75081.0,Central,FUR-BO-10003159,furniture,Bookcases,"Sauder Camden County Collection Libraries, Planked Cherry Finish",156.3728,2,0.32,-52.8908
8404,CA-2016-154067,2016-02-01,2/7/2016,Standard Class,SM-20950,Suzanne McNair,Corporate,United States,Los Angeles,California,90036.0,WEST,OFF-PA-10002254,Office Supplies,Paper,Xerox 1883,105.52,4,0.0,$ 48.54
7810,US-2016-137295,2016-01-08,1/13/2016,standard class,VS-21820,Vivek Sundaresam,Consumer,United States,Raleigh,North Carolina,27604.0,south,TEC-PH-10004080,Technology,Phones,Avaya 5410 Digital phone,$ 108.78,2,0.2,10.8784
8714,CA-2017-136623,2017-07-11,7/16/2017,standard class,TS-21430,Tom Stivers,corporate,United States,San Diego,California,92105.0,  West  ,TEC-PH-10000004,Technology,Phones,Belkin iPhone and iPad Lightning Cable,N/A,6,0.2,N/A
994,CA-2016-105585,2016-08-26,8/27/2016,first class,RF-19735,,CONSUMER,United States,San Jose,California,95123.0,West,OFF-PA-10003625,OFFICE SUPPLIES,Paper,Xerox 1979,$ 154.90,5,0.0,  $69.70  
6902,US-2017-135013,2017/07/24 00:00:00,7/24/2017,same day,HR-14830,Harold Ryan,Corporate,United States,Huntington Beach,California,92646.0,West,TEC-CO-10001449,  Technology  ,Copiers,Hewlett Packard LaserJet 3310 Copier,N/A,5,0.2,839.99 USD
8192,US-2017-155866,Pending,11/21/2017,Standard Class,CC-12370,Christopher Conant,consumer,United States,New York City,New York,10011.0,east,FUR-FU-10004091,furniture,Furnishings,"Howard Miller 13"" Diameter Goldtone Round Wall Clock",$ 187.76,4,0.0,$ 76.98
7418,US-2016-114013,13-Mar-2016,3/15/2016,second class,SC-20770,Stewart Carmichael,Corporate,United States,Philadelphia,Pennsylvania,19134.0,east,OFF-PA-10004996,OFFICE SUPPLIES,Paper,"Speediset Carbonless Redi-Letter 7"" x 8 1/2""",$ 41.24,5,0.2,$ 13.92
4534,CA-2014-140403,2014-10-10,10/10/2014,Same Day,TN-21040,Tanja Norvell,Home Office,United States,Manteca,California,95336.0,WEST,OFF-EN-10001219,Office Supplies,Envelopes,"#10- 4 1/8"" x 9 1/2"" Security-Tint Envelopes",$ 15.28,2,0.0,  $7.49  
2271,CA-2017-164917,Pending,12/7/2017,standard class,MK-17905,Michael Kennedy,Corporate,United States,Miami,Florida,33180.0,  South  ,OFF-AR-10004344,Office Supplies,Art,Bulldog Vacuum Base Pencil Sharpener,N/A,5,0.2,4.1965
577,CA-2015-149713,2015-09-18,9/22/2015,Second Class,TG-21640,Trudy Glocke,  Consumer  ,United States,Long Beach,California,90805.0,West,OFF-PA-10001450,office supplies,Paper,Rediform S.O.S. Phone Message Books,$ 19.92,4,0.0,$ 9.76
9680,CA-2015-130113,2015/12/27 00:00:00,12/31/2015,STANDARD CLASS,AH-10030,Aaron Hawkins,CORPORATE,United States,San Francisco,California,94122.0,WEST,OFF-ST-10000046,Office Supplies,Storage,Fellowes Super Stor/Drawer Files,$ 323.10,2,0.0,61.389
8368,CA-2014-109918,09/07/2014,9/12/2014,SECOND CLASS,LR-17035,Lisa Ryan,corporate,United States,Santa Clara,California,95051.0,west,OFF-PA-10000174,Office Supplies,Paper,"Message Book, Wirebound, Four 5 1/2"" X 4"" Forms/Pg., 200 Dupl. Sets/Book",$ 20.56,2,0.0,9.6632
511,CA-2017-135307,2017-11-26,11/27/2017,first class,LS-17245,Lynn Smith,CONSUMER,United States,Gladstone,Missouri,64118.0,central,FUR-FU-10001290,furniture,Furnishings,Executive Impressions Supervisor Wall Clock,N/A,3,0.0,$ 40.42
4192,CA-2015-129392,2015-07-08,7/8/2015,same day,DM-13015,Darrin Martin,Consumer,United States,Houston,Texas,77070.0,Central,OFF-PA-10004248,OFFICE SUPPLIES,Paper,Xerox 1990,$ 21.12,5,0.2,6.60 USD
7429,US-2014-164763,2014-03-17,3/21/2014,Standard Class,MH-17440,Mark Haberlin,corporate,United States,Jackson,Mississippi,,South,OFF-BI-10000309,office supplies,Binders,"GBC Twin Loop Wire Binding Elements, 9/16"" Spine, Black",  $30.44  ,2,0.0,  $14.92  
851,CA-2016-152534,06/20/2016,6/25/2016,SECOND CLASS,DP-13105,Dave Poirier,CORPORATE,United States,Salinas,California,,WEST,OFF-AR-10002335,Office Supplies,Art,DIXON Oriole Pencils,5.16 USD,2,0.0,1.3416
9857,CA-2014-120950,2014-11-06,11/11/2014,  Standard Class  ,GA-14515,George Ashbrook,  Consumer  ,United States,Columbus,Georgia,31907.0,South,OFF-PA-10000587,  Office Supplies  ,Paper,"Array Parchment Paper, Assorted Colors",43.68,6,0.0,20.97 USD
6034,CA-2015-130253,14-Dec-2015,12/18/2015,Standard Class,PP-18955,Paul Prost,Home Office,United States,Los Angeles,California,90036.0,west,FUR-FU-10002963,Furniture,Furnishings,"Master Caster Door Stop, Gray",15.24,3,0.0,5.1816
7964,CA-2017-104864,2017/11/18 00:00:00,11/23/2017,Second Class,JS-15685,,Corporate,United States,Miramar,Florida,33023.0,South,OFF-AP-10002684,Office Supplies,Appliances,"Acco 7-Outlet Masterpiece Power Center, Wihtout Fax/Phone Line Protection",$ 389.06,4,0.2,48.63 USD
7875,CA-2016-101672,2016-10-03,10/7/2016,  Standard Class  ,DB-12910,Daniel Byrd,HOME OFFICE,United States,Lake Forest,California,92630.0,West,OFF-PA-10001878,  Office Supplies  ,Paper,Xerox 1891,$ 97.82,2,0.0,45.9754
1331,CA-2017-127705,2017-06-02,6/6/2017,STANDARD CLASS,AB-10255,Alejandro Ballentine,HOME OFFICE,United States,Lorain,Ohio,44052.0,East,TEC-PH-10000347,Technology,Phones,Cush Cases Heavy Duty Rugged Cover Case for Samsung Galaxy S5 - Purple,N/A,1,0.4,-0.6435
3474,CA-2017-111815,03-Mar-2017,3/10/2017,Standard Class,EP-13915,Emily Phan,Consumer,United States,Dearborn Heights,Michigan,48127.0,CENTRAL,FUR-CH-10000785,  Furniture  ,Chairs,Global Ergonomic Managers Chair,180.98,1,0.0,$ 47.05
5624,CA-2016-121748,24-Oct-2016,10/28/2016,Second Class,VW-21775,Victoria Wilson,  Corporate  ,United States,Los Angeles,California,90032.0,West,TEC-AC-10003063,TECHNOLOGY,Accessories,Micro Innovations USB RF Wireless Keyboard with Mouse,  $100.00  ,4,0.0,21.0
1319,CA-2014-160773,2014/07/01 00:00:00,7/5/2014,Standard Class,LW-16825,Laurel Workman,CORPORATE,United States,Deltona,Florida,32725.0,South,TEC-PH-10004586,Technology,Phones,Wilson SignalBoost 841262 DB PRO Amplifier Kit,-,2,0.2,71.99
3334,CA-2017-122595,12/14/2017,12/20/2017,  Standard Class  ,GM-14455,,Home Office,United States,Chicago,Illinois,60653.0,Central,FUR-FU-10002963,furniture,Furnishings,"Master Caster Door Stop, Gray",2.032,1,0.6,$ -1.32
4907,US-2014-146353,10/14/2014,10/16/2014,SECOND CLASS,JE-15610,Jim Epp,CORPORATE,United States,Concord,New Hampshire,3301.0,East,OFF-ST-10001469,Office Supplies,Storage,Fellowes Bankers Box Recycled Super Stor/Drawer,$ 269.90,5,0.0,$ 16.19
3383,CA-2015-130659,2015-12-04,12/9/2015,  Second Class  ,MS-17365,Maribeth Schnelling,consumer,United States,New York City,New York,10035.0,  East  ,OFF-EN-10004147,Office Supplies,Envelopes,Wausau Papers Astrobrights Colored Envelopes,-,3,0.0,8.7906
1091,CA-2017-158407,06/04/2017,6/10/2017,Standard Class,LW-16990,Lindsay Williams,Corporate,United States,Monroe,North Carolina,28110.0,South,TEC-PH-10001819,Technology,Phones,Innergie mMini Combo Duo USB Travel Charging Kit,71.98 USD,2,0.2,25.1944
5958,CA-2016-127138,2016/03/12 00:00:00,3/15/2016,Second Class,DK-13225,Dean Katz,CORPORATE,United States,San Francisco,California,94109.0,West,OFF-AP-10003842,  Office Supplies  ,Appliances,Euro-Pro Shark Turbo Vacuum,154.9,5,0.0,40.27 USD
1852,CA-2015-160472,2015-07-20,7/25/2015,SECOND CLASS,RK-19300,Ralph Kennedy,  Consumer  ,United States,South Bend,Indiana,46614.0,central,OFF-PA-10000528,OFFICE SUPPLIES,Paper,Xerox 1981,26.4,5,0.0,  $11.88  
6136,CA-2015-105613,2015-10-18,10/22/2015,STANDARD CLASS,KN-16705,Kristina Nunn,HOME OFFICE,United States,Mcallen,Texas,,  Central  ,TEC-AC-10000521,  Technology  ,Accessories,"Verbatim Slim CD and DVD Storage Cases, 50/Pack",27.70 USD,3,0.2,3.46 USD
3339,US-2017-109253,2017-08-21,8/22/2017,First Class,PR-18880,Patrick Ryan,Consumer,United States,Oakland,California,94601.0,WEST,OFF-BI-10000962,Office Supplies,Binders,"Acco Flexible ACCOHIDE Square Ring Data Binder, Dark Blue, 11 1/2"" X 14"" 7/8""",  $117.14  ,9,0.2,42.4647
3509,CA-2014-166863,2014-06-20,6/24/2014,  Standard Class  ,SC-20020,Sam Craven,CONSUMER,United States,Plano,Texas,75023.0,central,OFF-PA-10001166,Office Supplies,Paper,Xerox 2,$ 15.55,3,0.2,5.44 USD
3992,CA-2015-161998,05/01/2015,5/5/2015,STANDARD CLASS,DB-13120,David Bremer,Corporate,United States,Tampa,Florida,33614.0,south,FUR-FU-10001095,  Furniture  ,Furnishings,DAX Black Cherry Wood-Tone Poster Frame,$ 63.55,3,0.2,14.2992
9048,CA-2017-137463,2017/12/16 00:00:00,12/20/2017,  Second Class  ,KM-16225,Kalyca Meade,Corporate,United States,Sunnyvale,California,94086.0,  West  ,OFF-AR-10001988,Office Supplies,Art,Bulldog Table or Wall-Mount Pencil Sharpener,29.95,5,0.0,8.69 USD
5096,US-2014-140452,06-Dec-2014,12/10/2014,Standard Class,BK-11260,Berenike Kampe,CONSUMER,United States,Chicago,Illinois,60610.0,central,TEC-PH-10000307,Technology,Phones,Shocksock Galaxy S4 Armband,$ 35.04,4,0.2,-7.008
1559,CA-2015-112116,Pending,3/18/2015,second class,JE-15475,Jeremy Ellison,  Consumer  ,United States,Seattle,Washington,,WEST,FUR-TA-10001039,FURNITURE,Tables,KI Adjustable-Height Table,  $171.96  ,2,0.0,$ 44.71
7591,CA-2016-158778,2016-09-05,9/9/2016,Standard Class,DB-13210,Dean Braden,  Consumer  ,United States,Philadelphia,Pennsylvania,19134.0,  East  ,FUR-FU-10000260,  Furniture  ,Furnishings,"6"" Cubicle Wall Clock, Black",58.248,9,0.2,$ 11.65
9955,CA-2015-141593,2015/12/14 00:00:00,12/16/2015,second class,DB-12970,Darren Budd,Corporate,United States,Los Angeles,California,,west,OFF-BI-10000948,office supplies,Binders,"GBC Laser Imprintable Binding System Covers, Desert Sand",$ 34.25,3,0.2,11.5587
5988,CA-2016-163776,19-Jul-2016,7/25/2016,  Standard Class  ,JS-16030,Joy Smith,Consumer,United States,Hattiesburg,Mississippi,39401.0,  South  ,OFF-PA-10001033,office supplies,Paper,Xerox 1893,$ 245.94,6,0.0,120.5106
2031,CA-2015-117961,2015-11-26,11/30/2015,standard class,GP-14740,Guy Phonely,Corporate,United States,Leominster,Massachusetts,1453.0,  East  ,OFF-BI-10003707,OFFICE SUPPLIES,Binders,Aluminum Screw Posts,$ 61.04,4,0.0,30.52
9564,CA-2016-129280,2016-05-03,5/5/2016,FIRST CLASS,SM-20905,Susan MacKendrick,Consumer,United States,Newark,Ohio,43055.0,East,OFF-LA-10000081,office supplies,Labels,Avery 496,6.0,2,0.2,2.1
9286,CA-2015-102778,21-Nov-2015,11/24/2015,FIRST CLASS,JH-15820,John Huston,CONSUMER,United States,Monroe,North Carolina,28110.0,  South  ,FUR-FU-10000087,FURNITURE,Furnishings,"Executive Impressions 14"" Two-Color Numerals Wall Clock",18.176,1,0.2,4.77 USD
15,US-2015-118983,22-Nov-2015,11/26/2015,Standard Class,HP-14815,Harold Pawlan,  Home Office  ,United States,Fort Worth,Texas,76106.0,Central,OFF-AP-10002311,  Office Supplies  ,Appliances,"Holmes Replacement Filter for HEPA Air Cleaner, Very Large Room, HEPA Filter",68.81,5,0.8,$ -123.86
7186,CA-2017-133102,2017/08/17 00:00:00,8/24/2017,  Standard Class  ,ED-13885,Emily Ducich,Home Office,United States,Houston,Texas,77095.0,Central,OFF-AR-10003183,office supplies,Art,Avery Fluorescent Highlighter Four-Color Set,8.016,3,0.2,$ 1.00
6202,CA-2015-146675,2015-04-16,4/20/2015,Standard Class,SB-20185,Sarah Brown,Consumer,United States,Evanston,Illinois,,CENTRAL,TEC-AC-10004396,  Technology  ,Accessories,Logitech Keyboard K120,43.56,3,0.2,$ -4.90
961,CA-2017-152142,2017-11-14,11/19/2017,Standard Class,LW-16990,Lindsay Williams,  Corporate  ,United States,San Francisco,California,94110.0,West,FUR-CH-10002965,Furniture,Chairs,"Global Leather Highback Executive Chair with Pneumatic Height Adjustment, Black",  $321.57  ,2,0.2,28.1372
9037,CA-2015-166492,04/07/2015,4/10/2015,First Class,RP-19390,Resi Pölking,consumer,United States,New York City,New York,10035.0,east,OFF-PA-10002262,Office Supplies,Paper,Xerox 192,25.92,4,0.0,$ 12.44
5465,CA-2014-146591,2014-01-19,1/20/2014,first class,TS-21340,Toby Swindell,consumer,United States,Scottsdale,Arizona,85254.0,West,OFF-EN-10002504,office supplies,Envelopes,"Tyvek  Top-Opening Peel & Seel Envelopes, Plain White",N/A,5,0.2,-
6866,US-2016-126452,21-Aug-2016,8/28/2016,  Standard Class  ,SC-20230,Scot Coram,Corporate,United States,Los Angeles,California,90004.0,West,TEC-PH-10003555,Technology,Phones,Motorola HK250 Universal Bluetooth Headset,91.96,5,0.2,$ -20.69
6320,CA-2017-161459,2017-11-25,11/29/2017,Second Class,EB-13750,Edward Becker,Corporate,United States,Laguna Niguel,California,92677.0,west,OFF-PA-10002377,Office Supplies,Paper,"Adams Telephone Message Book W/Dividers/Space For Phone Numbers, 5 1/4""X8 1/2"", 200/Messages",34.08 USD,6,0.0,15.336
5923,US-2015-126977,2015/09/17 00:00:00,9/23/2015,  Standard Class  ,PF-19120,Peter Fuller,consumer,United States,New York City,New York,10035.0,East,TEC-PH-10000169,  Technology  ,Phones,ARKON Windshield Dashboard Air Vent Car Mount Holder,67.8,4,0.0,1.356
8521,CA-2017-118003,12/04/2017,12/10/2017,Standard Class,DO-13645,Doug O'Connell,CONSUMER,United States,Paterson,New Jersey,7501.0,East,FUR-CH-10004860,Furniture,Chairs,Global Low Back Tilter Chair,$ 302.94,3,0.0,$ 18.18
334,US-2016-150147,2016-04-25,4/29/2016,Second Class,JL-15850,John Lucas,consumer,United States,Philadelphia,Pennsylvania,19134.0,  East  ,OFF-BI-10001982,Office Supplies,Binders,Wilson Jones Custom Binder Spines & Labels,4.90 USD,3,0.7,-3.43 USD
6482,CA-2017-140872,06/03/2017,6/10/2017,Standard Class,NR-18550,,consumer,United States,Pembroke Pines,Florida,33024.0,South,FUR-BO-10002824,furniture,Bookcases,Bush Mission Pointe Library,$ 241.57,2,0.2,0.0
2610,CA-2014-127446,25-Nov-2014,11/30/2014,STANDARD CLASS,MC-17590,Matt Collister,CORPORATE,United States,Arlington,Texas,76017.0,Central,FUR-TA-10000577,  Furniture  ,Tables,Bretford CR4500 Series Slim Rectangular Table,-,5,0.3,$ -121.87
9490,US-2016-102232,08/05/2016,8/11/2016,STANDARD CLASS,MF-17665,Maureen Fritzler,corporate,United States,Huntsville,Alabama,35810.0,South,OFF-AR-10000538,Office Supplies,Art,"Boston Model 1800 Electric Pencil Sharpener, Gray",197.05,7,0.0,$ 59.12
3209,CA-2016-108882,09-Jan-2016,1/15/2016,standard class,LA-16780,Laura Armstrong,corporate,United States,Fresno,California,93727.0,West,TEC-AC-10000420,Technology,Accessories,Logitech G500s Laser Gaming Mouse with Adjustable Weight Tuning,349.95,5,0.0,118.98 USD
7783,CA-2016-162236,04-Nov-2016,11/6/2016,second class,ER-13855,Elpida Rittenbach,Corporate,United States,Charlotte,North Carolina,28205.0,  South  ,OFF-ST-10003442,Office Supplies,Storage,Eldon Portable Mobile Manager,$ 45.25,2,0.2,-
8335,CA-2016-153269,03/09/2016,3/12/2016,FIRST CLASS,PS-18760,Pamela Stobb,Consumer,United States,Andover,Massachusetts,1810.0,East,OFF-BI-10004632,  Office Supplies  ,Binders,GBC Binding covers,  $51.80  ,4,0.0,$ 23.31
264,US-2014-106992,09/19/2014,9/21/2014,second class,SB-20290,Sean Braxton,CORPORATE,United States,Houston,Texas,77036.0,  Central  ,TEC-MA-10003353,Technology,Machines,Xerox WorkCentre 6505DN Laser Multifunction Printer,2519.958,7,0.4,  $-252.00  
3282,US-2014-117170,09/17/2014,9/24/2014,Standard Class,KT-16465,Kean Takahito,Consumer,United States,Raleigh,North Carolina,27604.0,  South  ,TEC-AC-10001109,Technology,Accessories,Logitech Trackman Marble Mouse,47.98 USD,2,0.2,$ 13.20
8362,CA-2017-147207,2017/01/02 00:00:00,1/4/2017,Second Class,TS-21655,Trudy Schmidt,Consumer,United States,El Paso,Texas,79907.0,CENTRAL,OFF-AP-10000027,office supplies,Appliances,Hoover Commercial SteamVac,5.43 USD,2,0.8,$ -13.58
6790,CA-2015-161445,07-Sep-2015,9/9/2015,Second Class,CC-12610,Corey Catlett,Corporate,United States,Durham,North Carolina,27707.0,South,OFF-AR-10001953,  Office Supplies  ,Art,Boston 1645 Deluxe Heavier-Duty Electric Pencil Sharpener,140.736,4,0.2,12.3144
5322,US-2017-162558,02-Oct-2017,10/5/2017,  First Class  ,Dp-13240,Dean percer,Home Office,United States,Knoxville,Tennessee,37918.0,SOUTH,OFF-BI-10003984,Office Supplies,Binders,Lock-Up Easel 'Spel-Binder',34.24 USD,4,0.7,-26.2476
3066,CA-2017-106859,03/13/2017,3/18/2017,Second Class,BF-11215,Benjamin Farhat,Home Office,United States,Albuquerque,New Mexico,87105.0,west,TEC-PH-10004531,  Technology  ,Phones,OtterBox Commuter Series Case - iPhone 5 & 5s,-,8,0.2,  $49.26  
5377,CA-2017-134152,05/27/2017,5/31/2017,  Standard Class  ,RP-19855,Roy Phan,CORPORATE,United States,Seattle,Washington,,west,OFF-AR-10004062,OFFICE SUPPLIES,Art,Staples in misc. colors,31.44 USD,3,0.0,-
3887,CA-2016-167759,03-Mar-2016,3/8/2016,Second Class,CC-12670,Craig Carreira,Consumer,United States,Bloomington,Indiana,47401.0,central,TEC-PH-10003171,TECHNOLOGY,Phones,Plantronics Encore H101 Dual Earpieces Headset,134.85,3,0.0,-
9182,CA-2017-156776,08/07/2017,8/11/2017,Standard Class,JL-15505,Jeremy Lonsdale,CONSUMER,United States,Westminster,California,92683.0,WEST,OFF-BI-10000216,Office Supplies,Binders,"Mead 1st Gear 2"" Zipper Binder, Asst. Colors",31.13 USD,3,0.2,11.673
9895,US-2016-115441,2016-07-25,7/28/2016,second class,SH-19975,Sally Hughsby,Corporate,United States,Milwaukee,Wisconsin,53209.0,  Central  ,FUR-FU-10001756,Furniture,Furnishings,"Eldon Expressions Desk Accessory, Wood Photo Frame, Mahogany",$ 95.20,5,0.0,-
953,CA-2017-131156,2017/04/03 00:00:00,4/7/2017,Standard Class,KH-16360,Katherine Hughes,Consumer,United States,Philadelphia,Pennsylvania,19143.0,East,FUR-FU-10001940,Furniture,Furnishings,Staple-based wall hangings,$ 25.47,4,0.2,$ 7.64
1373,US-2014-157021,01-Apr-2014,4/6/2014,SECOND CLASS,KM-16720,Kunst Miller,Consumer,United States,Vallejo,California,94591.0,west,OFF-LA-10002312,Office Supplies,Labels,Avery 490,29.60 USD,2,0.0,14.80 USD
6272,CA-2017-102379,2017-12-02,12/6/2017,standard class,BB-11545,Brenda Bowman,CORPORATE,United States,Oakland,California,94601.0,west,OFF-AR-10004022,OFFICE SUPPLIES,Art,Panasonic KP-380BK Classic Electric Pencil Sharpener,  $179.90  ,5,0.0,44.98 USD
8512,CA-2016-103359,12/22/2016,12/26/2016,  Standard Class  ,LC-16885,Lena Creighton,Consumer,United States,New York City,New York,10035.0,East,OFF-BI-10004233,OFFICE SUPPLIES,Binders,"GBC Pre-Punched Binding Paper, Plastic, White, 8-1/2"" x 11""",$ 25.58,2,0.2,8.95 USD
3108,CA-2016-121671,07/17/2016,7/22/2016,Standard Class,AA-10480,Andrew Allen,consumer,United States,Springfield,Missouri,65807.0,CENTRAL,OFF-PA-10001471,Office Supplies,Paper,Strathmore Photo Frame Cards,21.93 USD,3,0.0,10.0878
1108,US-2016-110156,11/19/2016,11/24/2016,  Standard Class  ,EH-13945,Eric Hoffmann,CONSUMER,United States,Houston,Texas,77041.0,CENTRAL,OFF-BI-10003676,Office Supplies,Binders,"GBC Standard Recycled Report Covers, Clear Plastic Sheets",N/A,5,0.8,-17.25 USD
368,CA-2016-155516,Pending,10/21/2016,same day,MK-17905,Michael Kennedy,  Corporate  ,United States,Manchester,Connecticut,6040.0,East,OFF-SU-10001225,office supplies,Supplies,Staple remover,7.36 USD,2,0.0,$ 0.15
8414,CA-2016-147109,17-Dec-2016,12/21/2016,STANDARD CLASS,AH-10075,Adam Hart,CORPORATE,United States,Arlington,Texas,76017.0,CENTRAL,OFF-PA-10001972,  Office Supplies  ,Paper,Xerox 214,51.84,10,0.2,$ 18.14
6965,CA-2016-157161,07/16/2016,7/20/2016,second class,JD-15895,Jonathan Doherty,CORPORATE,United States,Columbia,South Carolina,29203.0,South,OFF-BI-10004728,  Office Supplies  ,Binders,Wilson Jones Turn Tabs Binder Tool for Ring Binders,24.10 USD,5,0.0,11.086
5091,CA-2017-132738,2017-08-04,8/7/2017,First Class,HM-14860,Harry Marie,CORPORATE,United States,Loveland,Colorado,80538.0,WEST,OFF-EN-10001141,office supplies,Envelopes,"Manila Recycled Extra-Heavyweight Clasp Envelopes, 6"" x 9""",$ 8.78,1,0.2,$ 3.18
2621,CA-2017-115931,Pending,12/26/2017,Standard Class,JM-15655,Jim Mitchum,  Corporate  ,United States,Carlsbad,New Mexico,88220.0,  West  ,OFF-ST-10000876,OFFICE SUPPLIES,Storage,Eldon Simplefile Box Office,  $37.32  ,3,0.0,10.4496
7946,CA-2017-134194,12/25/2017,1/1/2018,STANDARD CLASS,GA-14725,Guy Armstrong,CONSUMER,United States,Dallas,Texas,75081.0,central,OFF-BI-10001597,Office Supplies,Binders,"Wilson Jones Ledger-Size, Piano-Hinge Binder, 2"", Blue",  $40.98  ,5,0.8,-65.568
9727,CA-2017-167395,2017/12/02 00:00:00,12/4/2017,First Class,KM-16720,Kunst Miller,CONSUMER,United States,Lowell,Massachusetts,1852.0,  East  ,OFF-AP-10001293,Office Supplies,Appliances,Belkin 8 Outlet Surge Protector,286.86 USD,7,0.0,80.32 USD
9250,CA-2016-127761,2016-11-10,11/14/2016,Standard Class,SW-20275,Scott Williamson,  Consumer  ,United States,New York City,New York,10009.0,  East  ,TEC-PH-10003691,technology,Phones,BlackBerry Q10,881.93,7,0.0,220.48 USD
1157,CA-2014-136567,2014-12-20,12/21/2014,FIRST CLASS,PS-19045,Penelope Sewall,Home Office,United States,Harrisonburg,Virginia,22801.0,SOUTH,OFF-BI-10003982,Office Supplies,Binders,Wilson Jones Century Plastic Molded Ring Binders,62.31 USD,3,0.0,N/A
971,CA-2014-115791,2014/01/16 00:00:00,1/18/2014,Second Class,DL-13315,Delfina Latchford,CONSUMER,United States,Philadelphia,Pennsylvania,19134.0,East,FUR-FU-10001095,Furniture,Furnishings,DAX Black Cherry Wood-Tone Poster Frame,127.104,6,0.2,28.5984
9234,CA-2016-126732,2016/09/02 00:00:00,9/6/2016,STANDARD CLASS,LR-16915,Lena Radford,consumer,United States,Los Angeles,California,90036.0,West,OFF-ST-10000321,Office Supplies,Storage,Akro Stacking Bins,  $23.67  ,3,0.0,0.9468
966,CA-2017-135279,2017/04/09 00:00:00,4/11/2017,First Class,BS-11800,Bryan Spruell,Home Office,United States,New York City,New York,10011.0,East,OFF-AR-10004344,Office Supplies,Art,Bulldog Vacuum Base Pencil Sharpener,35.97,3,0.0,9.7119
2158,CA-2014-124646,2014-06-22,6/24/2014,First Class,DV-13465,Dianna Vittorini,consumer,United States,Minneapolis,Minnesota,55407.0,CENTRAL,OFF-ST-10001469,OFFICE SUPPLIES,Storage,Fellowes Bankers Box Recycled Super Stor/Drawer,161.94 USD,3,0.0,9.72 USD
5213,CA-2016-145898,2016/09/26 00:00:00,9/26/2016,same day,CM-12445,Chuck Magee,consumer,United States,Redlands,California,,West,OFF-ST-10004507,  Office Supplies  ,Storage,Advantus Rolling Storage Box,51.45 USD,3,0.0,13.8915
3149,CA-2016-120558,2016-06-07,6/10/2016,  First Class  ,RD-19810,Ross DeVincentis,Home Office,United States,New York City,New York,10035.0,East,OFF-PA-10003441,office supplies,Paper,Xerox 226,32.4,5,0.0,  $15.55  
1732,CA-2014-125136,09/28/2014,10/3/2014,STANDARD CLASS,KD-16495,Keith Dawkins,CORPORATE,United States,Fayetteville,North Carolina,28314.0,SOUTH,OFF-PA-10001804,OFFICE SUPPLIES,Paper,Xerox 195,10.69 USD,2,0.2,3.74 USD
8458,US-2017-118556,05/28/2017,6/2/2017,SECOND CLASS,TH-21235,Tiffany House,CORPORATE,United States,Chicago,Illinois,60653.0,Central,OFF-BI-10004364,office supplies,Binders,Storex Dura Pro Binders,3.564,3,0.8,-6.237
4588,US-2017-163790,11/02/2017,11/4/2017,  Second Class  ,NL-18310,Nancy Lomonaco,Home Office,United States,Danville,California,94526.0,West,OFF-FA-10004838,office supplies,Fasteners,"Super Bands, 12/Pack",5.58 USD,3,0.0,0.17 USD
7277,CA-2014-120670,02-Nov-2014,11/6/2014,standard class,JK-16120,Julie Kriz,home office,United States,Fort Lauderdale,Florida,33311.0,  South  ,TEC-AC-10004171,Technology,Accessories,Razer Kraken 7.1 Surround Sound Over Ear USB Gaming Headset,799.92 USD,10,0.2,239.98 USD
1955,CA-2017-157987,09/02/2017,9/6/2017,STANDARD CLASS,AC-10615,Ann Chong,CORPORATE,United States,New York City,New York,10009.0,East,OFF-AR-10004582,OFFICE SUPPLIES,Art,BIC Brite Liner Grip Highlighters,  $4.92  ,3,0.0,$ 2.21
7776,CA-2014-166961,2014-12-27,12/31/2014,STANDARD CLASS,CD-12790,Cynthia Delaney,Home Office,United States,Moreno Valley,California,92553.0,  West  ,OFF-AP-10001366,Office Supplies,Appliances,Staple holder,10.98,1,0.0,$ 2.96
8021,CA-2017-167227,02-Nov-2017,11/5/2017,first class,NP-18670,Nora Paige,consumer,United States,Saint Louis,Missouri,63116.0,Central,OFF-PA-10001838,  Office Supplies  ,Paper,"Adams Telephone Message Book W/Dividers/Space For Phone Numbers, 5 1/4""X8 1/2"", 300/Messages",$ 11.76,2,0.0,$ 5.76
8447,CA-2017-125451,2017-10-23,10/24/2017,FIRST CLASS,AH-10075,Adam Hart,corporate,United States,Cranston,Rhode Island,2920.0,East,FUR-FU-10004963,furniture,Furnishings,"Eldon 400 Class Desk Accessories, Black Carbon",35.0,4,0.0,14.7
102,CA-2016-158568,2016-08-29,9/2/2016,STANDARD CLASS,RB-19465,Rick Bensley,home office,United States,Chicago,Illinois,60610.0,central,OFF-BI-10002609,  Office Supplies  ,Binders,Avery Hidden Tab Dividers for Binding Systems,1.788,3,0.8,-3.04 USD
4197,US-2015-134271,04/18/2015,4/23/2015,SECOND CLASS,RF-19735,Roland Fjeld,consumer,United States,New York City,New York,10024.0,East,OFF-LA-10004093,Office Supplies,Labels,Avery 486,$ 21.93,3,0.0,  $10.31  
7413,CA-2017-121125,30-May-2017,6/3/2017,STANDARD CLASS,MG-17890,Michael Granlund,home office,United States,Tigard,Oregon,97224.0,West,TEC-AC-10002323,Technology,Accessories,SanDisk Ultra 32 GB MicroSDHC Class 10 Memory Card,35.36,2,0.2,-3.094
304,US-2017-152380,Pending,11/23/2017,  Standard Class  ,JH-15910,Jonathan Howell,Consumer,United States,Chicago,Illinois,60623.0,Central,FUR-TA-10002533,  Furniture  ,Tables,BPI Conference Tables,$ 219.07,3,0.5,-131.445
77,US-2017-118038,12/09/2017,12/11/2017,First Class,KB-16600,,Corporate,United States,Houston,Texas,77041.0,CENTRAL,FUR-FU-10000260,FURNITURE,Furnishings,"6"" Cubicle Wall Clock, Black",9.708,3,0.6,-5.8248
4709,CA-2017-138149,06/29/2017,6/30/2017,  First Class  ,WB-21850,William Brown,Consumer,United States,Los Angeles,California,90049.0,  West  ,OFF-ST-10002974,OFFICE SUPPLIES,Storage,"Trav-L-File Heavy-Duty Shuttle II, Black",$ 130.71,3,0.0,-
1806,US-2016-116729,2016-12-25,12/28/2016,First Class,GK-14620,Grace Kelly,Corporate,United States,Los Angeles,California,90049.0,  West  ,TEC-PH-10002200,TECHNOLOGY,Phones,Samsung Galaxy Note 2,"$ 2,575.94",7,0.2,$ 257.59
3904,CA-2015-167010,04/05/2015,4/10/2015,  Standard Class  ,VT-21700,Valerie Takahito,  Home Office  ,United States,Philadelphia,Pennsylvania,19143.0,east,OFF-AP-10004036,Office Supplies,Appliances,Bionaire 99.97% HEPA Air Cleaner,98.112,7,0.2,$ 18.40
4337,CA-2015-154795,12/20/2015,12/24/2015,Standard Class,GZ-14470,Gary Zandusky,Consumer,United States,Bullhead City,Arizona,86442.0,  West  ,FUR-FU-10002088,furniture,Furnishings,Nu-Dell Float Frame 11 x 14 1/2,14.368,2,0.2,3.95 USD
2923,US-2015-141453,30-Nov-2015,12/3/2015,Second Class,DB-13270,Deborah Brumfield,Home Office,United States,Austin,Texas,78745.0,central,OFF-BI-10000301,OFFICE SUPPLIES,Binders,GBC Instant Report Kit,3.882,3,0.8,-5.823
8969,CA-2014-166730,2014-12-30,1/1/2015,First Class,DD-13570,Dorothy Dickinson,  Consumer  ,United States,Memphis,Tennessee,38109.0,South,OFF-ST-10002554,Office Supplies,Storage,Tennsco Industrial Shelving,N/A,1,0.2,-8.8038
488,CA-2014-154627,10/29/2014,10/31/2014,First Class,SA-20830,Sue Ann Reed,CONSUMER,United States,Chicago,Illinois,60610.0,Central,TEC-PH-10001363,technology,Phones,Apple iPhone 5S,2735.952,6,0.2,341.994
7606,CA-2016-101791,2016-05-27,5/31/2016,Standard Class,BS-11665,Brian Stugart,CONSUMER,United States,Chicago,Illinois,60623.0,CENTRAL,FUR-FU-10002191,furniture,Furnishings,G.E. Halogen Desk Lamp Bulbs,5.584,2,0.6,-1.6752
8723,CA-2016-120824,12-Jun-2016,6/16/2016,Second Class,AW-10930,Arthur Wiediger,HOME OFFICE,United States,Houston,Texas,77070.0,Central,OFF-BI-10001525,office supplies,Binders,"Acco Pressboard Covers with Storage Hooks, 14 7/8"" x 11"", Executive Red",-,2,0.8,-2.67 USD
7646,CA-2015-161452,2015/04/05 00:00:00,4/11/2015,STANDARD CLASS,CA-11965,Carol Adams,CORPORATE,United States,Los Angeles,California,90036.0,WEST,FUR-CH-10003973,FURNITURE,Chairs,GuestStacker Chair with Chrome Finish Legs,$ 892.22,3,0.2,89.2224
3044,CA-2017-149559,11-Sep-2017,9/12/2017,  Same Day  ,KF-16285,Karen Ferguson,Home Office,United States,Long Beach,California,90805.0,west,FUR-CH-10002320,  Furniture  ,Chairs,Hon Pagoda Stacking Chairs,2054.272,8,0.2,  $256.78  
347,CA-2017-134306,2017/07/08 00:00:00,7/12/2017,STANDARD CLASS,TD-20995,Tamara Dahlen,  Consumer  ,United States,Lowell,Massachusetts,1852.0,  East  ,OFF-AR-10004027,OFFICE SUPPLIES,Art,"Binney & Smith inkTank Erasable Desk Highlighter, Chisel Tip, Yellow, 12/Box",$ 7.56,3,0.0,$ 3.10
1209,CA-2016-137050,Pending,7/18/2016,Second Class,SW-20755,Steven Ward,CORPORATE,United States,New York City,New York,10009.0,EAST,OFF-FA-10002988,OFFICE SUPPLIES,Fasteners,Ideal Clamps,14.07,7,0.0,6.8943
3027,CA-2017-169054,04/22/2017,4/26/2017,Standard Class,MO-17800,,Home Office,United States,Philadelphia,Pennsylvania,19140.0,East,FUR-FU-10001488,Furniture,Furnishings,"Tenex 46"" x 60"" Computer Anti-Static Chairmat, Rectangular Shaped",254.352,3,0.2,0.0
8843,US-2016-112396,02/09/2016,2/13/2016,standard class,JR-16210,Justin Ritter,Corporate,United States,San Francisco,California,94110.0,west,TEC-AC-10004761,technology,Accessories,Maxell 4.7GB DVD+RW 3/Pack,31.86,2,0.0,$ 11.15
6206,CA-2016-133697,10/20/2016,10/24/2016,SECOND CLASS,CM-12445,Chuck Magee,CONSUMER,United States,Houston,Texas,77095.0,central,OFF-PA-10000726,office supplies,Paper,"Black Print Carbonless Snap-Off Rapid Letter, 8 1/2"" x 7""",-,7,0.2,$ 15.94
5690,CA-2015-119550,12/26/2015,12/31/2015,standard class,RB-19705,Roger Barcio,HOME OFFICE,United States,Houston,Texas,77070.0,  Central  ,FUR-CH-10002044,Furniture,Chairs,"Office Star - Contemporary Task Swivel chair with 2-way adjustable arms, Plum",$ 275.06,3,0.3,-90.3762
2304,CA-2017-157931,09/17/2017,9/22/2017,Second Class,MO-17800,Meg O'Connel,HOME OFFICE,United States,Roswell,Georgia,30076.0,SOUTH,FUR-CH-10000785,Furniture,Chairs,Global Ergonomic Managers Chair,723.92,4,0.0,188.2192
5071,CA-2014-124478,08/08/2014,8/12/2014,Standard Class,MA-17560,Matt Abelman,home office,United States,Trenton,Michigan,48183.0,Central,OFF-EN-10002500,office supplies,Envelopes,Globe Weis Peel & Seel First Class Envelopes,38.34,3,0.0,17.253
4363,CA-2017-111332,05/20/2017,5/22/2017,Second Class,NC-18340,Nat Carroll,  Consumer  ,United States,Fargo,North Dakota,58103.0,Central,OFF-AR-10001953,  Office Supplies  ,Art,Boston 1645 Deluxe Heavier-Duty Electric Pencil Sharpener,N/A,3,0.0,-
3521,CA-2015-168767,04/10/2015,4/15/2015,  Standard Class  ,DM-12955,Dario Medina,  Corporate  ,United States,Sacramento,California,95823.0,  West  ,OFF-BI-10000773,OFFICE SUPPLIES,Binders,Insertable Tab Post Binder Dividers,N/A,2,0.2,4.3308
4,US-2015-108966,2015-10-11,10/18/2015,Standard Class,SO-20335,Sean O'Donnell,Consumer,United States,Fort Lauderdale,Florida,33311.0,SOUTH,FUR-TA-10000577,  Furniture  ,Tables,Bretford CR4500 Series Slim Rectangular Table,957.58 USD,5,0.45,  $-383.03  
8698,CA-2017-119284,15-Jun-2017,6/20/2017,standard class,TS-21205,Thomas Seio,Corporate,United States,Nashville,Tennessee,37211.0,  South  ,FUR-FU-10004351,Furniture,Furnishings,Staple-based wall hangings,31.17 USD,4,0.2,-
4619,CA-2015-117800,2015-09-21,9/26/2015,  Standard Class  ,TH-21550,Tracy Hopkins,HOME OFFICE,United States,Everett,Massachusetts,2149.0,East,FUR-CH-10000785,FURNITURE,Chairs,Global Ergonomic Managers Chair,N/A,3,0.0,-
2120,CA-2017-155460,2017-04-13,4/15/2017,First Class,RW-19630,Rob Williams,CORPORATE,United States,Seattle,Washington,98105.0,west,OFF-BI-10003091,office supplies,Binders,GBC DocuBind TL200 Manual Binding Machine,895.92 USD,5,0.2,  $302.37  
8506,CA-2016-130400,03/08/2016,3/12/2016,  Standard Class  ,SJ-20125,Sanjit Jacobs,Home Office,United States,Dallas,Texas,75217.0,Central,OFF-BI-10001757,OFFICE SUPPLIES,Binders,Pressboard Hanging Data Binders for Unburst Sheets,8.856,9,0.8,-14.17 USD
6826,CA-2016-118689,2016-10-02,10/9/2016,Standard Class,TC-20980,Tamara Chand,CORPORATE,United States,Lafayette,Indiana,47905.0,central,OFF-ST-10001558,OFFICE SUPPLIES,Storage,Acco Perma 4000 Stacking Storage Drawers,$ 32.48,2,0.0,N/A
9427,CA-2016-160479,09/15/2016,9/20/2016,Standard Class,AH-10585,Angele Hood,Consumer,United States,Seattle,Washington,98105.0,West,OFF-AR-10002445,Office Supplies,Art,SANFORD Major Accent Highlighters,  $35.40  ,5,0.0,-
291,CA-2016-110772,2016-11-20,11/24/2016,  Second Class  ,NZ-18565,Nick Zandusky,Home Office,United States,Columbus,Ohio,43229.0,East,OFF-LA-10004689,office supplies,Labels,Avery 512,18.50 USD,8,0.2,6.24 USD
8116,CA-2017-101014,29-Aug-2017,9/4/2017,STANDARD CLASS,RW-19540,Rick Wilson,Corporate,United States,Los Angeles,California,90049.0,West,FUR-FU-10003374,FURNITURE,Furnishings,Electrix Fluorescent Magnifier Lamps & Weighted Base,148.02,3,0.0,41.45 USD
3579,CA-2016-104157,07/25/2016,7/29/2016,  Standard Class  ,MT-17815,Meg Tillman,consumer,United States,Jackson,Mississippi,39212.0,South,OFF-ST-10000321,office supplies,Storage,Akro Stacking Bins,$ 7.89,1,0.0,N/A
3101,CA-2017-131233,04/14/2017,4/19/2017,  Standard Class  ,CS-12355,Christine Sundaresam,Consumer,United States,New York City,New York,10024.0,east,FUR-BO-10003441,FURNITURE,Bookcases,"Bush Westfield Collection Bookcases, Fully Assembled",242.352,3,0.2,9.09 USD
959,CA-2017-102414,05/15/2017,5/18/2017,Second Class,JA-15970,Joseph Airdo,consumer,United States,Phoenix,Arizona,85023.0,West,OFF-PA-10002333,office supplies,Paper,"Universal Ultra Bright White Copier/Laser Paper, 8 1/2"" x 11"", Ream",15.552,3,0.2,  $5.64  
1459,CA-2016-123722,2016/09/25 00:00:00,10/1/2016,  Standard Class  ,NH-18610,Nicole Hansen,  Corporate  ,United States,Irving,Texas,75061.0,Central,OFF-LA-10001569,Office Supplies,Labels,Avery 499,$ 15.94,4,0.2,  $5.18  
9823,US-2014-164406,2014/08/15 00:00:00,8/19/2014,Standard Class,BD-11605,Brian Dahlen,consumer,United States,San Francisco,California,94122.0,WEST,OFF-AP-10003287,OFFICE SUPPLIES,Appliances,Tripp Lite TLP810NET Broadband Surge for Modem/Fax,152.91,3,0.0,42.8148
3678,CA-2015-132626,09-Jul-2015,7/14/2015,  Standard Class  ,BT-11680,Brian Thompson,  Consumer  ,United States,Clinton,Maryland,20735.0,East,OFF-FA-10002763,OFFICE SUPPLIES,Fasteners,Advantus Map Pennant Flags and Round Head Tacks,15.8,4,0.0,$ 5.06
7190,CA-2016-164399,12-Nov-2016,11/15/2016,First Class,DW-13480,Dianna Wilson,Home Office,United States,San Diego,California,92024.0,West,TEC-PH-10004908,Technology,Phones,Panasonic KX TS3282W Corded phone,$ 203.98,3,0.2,  $25.50  
8724,US-2016-135209,2016-12-29,12/31/2016,  Second Class  ,MH-17290,Marc Harrigan,Home Office,United States,Miami,Florida,33178.0,south,OFF-PA-10002986,Office Supplies,Paper,Xerox 1898,37.408,7,0.2,13.0928
6955,CA-2015-129917,02-Oct-2015,10/3/2015,FIRST CLASS,HM-14980,Henry MacAllister,  Consumer  ,United States,Los Angeles,California,90008.0,West,TEC-PH-10000369,technology,Phones,HTC One Mini,503.96 USD,5,0.2,50.396
7356,CA-2015-139780,2015/12/31 00:00:00,1/2/2016,second class,AH-10690,Anna Häberlin,corporate,United States,Detroit,Michigan,48205.0,Central,OFF-BI-10004139,office supplies,Binders,Fellowes Presentation Covers for Comb Binding Machines,$ 116.40,8,0.0,52.38 USD
8514,CA-2017-141614,05-Jun-2017,6/9/2017,standard class,NS-18640,Noel Staavos,Corporate,United States,Orlando,Florida,32839.0,  South  ,OFF-PA-10002787,Office Supplies,Paper,Xerox 227,20.74 USD,4,0.2,  $7.26  
6004,US-2017-146878,2017-09-21,9/27/2017,standard class,DL-12865,Dan Lawera,  Consumer  ,United States,Miami,Florida,33142.0,  South  ,OFF-BI-10002794,  Office Supplies  ,Binders,"Avery Trapezoid Ring Binder, 3"" Capacity, Black, 1040 sheets",$ 12.29,1,0.7,  $-8.61  
5966,CA-2017-119011,2017-08-20,8/25/2017,Standard Class,LR-17035,Lisa Ryan,corporate,United States,San Francisco,California,94109.0,WEST,OFF-ST-10000777,OFFICE SUPPLIES,Storage,"Companion Letter/Legal File, Black",226.56 USD,6,0.0,$ 63.44
4722,CA-2014-106229,2014/06/07 00:00:00,6/11/2014,  Second Class  ,NR-18550,Nick Radford,Consumer,United States,Aurora,Illinois,60505.0,Central,FUR-TA-10002041,furniture,Tables,"Bevis Round Conference Table Top, X-Base",$ 268.94,3,0.5,$ -209.77
451,CA-2016-166674,2016-04-01,4/3/2016,second class,RB-19360,Raymond Buch,consumer,United States,Auburn,New York,13021.0,EAST,OFF-AR-10003156,  Office Supplies  ,Art,50 Colored Long Pencils,  $30.48  ,3,0.0,7.9248
7088,US-2017-143175,08/03/2017,8/6/2017,second class,GA-14515,George Ashbrook,CONSUMER,United States,Los Angeles,California,90004.0,West,OFF-ST-10003123,OFFICE SUPPLIES,Storage,Fellowes Bases and Tops For Staxonsteel/High-Stak Systems,  $99.87  ,3,0.0,$ 23.97
7472,CA-2015-100734,15-Sep-2015,9/20/2015,STANDARD CLASS,AC-10615,Ann Chong,CORPORATE,United States,Philadelphia,Pennsylvania,19143.0,east,OFF-ST-10001522,  Office Supplies  ,Storage,"Gould Plastics 18-Pocket Panel Bin, 34w x 5-1/4d x 20-1/2h",147.184,2,0.2,-29.44 USD
136,CA-2016-145583,2016-10-13,10/19/2016,standard class,LC-16885,Lena Creighton,Consumer,United States,Roseville,California,95661.0,West,OFF-AR-10001149,office supplies,Art,"Sanford Colorific Colored Pencils, 12/Box",-,4,0.0,  $3.46  
1781,CA-2016-124667,2016/11/11 00:00:00,11/16/2016,standard class,BD-11770,Bryan Davis,CONSUMER,United States,New York City,New York,10011.0,East,OFF-ST-10002276,Office Supplies,Storage,Safco Steel Mobile File Cart,83.36 USD,1,0.0,$ 20.84
3152,CA-2015-147830,2015/12/15 00:00:00,12/18/2015,FIRST CLASS,NF-18385,Natalie Fritzler,CONSUMER,United States,Newark,Ohio,,east,TEC-MA-10000418,technology,Machines,Cubify CubeX 3D Printer Double Head Print,1799.994,2,0.7,"$ -2,639.99"
3140,CA-2017-164168,12-Nov-2017,11/18/2017,Standard Class,LS-16975,Lindsay Shagiari,home office,United States,Dallas,Texas,75081.0,Central,FUR-FU-10001756,FURNITURE,Furnishings,"Eldon Expressions Desk Accessory, Wood Photo Frame, Mahogany",N/A,3,0.6,-17.7072
8909,CA-2015-109603,2015-01-26,2/1/2015,Standard Class,EM-13825,Elizabeth Moffitt,Corporate,United States,Moreno Valley,California,92553.0,west,OFF-PA-10003790,Office Supplies,Paper,Xerox 1991,182.72 USD,8,0.0,84.05 USD
7734,CA-2016-165673,Pending,5/19/2016,Second Class,MN-17935,Michael Nguyen,  Consumer  ,United States,Springfield,Ohio,45503.0,east,OFF-PA-10000697,  Office Supplies  ,Paper,"TOPS Voice Message Log Book, Flash Format",15.232,4,0.2,5.52 USD
1088,CA-2016-166163,2016-08-15,8/20/2016,  Second Class  ,CY-12745,Craig Yedwab,corporate,United States,Oakland,California,94601.0,West,TEC-PH-10004896,TECHNOLOGY,Phones,Nokia Lumia 521 (T-Mobile),71.976,3,0.2,7.1976
9729,CA-2017-167395,2017-12-02,12/4/2017,First Class,KM-16720,Kunst Miller,Consumer,United States,Lowell,Massachusetts,1852.0,East,OFF-SU-10001935,Office Supplies,Supplies,Staple remover,4.36,2,0.0,-
4114,CA-2015-116687,02-May-2015,5/7/2015,Standard Class,NC-18625,Noah Childs,corporate,United States,Houston,Texas,77095.0,  Central  ,OFF-LA-10000443,Office Supplies,Labels,Avery 501,$ 8.86,3,0.2,$ 2.99
9854,CA-2016-158155,2016-05-02,5/6/2016,Standard Class,EH-13765,Edward Hooks,corporate,United States,New York City,New York,10009.0,east,FUR-FU-10002253,Furniture,Furnishings,"Howard Miller 13"" Diameter Pewter Finish Round Wall Clock",$ 214.70,5,0.0,83.733
4093,CA-2017-166576,05/16/2017,5/18/2017,First Class,JM-15865,John Murray,  Consumer  ,United States,Akron,Ohio,44312.0,East,OFF-ST-10002574,office supplies,Storage,"SAFCO Commercial Wire Shelving, Black",221.024,2,0.2,$ -55.26
8745,CA-2015-162376,11/22/2015,11/25/2015,Second Class,HD-14785,,  Home Office  ,United States,Cambridge,Massachusetts,2138.0,  East  ,OFF-AR-10003056,Office Supplies,Art,Newell 341,17.12 USD,4,0.0,4.9648
1808,US-2016-116729,25-Dec-2016,12/28/2016,  First Class  ,GK-14620,Grace Kelly,corporate,United States,Los Angeles,California,90049.0,West,TEC-AC-10001465,  Technology  ,Accessories,SanDisk Cruzer 64 GB USB Flash Drive,  $254.24  ,7,0.0,$ 76.27
6189,CA-2015-138954,11/15/2015,11/17/2015,first class,MH-17785,Maya Herman,CORPORATE,United States,New York City,New York,,EAST,OFF-AR-10001955,OFFICE SUPPLIES,Art,Newell 319,119.04 USD,6,0.0,  $35.71  
5370,CA-2017-147403,09/10/2017,9/13/2017,First Class,KH-16630,Ken Heidel,Corporate,United States,Akron,Ohio,44312.0,east,OFF-PA-10003302,  Office Supplies  ,Paper,Xerox 1906,-,3,0.2,28.7064
3621,CA-2016-109743,2016-09-22,9/29/2016,standard class,SH-19975,Sally Hughsby,corporate,United States,Smyrna,Tennessee,37167.0,  South  ,OFF-AR-10003727,  Office Supplies  ,Art,Berol Giant Pencil Sharpener,40.776,3,0.2,  $4.59  
7933,US-2016-168095,2016-07-15,7/20/2016,Standard Class,MC-17425,Mark Cousins,corporate,United States,Portland,Oregon,97206.0,West,OFF-PA-10003641,office supplies,Paper,Xerox 1909,$ 105.52,5,0.2,34.294
2276,CA-2014-157882,10/03/2014,10/8/2014,Second Class,AR-10405,Allen Rosenblatt,CORPORATE,United States,Los Angeles,California,90036.0,West,FUR-CH-10002774,  Furniture  ,Chairs,"Global Deluxe Stacking Chair, Gray",122.35 USD,3,0.2,13.7646
1624,CA-2017-108560,2017-07-08,7/15/2017,standard class,JC-15385,Jenna Caffey,consumer,United States,Kent,Washington,98031.0,west,TEC-AC-10003063,TECHNOLOGY,Accessories,Micro Innovations USB RF Wireless Keyboard with Mouse,50.00 USD,2,0.0,$ 10.50
6329,CA-2014-167927,2014-01-20,1/26/2014,Standard Class,XP-21865,Xylona Preis,consumer,United States,Westland,Michigan,48185.0,Central,OFF-BI-10000605,Office Supplies,Binders,"Acco Pressboard Covers with Storage Hooks, 9 1/2"" x 11"", Executive Red",19.05,5,0.0,8.9535
1356,US-2014-160444,2014/07/05 00:00:00,7/5/2014,SAME DAY,DC-12850,Dan Campbell,  Consumer  ,United States,Houston,Texas,77036.0,  Central  ,OFF-ST-10001522,OFFICE SUPPLIES,Storage,"Gould Plastics 18-Pocket Panel Bin, 34w x 5-1/4d x 20-1/2h",220.776,3,0.2,$ -44.16
331,US-2016-141544,08/30/2016,9/1/2016,FIRST CLASS,PO-18850,Patrick O'Brill,Consumer,United States,Philadelphia,Pennsylvania,19143.0,East,OFF-BI-10001524,Office Supplies,Binders,GBC Premium Transparent Covers with Diagonal Lined Pattern,$ 37.76,6,0.7,$ -27.69
4798,US-2016-148901,14-May-2016,5/19/2016,Standard Class,MK-17905,Michael Kennedy,  Corporate  ,United States,Jacksonville,Florida,32216.0,South,OFF-PA-10004983,OFFICE SUPPLIES,Paper,Xerox 23,N/A,6,0.2,10.89 USD
736,CA-2017-131954,01/21/2017,1/25/2017,STANDARD CLASS,DS-13030,Darrin Sayre,home office,United States,Seattle,Washington,98115.0,West,OFF-BI-10003291,Office Supplies,Binders,Wilson Jones Leather-Like Binders with DublLock Round Rings,N/A,4,0.2,  $9.43  
1747,CA-2016-155670,08/13/2016,8/17/2016,SECOND CLASS,EM-14065,Erin Mull,Consumer,United States,Jacksonville,North Carolina,28540.0,South,OFF-BI-10000138,Office Supplies,Binders,Acco Translucent Poly Ring Binders,11.232,8,0.7,$ -8.24
5699,CA-2016-143441,2016-11-05,11/5/2016,SAME DAY,EB-14170,Evan Bailliet,CONSUMER,United States,Laredo,Texas,78041.0,Central,OFF-LA-10002312,office supplies,Labels,Avery 490,N/A,1,0.2,4.44
1473,CA-2017-164959,2017/07/11 00:00:00,7/15/2017,STANDARD CLASS,KN-16390,Katherine Nockton,Corporate,United States,Los Angeles,California,90004.0,west,OFF-LA-10004272,OFFICE SUPPLIES,Labels,Avery 482,8.67,3,0.0,4.0749
2246,CA-2017-103380,2017-11-21,11/25/2017,Standard Class,BF-11005,Barry Franz,Home Office,United States,Pasadena,California,91104.0,west,OFF-AP-10001492,  Office Supplies  ,Appliances,"Acco Six-Outlet Power Strip, 4' Cord Length",$ 8.62,1,0.0,2.2412
5462,CA-2017-101574,2017-09-28,10/4/2017,Standard Class,BD-11725,Bruce Degenhardt,Consumer,United States,Los Angeles,California,90032.0,west,FUR-FU-10001706,  Furniture  ,Furnishings,Longer-Life Soft White Bulbs,$ 9.24,3,0.0,  $4.44  
1124,US-2014-147627,01/20/2014,1/26/2014,STANDARD CLASS,HL-15040,Hunter Lopez,Consumer,United States,Jonesboro,Arkansas,72401.0,South,FUR-FU-10003194,  Furniture  ,Furnishings,"Eldon Expressions Desk Accessory, Wood Pencil Holder, Oak",38.6,4,0.0,11.58 USD
4610,CA-2015-135020,28-May-2015,6/2/2015,  Standard Class  ,MS-17770,Maxwell Schwartz,Consumer,United States,Rochester,New York,,East,OFF-PA-10004255,Office Supplies,Paper,Xerox 219,  $45.36  ,7,0.0,21.7728
5577,CA-2016-136686,12-Dec-2016,12/16/2016,Standard Class,RF-19840,Roy Französisch,  Consumer  ,United States,Pasadena,California,91104.0,west,FUR-FU-10004864,furniture,Furnishings,"Howard Miller 14-1/2"" Diameter Chrome Round Wall Clock",$ 383.64,6,0.0,122.7648
7335,CA-2015-125563,2015-04-11,4/17/2015,Standard Class,PR-18880,Patrick Ryan,  Consumer  ,United States,Tampa,Florida,33614.0,  South  ,FUR-FU-10000087,Furniture,Furnishings,"Executive Impressions 14"" Two-Color Numerals Wall Clock",54.528,3,0.2,$ 14.31
3081,CA-2017-101182,09/04/2017,9/5/2017,first class,KB-16405,Katrina Bavinger,Home Office,United States,Apple Valley,California,92307.0,West,TEC-PH-10003589,  Technology  ,Phones,invisibleSHIELD by ZAGG Smudge-Free Screen Protector,-,3,0.2,$ 15.11
9483,CA-2015-158351,2015-06-20,6/24/2015,Second Class,BC-11125,Becky Castell,Home Office,United States,Philadelphia,Pennsylvania,19134.0,  East  ,TEC-AC-10001838,  Technology  ,Accessories,Razer Tiamat Over Ear 7.1 Surround Sound PC Gaming Headset,$ 319.98,2,0.2,$ 92.00
2185,CA-2016-128818,2016-05-07,5/11/2016,STANDARD CLASS,CJ-12010,Caroline Jumper,Consumer,United States,New York City,New York,10009.0,East,FUR-FU-10001940,  Furniture  ,Furnishings,Staple-based wall hangings,  $63.68  ,8,0.0,28.0192
8147,US-2014-112949,2014/06/20 00:00:00,6/27/2014,Standard Class,Co-12640,Corey-Lock,Consumer,United States,Lawton,Oklahoma,73505.0,  Central  ,OFF-AR-10003469,Office Supplies,Art,Nontoxic Chalk,3.52 USD,2,0.0,  $1.69  
2108,CA-2015-164882,10/31/2015,10/31/2015,  Same Day  ,SG-20080,Sandra Glassco,  Consumer  ,United States,Redlands,California,92374.0,WEST,OFF-PA-10000157,Office Supplies,Paper,Xerox 191,19.98,1,0.0,9.39 USD
4688,CA-2016-101987,2016/06/24 00:00:00,6/30/2016,Standard Class,HL-15040,Hunter Lopez,Consumer,United States,Richmond,Indiana,,CENTRAL,TEC-PH-10001305,Technology,Phones,Panasonic KX TS208W Corded phone,440.91,9,0.0,$ 123.45
3017,US-2016-160528,2016-08-23,8/30/2016,Standard Class,MH-18115,Mick Hernandez,HOME OFFICE,United States,Pharr,Texas,,  Central  ,OFF-ST-10002743,Office Supplies,Storage,SAFCO Boltless Steel Shelving,727.296,8,0.2,$ -172.73
8829,CA-2015-115168,06/05/2015,6/9/2015,standard class,BB-11545,Brenda Bowman,Corporate,United States,Saint Charles,Missouri,63301.0,  Central  ,OFF-PA-10000528,OFFICE SUPPLIES,Paper,Xerox 1981,N/A,2,0.0,4.752
4476,CA-2017-121300,2017-09-29,9/29/2017,Same Day,MG-17680,Maureen Gastineau,home office,United States,Mentor,Ohio,44060.0,EAST,FUR-FU-10004586,furniture,Furnishings,G.E. Longer-Life Indoor Recessed Floodlight Bulbs,$ 21.25,4,0.2,N/A
5928,CA-2014-114314,10/11/2014,10/15/2014,  Standard Class  ,DB-13555,Dorothy Badders,corporate,United States,Fayetteville,Arkansas,72701.0,South,OFF-LA-10000240,Office Supplies,Labels,Self-Adhesive Address Labels for Typewriters by Universal,7.31,1,0.0,3.4357
3974,CA-2016-167556,2016-03-29,4/2/2016,Standard Class,JM-15250,Janet Martin,Consumer,United States,New York City,New York,10009.0,East,OFF-BI-10003708,Office Supplies,Binders,"Acco Four Pocket Poly Ring Binder with Label Holder, Smoke, 1""",29.8,5,0.2,$ 9.31
4039,CA-2014-110786,12/29/2014,1/2/2015,Standard Class,AJ-10795,Anthony Johnson,corporate,United States,San Francisco,California,,west,OFF-PA-10000528,  Office Supplies  ,Paper,Xerox 1981,$ 21.12,4,0.0,9.50 USD
2311,US-2017-120418,11-Jun-2017,6/12/2017,first class,BC-11125,Becky Castell,  Home Office  ,United States,Peoria,Arizona,85345.0,west,OFF-AR-10002956,office supplies,Art,Boston 16801 Nautilus Battery Pencil Sharpener,88.04,5,0.2,6.603
9778,CA-2014-169019,2014-07-26,7/30/2014,Standard Class,LF-17185,Luke Foster,consumer,United States,San Antonio,Texas,78207.0,Central,TEC-AC-10002076,technology,Accessories,Microsoft Natural Keyboard Elite,431.14 USD,9,0.2,$ -26.95
9828,CA-2017-169999,06/19/2017,6/26/2017,STANDARD CLASS,JS-15685,Jim Sink,Corporate,United States,New York City,New York,,East,OFF-ST-10001511,office supplies,Storage,Space Solutions Commercial Steel Shelving,$ 129.30,2,0.0,6.46 USD
6459,US-2017-133361,05/14/2017,5/17/2017,  First Class  ,AJ-10780,Anthony Jacobs,corporate,United States,Baltimore,Maryland,21215.0,East,OFF-AR-10001919,office supplies,Art,"OIC #2 Pencils, Medium Soft",$ 3.76,2,0.0,1.09 USD
4112,CA-2015-153717,12/25/2015,1/1/2016,standard class,DL-13495,Dionis Lloyd,CORPORATE,United States,Detroit,Michigan,48227.0,Central,OFF-PA-10002160,Office Supplies,Paper,Xerox 1978,$ 17.34,3,0.0,$ 8.50
2390,US-2015-127040,2015-12-06,12/10/2015,Standard Class,SG-20605,Speros Goranitis,consumer,United States,New York City,New York,10009.0,East,OFF-PA-10004255,office supplies,Paper,Xerox 219,6.48 USD,1,0.0,3.1104
8452,CA-2014-131387,28-Apr-2014,4/30/2014,  First Class  ,AI-10855,Arianne Irving,Consumer,United States,San Francisco,California,94122.0,West,TEC-PH-10001459,Technology,Phones,Samsung Galaxy Mega 6.3,1679.96,5,0.2,126.00 USD
1433,CA-2014-120768,2014/12/19 00:00:00,12/21/2014,  Second Class  ,IM-15070,Irene Maddox,  Consumer  ,United States,Florence,Alabama,35630.0,SOUTH,OFF-SU-10004115,office supplies,Supplies,Acme Stainless Steel Office Snips,7.27 USD,1,0.0,1.96 USD
5538,US-2016-167472,06-Jun-2016,6/7/2016,FIRST CLASS,CK-12595,,Consumer,United States,Little Rock,Arkansas,72209.0,South,OFF-PA-10001534,  Office Supplies  ,Paper,Xerox 230,-,2,0.0,$ 6.22
2338,CA-2014-110639,2014-08-23,8/23/2014,  Same Day  ,RH-19495,Rick Hansen,CONSUMER,United States,New York City,New York,10009.0,EAST,OFF-PA-10003936,  Office Supplies  ,Paper,Xerox 1994,$ 25.92,4,0.0,$ 12.44
8009,CA-2015-110863,Pending,11/24/2015,Standard Class,AA-10645,Anna Andreadi,consumer,United States,Oklahoma City,Oklahoma,73120.0,  Central  ,OFF-PA-10000474,  Office Supplies  ,Paper,Easy-staple paper,106.32 USD,3,0.0,$ 49.97
2320,CA-2015-117828,2015/12/23 00:00:00,12/26/2015,First Class,BD-11500,Bradley Drucker,Consumer,United States,Richmond,Virginia,23223.0,SOUTH,OFF-AP-10001563,Office Supplies,Appliances,Belkin Premiere Surge Master II 8-outlet surge protector,-,4,0.0,56.3528
7607,CA-2016-101791,27-May-2016,5/31/2016,Standard Class,BS-11665,Brian Stugart,  Consumer  ,United States,Chicago,Illinois,60623.0,Central,OFF-ST-10001496,  Office Supplies  ,Storage,Standard Rollaway File with Lock,  $1297.37  ,9,0.2,$ 97.30
4605,US-2015-113327,05/26/2015,5/29/2015,  Second Class  ,BF-11170,Ben Ferrer,HOME OFFICE,United States,Jacksonville,North Carolina,28540.0,South,OFF-EN-10004459,Office Supplies,Envelopes,Security-Tint Envelopes,12.22 USD,2,0.2,4.43 USD
3411,CA-2016-100244,2016-09-20,9/24/2016,  Standard Class  ,GM-14695,,CORPORATE,United States,San Francisco,California,94122.0,WEST,OFF-PA-10001471,Office Supplies,Paper,Strathmore Photo Frame Cards,  $65.79  ,9,0.0,30.26 USD
1784,CA-2017-166317,2017/09/22 00:00:00,9/26/2017,STANDARD CLASS,JE-15610,Jim Epp,corporate,United States,Milwaukee,Wisconsin,53209.0,  Central  ,OFF-PA-10004475,office supplies,Paper,Xerox 1940,219.84,4,0.0,107.7216
3622,CA-2016-109743,2016/09/22 00:00:00,9/29/2016,Standard Class,SH-19975,Sally Hughsby,  Corporate  ,United States,Smyrna,Tennessee,37167.0,  South  ,TEC-PH-10004071,Technology,Phones,PayAnywhere Card Reader,$ 63.94,8,0.2,$ 5.59
145,CA-2017-155376,2017-12-22,12/27/2017,  Standard Class  ,SG-20080,Sandra Glassco,CONSUMER,United States,Independence,Missouri,64055.0,  Central  ,OFF-AP-10001058,Office Supplies,Appliances,Sanyo 2.5 Cubic Foot Mid-Size Office Refrigerators,839.43 USD,3,0.0,218.2518
7965,CA-2017-104864,2017-11-18,11/23/2017,  Second Class  ,JS-15685,Jim Sink,Corporate,United States,Miramar,Florida,33023.0,SOUTH,OFF-PA-10004609,OFFICE SUPPLIES,Paper,Xerox 221,20.736,4,0.2,7.2576
4012,CA-2017-100811,2017-11-21,11/24/2017,first class,CC-12475,Cindy Chapman,CONSUMER,United States,Philadelphia,Pennsylvania,,east,OFF-ST-10002444,  Office Supplies  ,Storage,Recycled Eldon Regeneration Jumbo File,39.296,4,0.2,  $3.93  
5200,CA-2016-103982,2016-03-03,3/8/2016,Standard Class,AA-10315,Alex Avila,Consumer,United States,Round Rock,Texas,,Central,OFF-FA-10001332,Office Supplies,Fasteners,"Acco Banker's Clasps, 5 3/4""-Long",$ 2.30,1,0.2,0.7776
1632,CA-2016-106530,05/08/2016,5/8/2016,  Same Day  ,CL-12565,Clay Ludtke,CONSUMER,United States,Cleveland,Ohio,44105.0,East,OFF-PA-10002986,Office Supplies,Paper,Xerox 1898,10.688,2,0.2,3.7408
8777,CA-2016-102813,2016-07-02,7/3/2016,first class,EA-14035,Erin Ashbrook,  Corporate  ,United States,Huntsville,Texas,77340.0,CENTRAL,FUR-CH-10000665,Furniture,Chairs,"Global Airflow Leather Mesh Back Chair, Black",528.43,5,0.3,$ 0.00
6077,CA-2016-151561,09/01/2016,9/7/2016,  Standard Class  ,PG-18820,Patrick Gardner,Consumer,United States,New York City,New York,10011.0,East,TEC-AC-10001432,TECHNOLOGY,Accessories,Enermax Aurora Lite Keyboard,$ 468.90,6,0.0,$ 206.32
8139,CA-2016-102561,Pending,7/22/2016,Standard Class,NK-18490,Neil Knudson,HOME OFFICE,United States,Philadelphia,Pennsylvania,19140.0,East,OFF-AR-10001545,Office Supplies,Art,Newell 326,11.264,8,0.2,1.2672
2214,CA-2017-129378,2017-10-01,10/2/2017,first class,NS-18505,Neola Schneider,  Consumer  ,United States,San Jose,California,95123.0,West,OFF-BI-10002012,Office Supplies,Binders,Wilson Jones Easy Flow II Sheet Lifters,1.44,1,0.2,$ 0.50
3207,CA-2014-158372,2014-11-10,11/16/2014,Standard Class,RD-19900,Ruben Dartt,Consumer,United States,San Diego,California,,WEST,FUR-FU-10001867,Furniture,Furnishings,"Eldon Expressions Punched Metal & Wood Desk Accessories, Pewter & Cherry",53.2,5,0.0,  $14.90  
8348,US-2015-115238,04/30/2015,5/4/2015,  Standard Class  ,JW-15220,Jane Waco,  Corporate  ,United States,Lawrence,Massachusetts,1841.0,East,FUR-FU-10002445,furniture,Furnishings,"DAX Two-Tone Rosewood/Black Document Frame, Desktop, 5 x 7",9.48,1,0.0,3.792
2523,CA-2016-124352,2016/10/15 00:00:00,10/21/2016,Standard Class,CD-12790,Cynthia Delaney,home office,United States,Oklahoma City,Oklahoma,73120.0,CENTRAL,TEC-PH-10003442,Technology,Phones,Samsung Replacement EH64AVFWE Premium Headset,$ 5.50,1,0.0,$ 1.38
7729,CA-2016-106915,2016-11-26,12/2/2016,Standard Class,GA-14515,George Ashbrook,  Consumer  ,United States,El Paso,Texas,79907.0,CENTRAL,OFF-AR-10000716,  Office Supplies  ,Art,DIXON Ticonderoga Erasable Checking Pencils,$ 17.86,4,0.2,4.24 USD
2698,CA-2014-145317,2014-03-18,3/23/2014,  Standard Class  ,SM-20320,Sean Miller,home office,United States,Jacksonville,Florida,32216.0,  South  ,TEC-MA-10002412,Technology,Machines,Cisco TelePresence System EX90 Videoconferencing Unit,"22,638.48 USD",6,0.5,  $-1811.08  
9749,US-2014-140914,2014-11-11,11/15/2014,STANDARD CLASS,BH-11710,Brosina Hoffman,Consumer,United States,Chicago,Illinois,60653.0,Central,FUR-CH-10003379,  Furniture  ,Chairs,Global Commerce Series High-Back Swivel/Tilt Chairs,797.944,4,0.3,N/A
3699,CA-2014-140039,Pending,9/17/2014,Standard Class,ON-18715,Odella Nelson,Corporate,United States,Tempe,Arizona,85281.0,  West  ,OFF-ST-10001034,Office Supplies,Storage,Eldon File Chest Portable File,79.4,5,0.2,  $5.96  
1471,CA-2017-139199,2017-12-09,12/13/2017,standard class,DK-12835,Damala Kotsonis,corporate,United States,Detroit,Michigan,48234.0,central,OFF-PA-10001293,office supplies,Paper,Xerox 1946,12.96,2,0.0,6.22 USD
8262,CA-2016-118101,2016-06-26,6/26/2016,Same Day,SN-20560,Skye Norling,home office,United States,Roseville,Michigan,48066.0,Central,OFF-ST-10001837,office supplies,Storage,"SAFCO Mobile Desk Side File, Wire Frame",$ 171.04,4,0.0,44.4704
9239,CA-2017-138156,2017-02-11,2/14/2017,first class,MM-17260,Magdelene Morse,CONSUMER,United States,Columbus,Ohio,43229.0,  East  ,FUR-FU-10003601,furniture,Furnishings,"Deflect-o RollaMat Studded, Beveled Mat for Medium Pile Carpeting",N/A,2,0.2,-3.6892
5420,CA-2015-110877,10/23/2015,10/26/2015,FIRST CLASS,JE-15715,Joe Elijah,  Consumer  ,United States,Houston,Texas,77041.0,Central,TEC-PH-10002103,TECHNOLOGY,Phones,Jabra SPEAK 410,150.38 USD,2,0.2,$ 15.04
1887,CA-2014-140165,2014/05/13 00:00:00,5/15/2014,first class,EH-14005,Erica Hernandez,Home Office,United States,Hialeah,Florida,33012.0,SOUTH,OFF-FA-10002815,Office Supplies,Fasteners,Staples,7.10 USD,2,0.2,2.40 USD
8527,CA-2017-161172,2017-03-16,3/16/2017,  Same Day  ,SP-20920,Susan Pistek,Consumer,United States,Columbus,Ohio,43229.0,East,OFF-BI-10004654,Office Supplies,Binders,Avery Binding System Hidden Tab Executive Style Index Sets,5.193,3,0.7,-3.46 USD
2871,CA-2014-148040,2014-03-22,3/26/2014,  Standard Class  ,BF-11275,Beth Fritzler,Corporate,United States,Tucson,Arizona,85705.0,west,OFF-PA-10002581,office supplies,Paper,Xerox 1951,74.352,3,0.2,$ 23.23
4393,CA-2016-108868,2016-09-08,9/12/2016,Standard Class,KB-16585,Ken Black,CORPORATE,United States,Dallas,Texas,75081.0,central,OFF-AR-10001953,  Office Supplies  ,Art,Boston 1645 Deluxe Heavier-Duty Electric Pencil Sharpener,  $70.37  ,2,0.2,$ 6.16
1057,CA-2015-110667,2015-04-04,4/8/2015,STANDARD CLASS,NF-18595,Nicole Fjeld,Home Office,United States,New York City,New York,,east,OFF-BI-10003529,Office Supplies,Binders,Avery Round Ring Poly Binders,9.088,4,0.2,3.29 USD
6210,CA-2017-119809,2017-08-18,8/25/2017,Standard Class,YS-21880,Yana Sorensen,Corporate,United States,Seattle,Washington,98103.0,West,OFF-BI-10003925,office supplies,Binders,Fellowes PB300 Plastic Comb Binding Machine,2793.528,9,0.2,$ 942.82
8044,US-2017-133081,03/11/2017,3/15/2017,STANDARD CLASS,PV-18985,Paul Van Hugh,home office,United States,Cambridge,Massachusetts,2138.0,East,FUR-FU-10001379,FURNITURE,Furnishings,"Executive Impressions 16-1/2"" Circular Wall Clock",$ 26.72,1,0.0,11.7568
6624,CA-2014-130449,2014/09/06 00:00:00,9/9/2014,First Class,VP-21760,Victoria Pisteka,  Corporate  ,United States,San Francisco,California,94109.0,  West  ,OFF-LA-10001934,Office Supplies,Labels,Avery 516,58.48,8,0.0,$ 27.49
1,CA-2016-152156,11/08/2016,11/11/2016,Second Class,CG-12520,Claire Gute,Consumer,United States,Henderson,Kentucky,42420.0,South,FUR-BO-10001798,furniture,Bookcases,Bush Somerset Collection Bookcase,261.96,2,0.0,$ 41.91
7780,CA-2016-139381,04/18/2016,4/22/2016,  Standard Class  ,RF-19840,Roy Französisch,CONSUMER,United States,Chesapeake,Virginia,23320.0,  South  ,OFF-AP-10001271,Office Supplies,Appliances,Eureka The Boss Cordless Rechargeable Stick Vac,203.92 USD,4,0.0,55.0584
544,CA-2014-103849,05/11/2014,5/16/2014,STANDARD CLASS,PG-18895,Paul Gonzalez,Consumer,United States,Fort Worth,Texas,76106.0,CENTRAL,TEC-AC-10001465,Technology,Accessories,SanDisk Cruzer 64 GB USB Flash Drive,58.11 USD,2,0.2,7.264
350,CA-2016-129714,01-Sep-2016,9/3/2016,first class,AB-10060,Adam Bellavance,home office,United States,New York City,New York,,East,TEC-AC-10000290,technology,Accessories,Sabrent 4-Port USB 2.0 Hub,6.79,1,0.0,2.3086
9198,CA-2014-103310,2014-05-10,5/15/2014,  Standard Class  ,GM-14680,Greg Matthias,consumer,United States,San Jose,California,95123.0,west,TEC-PH-10001817,Technology,Phones,Wilson Electronics DB Pro Signal Booster,1432.0,5,0.2,125.30 USD
4533,CA-2014-140403,2014/10/10 00:00:00,10/10/2014,SAME DAY,TN-21040,Tanja Norvell,Home Office,United States,Manteca,California,95336.0,  West  ,FUR-CH-10002774,furniture,Chairs,"Global Deluxe Stacking Chair, Gray",$ 122.35,3,0.2,13.7646
2518,CA-2017-123134,Pending,5/7/2017,standard class,DW-13585,Dorothy Wardle,corporate,United States,Westfield,New Jersey,7090.0,East,FUR-FU-10003975,Furniture,Furnishings,Eldon Advantage Chair Mats for Low to Medium Pile Carpets,129.93 USD,3,0.0,12.993
7524,CA-2016-162383,05-Sep-2016,9/11/2016,Standard Class,MD-17350,Maribeth Dona,Consumer,United States,Lancaster,Ohio,43130.0,East,FUR-CH-10004477,FURNITURE,Chairs,"Global Push Button Manager's Chair, Indigo",85.246,2,0.3,-
458,US-2016-157945,2016-09-26,10/1/2016,Standard Class,NF-18385,Natalie Fritzler,CONSUMER,United States,Decatur,Illinois,62521.0,Central,FUR-CH-10002331,Furniture,Chairs,Hon 4700 Series Mobuis Mid-Back Task Chairs with Adjustable Arms,747.558,3,0.3,$ -96.11
3018,US-2016-160528,2016-08-23,8/30/2016,STANDARD CLASS,MH-18115,Mick Hernandez,Home Office,United States,Pharr,Texas,78577.0,  Central  ,FUR-FU-10004973,FURNITURE,Furnishings,Flat Face Poster Frame,22.61 USD,3,0.6,-10.1736
8494,CA-2015-109190,2015/10/23 00:00:00,10/28/2015,standard class,CC-12685,Craig Carroll,Consumer,United States,Lubbock,Texas,79424.0,  Central  ,TEC-CO-10001943,Technology,Copiers,Canon PC-428 Personal Copier,479.976,3,0.2,161.99 USD
6759,CA-2017-124205,2017-09-15,9/19/2017,Standard Class,TC-21145,Theresa Coyne,corporate,United States,Lakewood,New Jersey,8701.0,east,OFF-ST-10000934,  Office Supplies  ,Storage,"Contico 72""H Heavy-Duty Storage System",$ 81.96,2,0.0,-
8678,CA-2017-141705,10/24/2017,10/26/2017,  First Class  ,PO-18850,Patrick O'Brill,consumer,United States,Mansfield,Texas,,  Central  ,FUR-TA-10004607,Furniture,Tables,Hon 2111 Invitation Series Straight Table,-,5,0.3,-81.3065
5338,CA-2017-111577,10/16/2017,10/21/2017,standard class,AJ-10780,Anthony Jacobs,Corporate,United States,Scottsdale,Arizona,85254.0,West,OFF-PA-10000062,  Office Supplies  ,Paper,Green Bar Computer Printout Paper,307.78 USD,7,0.2,111.57 USD
2616,CA-2014-147298,04/26/2014,5/3/2014,STANDARD CLASS,AG-10300,Aleksandra Gannaway,corporate,United States,Los Angeles,California,90049.0,west,OFF-BI-10001525,Office Supplies,Binders,"Acco Pressboard Covers with Storage Hooks, 14 7/8"" x 11"", Executive Red",N/A,6,0.2,5.715
132,US-2017-164147,Pending,2/5/2017,FIRST CLASS,DW-13585,Dorothy Wardle,Corporate,United States,Columbus,Ohio,43229.0,  East  ,OFF-PA-10002377,Office Supplies,Paper,Xerox 1916,  $78.30  ,2,0.2,29.36 USD
8079,CA-2015-106187,06/23/2015,6/29/2015,STANDARD CLASS,RF-19345,,Corporate,United States,East Point,Georgia,30344.0,South,TEC-AC-10001590,  Technology  ,Accessories,Dell Slim USB Multimedia Keyboard,75.0,3,0.0,$ 18.00
4919,CA-2016-160304,01/02/2016,1/7/2016,standard class,BM-11575,Brendan Murry,Corporate,United States,Gaithersburg,Maryland,20877.0,East,FUR-BO-10004709,  Furniture  ,Bookcases,"Bush Westfield Collection Bookcases, Medium Cherry Finish",$ 173.94,3,0.0,$ 38.27
5842,CA-2015-126725,Pending,11/21/2015,STANDARD CLASS,BS-11665,Brian Stugart,Consumer,United States,San Diego,California,92105.0,west,TEC-PH-10003174,Technology,Phones,RCA ViSYS 25825 Wireless digital phone,$ 415.97,4,0.2,N/A
1184,CA-2017-138779,2017/01/14 00:00:00,1/15/2017,  First Class  ,RB-19570,Rob Beeghly,  Consumer  ,United States,Jacksonville,North Carolina,28540.0,South,TEC-PH-10003655,Technology,Phones,Sannysis Cute Owl Design Soft Skin Case Cover for Samsung Galaxy S4,7.92,5,0.2,N/A
8659,CA-2016-168361,2016-06-21,6/25/2016,  Standard Class  ,KB-16600,Ken Brennan,CORPORATE,United States,Chicago,Illinois,60623.0,  Central  ,OFF-BI-10003727,Office Supplies,Binders,Avery Durable Slant Ring Binders With Label Holder,0.836,1,0.8,$ -1.34
4345,CA-2017-105410,2017-03-19,3/22/2017,First Class,ND-18370,Natalie DeCherney,CONSUMER,United States,San Francisco,California,94110.0,West,TEC-AC-10001552,TECHNOLOGY,Accessories,Logitech K350 2.4Ghz Wireless Keyboard,99.54 USD,2,0.0,10.95 USD
1113,US-2016-110156,2016-11-19,11/24/2016,Standard Class,EH-13945,Eric Hoffmann,Consumer,United States,Houston,Texas,77041.0,central,OFF-BI-10002609,  Office Supplies  ,Binders,Avery Hidden Tab Dividers for Binding Systems,1.19 USD,2,0.8,-2.03 USD
4639,CA-2017-168228,04/27/2017,4/29/2017,  First Class  ,AP-10915,Arthur Prichep,CONSUMER,United States,Los Angeles,California,90045.0,  West  ,OFF-AR-10001725,  Office Supplies  ,Art,Boston Home & Office Model 2000 Electric Pencil Sharpeners,$ 47.30,2,0.0,12.30 USD
6073,CA-2015-120901,12/31/2015,1/4/2016,Standard Class,BG-11035,Barry Gonzalez,consumer,United States,Austin,Texas,78745.0,central,OFF-FA-10001561,OFFICE SUPPLIES,Fasteners,Stockwell Push Pins,3.488,2,0.2,0.5668
2250,CA-2015-116092,15-Feb-2015,2/18/2015,Second Class,JM-16195,Justin MacKendrick,consumer,United States,Los Angeles,California,90004.0,west,OFF-BI-10000546,  Office Supplies  ,Binders,Avery Durable Binders,11.52,5,0.2,  $4.18  
8808,US-2017-110646,26-Oct-2017,10/31/2017,Standard Class,JF-15190,Jamie Frazer,  Consumer  ,United States,Philadelphia,Pennsylvania,19134.0,East,OFF-BI-10004330,  Office Supplies  ,Binders,"GBC Velobind Prepunched Cover Sets, Regency Series",33.282,3,0.7,-27.735
593,CA-2014-135405,2014-01-09,1/13/2014,STANDARD CLASS,MS-17830,Melanie Seite,consumer,United States,Laredo,Texas,78041.0,Central,OFF-AR-10004078,Office Supplies,Art,Newell 312,$ 9.34,2,0.2,1.17 USD
8483,US-2017-118535,02/11/2017,2/15/2017,Standard Class,DJ-13510,Don Jones,Corporate,United States,New York City,New York,10024.0,East,OFF-LA-10001297,Office Supplies,Labels,Avery 473,20.70 USD,2,0.0,  $9.94  
1531,CA-2015-103793,Pending,3/31/2015,  Standard Class  ,BV-11245,Benjamin Venier,Corporate,United States,Miami,Florida,,south,OFF-PA-10001125,Office Supplies,Paper,Xerox 1988,  $74.35  ,3,0.2,$ 23.23
2771,US-2015-122140,02-Apr-2015,4/7/2015,Standard Class,MO-17950,Michael Oakman,Consumer,United States,Dallas,Texas,,Central,TEC-AC-10003289,Technology,Accessories,Anker Ultra-Slim Mini Bluetooth 3.0 Wireless Keyboard,47.976,3,0.2,$ 1.80
9307,CA-2014-128237,2014/03/25 00:00:00,3/30/2014,Standard Class,CA-12265,Christina Anderson,CONSUMER,United States,San Francisco,California,94110.0,  West  ,OFF-AR-10003829,Office Supplies,Art,Newell 35,-,2,0.0,N/A
9969,CA-2017-153871,2017/12/11 00:00:00,12/17/2017,STANDARD CLASS,RB-19435,Richard Bierner,CONSUMER,United States,Plainfield,New Jersey,7060.0,  East  ,OFF-BI-10004600,Office Supplies,Binders,Ibico Ibimaster 300 Manual Binding System,$ 735.98,2,0.0,331.191
3721,CA-2016-151155,12/20/2016,12/24/2016,Standard Class,AB-10255,Alejandro Ballentine,Home Office,United States,Jackson,Mississippi,39212.0,  South  ,FUR-FU-10001918,  Furniture  ,Furnishings,C-Line Cubicle Keepers Polyproplyene Holder With Velcro Backings,-,4,0.0,  $7.38  
9886,CA-2014-112291,2014-04-03,4/8/2014,Standard Class,KE-16420,,Corporate,United States,Los Angeles,California,90008.0,West,TEC-AC-10000736,Technology,Accessories,Logitech G600 MMO Gaming Mouse,159.98 USD,2,0.0,57.5928
5742,US-2017-147886,28-Mar-2017,3/31/2017,  First Class  ,DH-13075,Dave Hallsten,CORPORATE,United States,Fairfield,California,94533.0,West,TEC-MA-10004679,Technology,Machines,StarTech.com 10/100 VDSL2 Ethernet Extender Kit,532.72,2,0.2,53.27 USD
7380,CA-2016-105732,13-Sep-2016,9/18/2016,Standard Class,AG-10270,Alejandro Grove,  Consumer  ,United States,Omaha,Nebraska,68104.0,central,OFF-ST-10000419,office supplies,Storage,"Rogers Jumbo File, Granite",  $40.74  ,3,0.0,0.41 USD
5364,CA-2016-122017,12/29/2016,1/2/2017,  Standard Class  ,CD-11920,Carlos Daly,Consumer,United States,Wichita,Kansas,67212.0,Central,OFF-AP-10001293,Office Supplies,Appliances,Belkin 8 Outlet Surge Protector,  $81.96  ,2,0.0,$ 22.95
6215,CA-2014-128538,11-Oct-2014,10/15/2014,Standard Class,AS-10240,Alan Shonely,Consumer,United States,Redondo Beach,California,90278.0,WEST,OFF-EN-10001219,OFFICE SUPPLIES,Envelopes,"#10- 4 1/8"" x 9 1/2"" Security-Tint Envelopes",N/A,1,0.0,3.7436
2148,US-2016-152051,2016-06-25,6/29/2016,STANDARD CLASS,TS-21160,Theresa Swint,Corporate,United States,York,Pennsylvania,17403.0,EAST,OFF-ST-10001713,Office Supplies,Storage,"Gould Plastics 9-Pocket Panel Bin, 18-3/8w x 5-1/4d x 20-1/2h, Black",$ 254.35,6,0.2,-50.8704
3530,CA-2015-141145,2015-09-17,9/23/2015,standard class,DB-13405,Denny Blanton,CONSUMER,United States,Orlando,Florida,32839.0,south,TEC-AC-10001465,Technology,Accessories,SanDisk Cruzer 64 GB USB Flash Drive,87.168,3,0.2,N/A
9396,CA-2014-125997,2014-09-20,9/23/2014,First Class,MW-18220,Mitch Webber,Consumer,United States,New York City,New York,10011.0,East,FUR-BO-10002213,  Furniture  ,Bookcases,DMI Eclipse Executive Suite Bookcases,801.568,2,0.2,$ -10.02
6352,CA-2017-161130,2017/11/03 00:00:00,11/8/2017,STANDARD CLASS,BF-11275,Beth Fritzler,Corporate,United States,Miami,Florida,33178.0,south,TEC-PH-10002549,Technology,Phones,Polycom SoundPoint IP 450 VoIP phone,361.376,2,0.2,27.10 USD
266,CA-2015-155040,Pending,11/15/2015,Standard Class,AH-10210,Alan Hwang,  Consumer  ,United States,Brentwood,California,94513.0,  West  ,TEC-AC-10004469,technology,Accessories,Microsoft Sculpt Comfort Mouse,79.90 USD,2,0.0,  $35.16  
648,CA-2016-103947,2016/04/01 00:00:00,4/8/2016,Standard Class,BB-10990,Barry Blumstein,CORPORATE,United States,Sierra Vista,Arizona,85635.0,West,OFF-AP-10002350,Office Supplies,Appliances,Belkin F9H710-06 7 Outlet SurgeMaster Surge Protector,  $30.14  ,2,0.2,3.0144
7670,CA-2015-130974,11/27/2015,11/29/2015,Second Class,MA-17560,Matt Abelman,Home Office,United States,Everett,Massachusetts,2149.0,East,OFF-PA-10001019,Office Supplies,Paper,Xerox 1884,N/A,3,0.0,-
1902,CA-2016-151141,20-Aug-2016,8/23/2016,First Class,DW-13480,,HOME OFFICE,United States,Detroit,Michigan,48205.0,central,TEC-PH-10004924,Technology,Phones,"SKILCRAFT Telephone Shoulder Rest, 2"" x 6.5"" x 2.5"", Black",N/A,2,0.0,  $3.99  
8636,CA-2014-160094,2014-04-30,5/2/2014,first class,JM-16195,Justin MacKendrick,consumer,United States,Louisville,Kentucky,40214.0,South,OFF-AR-10004010,Office Supplies,Art,Hunt Boston Vacuum Mount KS Pencil Sharpener,174.95,5,0.0,45.487
7147,US-2017-141558,2017-03-11,3/16/2017,standard class,MH-17290,Marc Harrigan,  Home Office  ,United States,Philadelphia,Pennsylvania,19140.0,East,OFF-ST-10004946,OFFICE SUPPLIES,Storage,Desktop 3-Pocket Hot File,43.28 USD,1,0.2,$ 3.25
3072,CA-2014-119375,11/17/2014,11/22/2014,Standard Class,YC-21895,Yoseph Carroll,  Corporate  ,United States,Newark,Delaware,19711.0,East,FUR-FU-10002379,Furniture,Furnishings,Eldon Econocleat Chair Mats for Low Pile Carpets,124.41 USD,3,0.0,$ 14.93
1502,CA-2017-130386,2017/11/12 00:00:00,11/18/2017,Standard Class,NG-18430,Nathan Gelder,  Consumer  ,United States,Austin,Texas,78745.0,central,OFF-ST-10003716,Office Supplies,Storage,Tennsco Double-Tier Lockers,540.048,3,0.2,$ -47.25
2933,CA-2015-168564,08-Aug-2015,8/8/2015,SAME DAY,TT-21220,Thomas Thornton,consumer,United States,San Francisco,California,94109.0,  West  ,FUR-CH-10000785,FURNITURE,Chairs,Global Ergonomic Managers Chair,  $144.78  ,1,0.2,$ 10.86
9726,CA-2017-142293,2017-09-17,9/20/2017,FIRST CLASS,SC-20380,Shahid Collister,Consumer,United States,Boise,Idaho,83704.0,west,TEC-AC-10001109,technology,Accessories,Logitech Trackman Marble Mouse,89.97,3,0.0,  $37.79  
317,CA-2014-164259,28-Dec-2014,12/30/2014,FIRST CLASS,SP-20860,Sung Pak,Corporate,United States,Philadelphia,Pennsylvania,19143.0,  East  ,OFF-AR-10003373,OFFICE SUPPLIES,Art,"Boston School Pro Electric Pencil Sharpener, 1670",  $99.14  ,4,0.2,8.6744
6513,CA-2017-167640,03/06/2017,3/10/2017,standard class,FC-14245,Frank Carlisle,  Home Office  ,United States,San Francisco,California,94109.0,West,OFF-LA-10004559,Office Supplies,Labels,Avery 49,11.52,4,0.0,5.6448
933,CA-2017-114216,2017-09-02,9/6/2017,standard class,RK-19300,Ralph Kennedy,CONSUMER,United States,Philadelphia,Pennsylvania,19140.0,East,OFF-PA-10002195,Office Supplies,Paper,"RSVP Cards & Envelopes, Blank White, 8-1/2"" X 11"", 24 Cards/25 Envelopes/Set",12.19 USD,3,0.2,  $4.11  
2479,CA-2014-145212,2014-09-13,9/19/2014,Standard Class,DC-12850,Dan Campbell,  Consumer  ,United States,New York City,New York,10011.0,east,OFF-AR-10002833,office supplies,Art,Newell 322,$ 5.46,3,0.0,$ 1.47
2166,CA-2016-154018,13-Oct-2016,10/19/2016,standard class,HA-14920,Helen Andreada,  Consumer  ,United States,Laredo,Texas,78041.0,CENTRAL,FUR-FU-10003394,FURNITURE,Furnishings,"Tenex ""The Solids"" Textured Chair Mats",139.92,5,0.6,$ -150.41
5258,US-2017-114034,2017/01/03 00:00:00,1/8/2017,STANDARD CLASS,DL-13315,Delfina Latchford,consumer,United States,Rancho Cucamonga,California,91730.0,  West  ,OFF-PA-10004735,OFFICE SUPPLIES,Paper,Xerox 1905,38.88,6,0.0,  $18.66  
7203,CA-2016-120369,2016/10/28 00:00:00,10/28/2016,Same Day,VB-21745,Victoria Brennan,  Corporate  ,United States,Rochester,New York,14609.0,east,FUR-FU-10003806,FURNITURE,Furnishings,"Tenex Chairmat w/ Average Lip, 45"" x 53""",$ 756.80,5,0.0,$ 75.68
6001,US-2014-112991,12/10/2014,12/14/2014,Standard Class,SH-19975,Sally Hughsby,CORPORATE,United States,Caldwell,Idaho,83605.0,west,OFF-PA-10002222,Office Supplies,Paper,"Xerox Color Copier Paper, 11"" x 17"", Ream",N/A,4,0.0,-
7662,CA-2014-105417,2014-01-07,1/12/2014,Standard Class,VS-21820,Vivek Sundaresam,Consumer,United States,Huntsville,Texas,77340.0,CENTRAL,OFF-BI-10003708,Office Supplies,Binders,"Acco Four Pocket Poly Ring Binder with Label Holder, Smoke, 1""",$ 10.43,7,0.8,$ -18.25
3990,CA-2014-122588,2014-11-25,11/27/2014,Second Class,AR-10540,Andy Reiter,Consumer,United States,Woonsocket,Rhode Island,2895.0,East,FUR-FU-10001095,  Furniture  ,Furnishings,DAX Black Cherry Wood-Tone Poster Frame,52.96,2,0.0,N/A
104,US-2015-156867,2015/11/13 00:00:00,11/17/2015,standard class,LC-16870,Lena Cacioppo,consumer,United States,Aurora,Colorado,80013.0,west,TEC-AC-10001552,Technology,Accessories,Logitech K350 2.4Ghz Wireless Keyboard,N/A,6,0.2,  $-26.88  
5216,CA-2016-145898,2016-09-26,9/26/2016,Same Day,CM-12445,Chuck Magee,CONSUMER,United States,Redlands,California,92374.0,west,OFF-PA-10001667,OFFICE SUPPLIES,Paper,Great White Multi-Use Recycled Paper (20Lb. and 84 Bright),$ 29.90,5,0.0,$ 13.46
1693,US-2016-154361,2016-03-14,3/19/2016,STANDARD CLASS,HZ-14950,Henia Zydlo,Consumer,United States,Columbus,Ohio,43229.0,EAST,FUR-FU-10004020,Furniture,Furnishings,Advantus Panel Wall Acrylic Frame,21.88 USD,5,0.2,6.29 USD
7686,CA-2015-116876,2015-02-14,2/21/2015,STANDARD CLASS,TT-21070,Ted Trevino,  Consumer  ,United States,Rochester,New York,14609.0,EAST,TEC-PH-10002584,Technology,Phones,Samsung Galaxy S4,  $625.99  ,1,0.0,187.80 USD
7421,US-2016-114013,03/13/2016,3/15/2016,second class,SC-20770,Stewart Carmichael,Corporate,United States,Philadelphia,Pennsylvania,19134.0,  East  ,OFF-BI-10002353,Office Supplies,Binders,GBC VeloBind Cover Sets,23.16 USD,5,0.7,$ -15.44
8123,CA-2014-138128,09-Dec-2014,12/15/2014,standard class,FP-14320,Frank Preis,consumer,United States,Philadelphia,Pennsylvania,,East,OFF-EN-10002500,OFFICE SUPPLIES,Envelopes,Globe Weis Peel & Seel First Class Envelopes,30.672,3,0.2,-
6500,CA-2015-103135,2015-07-24,7/28/2015,Standard Class,SS-20515,Shirley Schmidt,HOME OFFICE,United States,Louisville,Kentucky,40214.0,south,TEC-AC-10003289,TECHNOLOGY,Accessories,Anker Ultra-Slim Mini Bluetooth 3.0 Wireless Keyboard,$ 279.86,14,0.0,64.3678
7748,CA-2015-156153,05/31/2015,6/2/2015,Second Class,CW-11905,Carl Weiss,HOME OFFICE,United States,Long Beach,New York,11561.0,  East  ,OFF-FA-10003472,office supplies,Fasteners,Bagged Rubber Bands,  $7.56  ,6,0.0,N/A
5412,CA-2017-166856,2017/09/18 00:00:00,9/22/2017,  Standard Class  ,TS-21505,Tony Sayre,Consumer,United States,Clovis,New Mexico,88101.0,WEST,OFF-BI-10002012,OFFICE SUPPLIES,Binders,Wilson Jones Easy Flow II Sheet Lifters,10.08 USD,7,0.2,$ 3.53
1510,CA-2017-103611,12-Sep-2017,9/15/2017,First Class,JM-15535,Jessica Myrick,Consumer,United States,Los Angeles,California,90036.0,west,FUR-FU-10004270,Furniture,Furnishings,"Eldon Image Series Desk Accessories, Burgundy",8.36 USD,2,0.0,3.01 USD
4129,CA-2014-127299,09/19/2014,9/24/2014,  Standard Class  ,JL-15835,John Lee,Consumer,United States,Charlotte,North Carolina,28205.0,South,TEC-MA-10001127,TECHNOLOGY,Machines,"HP Designjet T520 Inkjet Large Format Printer - 24"" Color","2,624.99 USD",3,0.5,-944.9946
1942,CA-2017-144064,29-Aug-2017,9/1/2017,First Class,CP-12085,Cathy Prescott,corporate,United States,Quincy,Illinois,62301.0,Central,OFF-LA-10004544,Office Supplies,Labels,Avery 505,$ 47.36,4,0.2,17.76 USD
7593,CA-2016-158778,2016-09-05,9/9/2016,Standard Class,DB-13210,Dean Braden,  Consumer  ,United States,Philadelphia,Pennsylvania,19134.0,east,OFF-AR-10000896,office supplies,Art,Newell 329,$ 7.87,3,0.2,$ 0.59
4701,CA-2017-140298,2017/05/11 00:00:00,5/17/2017,  Standard Class  ,JK-16120,Julie Kriz,Home Office,United States,Austin,Texas,78745.0,CENTRAL,OFF-ST-10004180,Office Supplies,Storage,Safco Commercial Shelving,74.42 USD,2,0.2,$ -14.88
6563,CA-2014-166086,2014-05-07,5/12/2014,standard class,CT-11995,Carol Triggs,Consumer,United States,Lawrence,Massachusetts,,EAST,OFF-BI-10001078,Office Supplies,Binders,"Acco PRESSTEX Data Binder with Storage Hooks, Dark Blue, 14 7/8"" X 11""",$ 16.14,3,0.0,$ 7.91
4049,US-2015-166520,2015-07-16,7/19/2015,  First Class  ,KE-16420,Katrina Edelman,CORPORATE,United States,New York City,New York,10035.0,east,TEC-AC-10001990,technology,Accessories,Kensington Orbit Wireless Mobile Trackball for PC and Mac,599.9,10,0.0,-
7473,CA-2016-139997,2016/07/01 00:00:00,7/3/2016,first class,EM-14140,Eugene Moren,HOME OFFICE,United States,Lehi,Utah,84043.0,West,TEC-CO-10000971,  Technology  ,Copiers,Hewlett Packard 310 Color Digital Copier,1499.95,5,0.0,$ 449.99
1027,CA-2016-126529,2016/01/11 00:00:00,1/13/2016,SECOND CLASS,DE-13255,Deanra Eno,Home Office,United States,Springfield,Ohio,,EAST,OFF-PA-10003656,OFFICE SUPPLIES,Paper,Xerox 1935,63.31 USD,3,0.2,20.58 USD
2252,CA-2015-116092,2015-02-15,2/18/2015,SECOND CLASS,JM-16195,Justin MacKendrick,CONSUMER,United States,Los Angeles,California,90004.0,WEST,OFF-PA-10000477,Office Supplies,Paper,Xerox 22,19.44 USD,3,0.0,  $9.33  
1454,CA-2016-133711,2016-11-26,11/29/2016,  First Class  ,MC-17425,Mark Cousins,corporate,United States,Mobile,Alabama,36608.0,South,OFF-BI-10004352,Office Supplies,Binders,Wilson Jones DublLock D-Ring Binders,$ 33.75,5,0.0,-
5193,CA-2014-101560,11/28/2014,12/1/2014,second class,CS-12250,Chris Selesnick,Corporate,United States,Columbia,South Carolina,29203.0,South,FUR-FU-10003773,FURNITURE,Furnishings,Eldon Cleatmat Plus Chair Mats for High Pile Carpets,397.6,5,0.0,43.736
9,CA-2014-115812,Pending,6/14/2014,standard class,BH-11710,Brosina Hoffman,Consumer,United States,Los Angeles,California,90032.0,  West  ,OFF-BI-10003910,OFFICE SUPPLIES,Binders,DXL Angle-View Binders with Locking Rings by Samsill,  $18.50  ,3,0.2,5.7825
3690,CA-2017-140760,06/02/2017,6/5/2017,Second Class,DO-13435,Denny Ordway,Consumer,United States,Mesa,Arizona,85204.0,West,OFF-EN-10001141,Office Supplies,Envelopes,"Manila Recycled Extra-Heavyweight Clasp Envelopes, 6"" x 9""",43.92,5,0.2,$ 15.92
8600,CA-2014-141110,11/26/2014,12/1/2014,Standard Class,LS-17200,Luke Schmidt,CORPORATE,United States,Fresno,California,93727.0,West,OFF-PA-10002586,  Office Supplies  ,Paper,Xerox 1970,$ 14.94,3,0.0,7.0218
2733,CA-2014-107594,02-Jul-2014,7/6/2014,Standard Class,EH-13945,Eric Hoffmann,CONSUMER,United States,Plainfield,New Jersey,7060.0,  East  ,TEC-PH-10002923,  Technology  ,Phones,"Logitech B530 USB Headset - headset - Full size, Binaural",73.98,2,0.0,19.9746
9143,US-2017-166688,05/20/2017,5/26/2017,standard class,RD-19480,Rick Duston,CONSUMER,United States,Las Vegas,Nevada,89115.0,  West  ,OFF-BI-10004040,OFFICE SUPPLIES,Binders,Wilson Jones Impact Binders,-,2,0.2,3.0044
1218,US-2017-118087,Pending,9/13/2017,standard class,SP-20620,Stefania Perrino,  Corporate  ,United States,Philadelphia,Pennsylvania,19134.0,EAST,FUR-FU-10001867,  Furniture  ,Furnishings,"Eldon Expressions Punched Metal & Wood Desk Accessories, Pewter & Cherry",  $17.02  ,2,0.2,$ 1.70
568,CA-2017-156951,01-Oct-2017,10/8/2017,Standard Class,EB-13840,Ellis Ballard,CORPORATE,United States,Seattle,Washington,98105.0,  West  ,OFF-BI-10001107,Office Supplies,Binders,"GBC White Gloss Covers, Plain Front",81.088,7,0.2,27.3672
9696,US-2016-151260,Pending,12/14/2016,  First Class  ,SC-20695,Steve Chapman,CORPORATE,United States,Springfield,Ohio,45503.0,East,OFF-AP-10002892,Office Supplies,Appliances,Belkin F5C206VTEL 6 Outlet Surge,$ 73.54,4,0.2,$ 9.19
8905,US-2016-126431,2016-07-01,7/1/2016,Same Day,SU-20665,Stephanie Ulpright,Home Office,United States,New York City,New York,10009.0,East,OFF-LA-10001474,OFFICE SUPPLIES,Labels,Avery 477,$ 30.53,1,0.0,14.04 USD
8496,CA-2016-143154,2016/12/02 00:00:00,12/8/2016,  Standard Class  ,AS-10225,Alan Schoenberger,  Corporate  ,United States,Longmont,Colorado,80501.0,West,TEC-AC-10002942,technology,Accessories,WD My Passport Ultra 1TB Portable External Hard Drive,$ 165.60,3,0.2,N/A
1569,US-2017-152002,11-Jun-2017,6/11/2017,Same Day,DV-13465,Dianna Vittorini,  Consumer  ,United States,Los Angeles,California,,west,OFF-PA-10000357,OFFICE SUPPLIES,Paper,"White Dual Perf Computer Printout Paper, 2700 Sheets, 1 Part, Heavyweight, 20 lbs., 14 7/8 x 11",$ 122.97,3,0.0,$ 60.26
7230,CA-2014-157546,07/20/2014,7/22/2014,first class,RD-19720,Roger Demir,  Consumer  ,United States,San Francisco,California,,WEST,OFF-PA-10004569,  Office Supplies  ,Paper,"Wirebound Message Books, Two 4 1/4"" x 5"" Forms per Page",N/A,3,0.0,10.73 USD
4624,CA-2017-147228,2017-09-09,9/14/2017,STANDARD CLASS,SO-20335,Sean O'Donnell,  Consumer  ,United States,Columbia,Tennessee,38401.0,  South  ,OFF-PA-10000357,office supplies,Paper,Xerox 1888,  $177.54  ,4,0.2,62.14 USD
2869,CA-2016-115588,11/10/2016,11/12/2016,Second Class,AF-10885,Art Foster,  Consumer  ,United States,Toledo,Ohio,43615.0,East,OFF-ST-10001558,Office Supplies,Storage,Acco Perma 4000 Stacking Storage Drawers,$ 38.98,3,0.2,  $-2.44  
9518,CA-2015-123939,08/24/2015,8/26/2015,Second Class,MS-17710,Maurice Satty,consumer,United States,Bowling Green,Ohio,43402.0,EAST,OFF-LA-10003190,Office Supplies,Labels,Avery 474,6.912,3,0.2,2.51 USD
1826,CA-2016-167507,2016-12-22,12/28/2016,standard class,SA-20830,Sue Ann Reed,consumer,United States,Redmond,Oregon,97756.0,WEST,FUR-FU-10001935,furniture,Furnishings,3M Hangers With Command Adhesive,$ 11.84,4,0.2,$ 3.11
9760,CA-2016-146913,Pending,11/5/2016,STANDARD CLASS,SF-20965,Sylvia Foulston,  Corporate  ,United States,San Francisco,California,94109.0,West,FUR-CH-10001854,  Furniture  ,Chairs,Office Star - Professional Matrix Back Chair with 2-to-1 Synchro Tilt and Mesh Fabric Seat,"1,403.92 USD",5,0.2,  $70.20  
7587,CA-2014-163223,2014/03/21 00:00:00,3/25/2014,Standard Class,KH-16690,Kristen Hastings,CORPORATE,United States,Springfield,Virginia,22153.0,  South  ,OFF-AR-10001573,Office Supplies,Art,American Pencil,$ 9.32,4,0.0,2.7028
8565,US-2017-108315,04/30/2017,5/4/2017,standard class,MH-18115,Mick Hernandez,home office,United States,Sanford,Florida,32771.0,  South  ,FUR-FU-10000747,FURNITURE,Furnishings,Tenex B1-RE Series Chair Mats for Low Pile Carpets,$ 220.70,6,0.2,-8.2764
7629,US-2015-159499,2015/11/21 00:00:00,11/23/2015,  Second Class  ,EM-14095,Eudokia Martin,Corporate,United States,Phoenix,Arizona,85023.0,  West  ,OFF-LA-10003121,Office Supplies,Labels,Avery 506,16.52 USD,5,0.2,  $5.37  
8108,CA-2017-159149,17-Feb-2017,2/19/2017,  First Class  ,CR-12820,Cyra Reiten,home office,United States,Houston,Texas,77041.0,Central,TEC-PH-10000038,Technology,Phones,Jawbone MINI JAMBOX Wireless Bluetooth Speaker,438.34 USD,4,0.2,$ -87.67
6334,CA-2014-167927,01/20/2014,1/26/2014,standard class,XP-21865,Xylona Preis,Consumer,United States,Westland,Michigan,48185.0,CENTRAL,OFF-BI-10004364,  Office Supplies  ,Binders,Storex Dura Pro Binders,29.7,5,0.0,N/A
7274,US-2016-150357,10-Oct-2016,10/14/2016,Standard Class,EB-13975,Erica Bern,CORPORATE,United States,Greensboro,North Carolina,27405.0,South,OFF-BI-10002557,Office Supplies,Binders,Presstex Flexible Ring Binders,  $4.09  ,3,0.7,$ -2.73
5154,US-2014-121566,30-Jun-2014,7/6/2014,Standard Class,CS-11860,Cari Schnelling,consumer,United States,New York City,New York,10011.0,East,OFF-AR-10001026,Office Supplies,Art,"Sanford Uni-Blazer View Highlighters, Chisel Tip, Yellow",6.6,3,0.0,2.904
2819,CA-2015-104626,2015/09/01 00:00:00,9/8/2015,Standard Class,DR-12940,Daniel Raglin,Home Office,United States,Franklin,Massachusetts,2038.0,  East  ,OFF-ST-10003208,Office Supplies,Storage,Adjustable Depth Letter/Legal Cart,1088.76,6,0.0,315.7404
7584,CA-2014-163223,21-Mar-2014,3/25/2014,Standard Class,KH-16690,Kristen Hastings,Corporate,United States,Springfield,Virginia,22153.0,  South  ,TEC-PH-10000730,technology,Phones,Samsung Galaxy S4 Active,"3,499.93 USD",7,0.0,909.9818
2426,US-2017-147669,2017-12-25,12/30/2017,standard class,SV-20935,Susan Vittorini,CONSUMER,United States,Fairfield,Ohio,45014.0,East,FUR-TA-10002645,Furniture,Tables,Hon Rectangular Conference Tables,$ 273.06,2,0.4,-104.673
9542,CA-2015-135251,2015/08/06 00:00:00,8/10/2015,STANDARD CLASS,RP-19270,Rachel Payne,CORPORATE,United States,Houston,Texas,77095.0,Central,OFF-LA-10004544,OFFICE SUPPLIES,Labels,Avery 505,35.52,3,0.2,$ 13.32
2702,CA-2014-145317,03/18/2014,3/23/2014,standard class,SM-20320,Sean Miller,Home Office,United States,Jacksonville,Florida,32216.0,South,OFF-FA-10003112,OFFICE SUPPLIES,Fasteners,Staples,$ 18.94,3,0.2,5.9175
7079,CA-2016-106950,09/02/2016,9/6/2016,STANDARD CLASS,JE-15715,Joe Elijah,  Consumer  ,United States,Charlotte,North Carolina,28205.0,South,OFF-AP-10000159,OFFICE SUPPLIES,Appliances,Belkin F9M820V08 8 Outlet Surge,N/A,9,0.2,34.81 USD
5314,CA-2017-137876,30-Apr-2017,5/5/2017,  Standard Class  ,DJ-13510,Don Jones,CORPORATE,United States,San Francisco,California,94110.0,  West  ,FUR-FU-10000222,Furniture,Furnishings,"Seth Thomas 16"" Steel Case Clock",64.96,2,0.0,$ 21.44
8225,CA-2016-104633,06/12/2016,6/16/2016,Standard Class,EA-14035,Erin Ashbrook,CORPORATE,United States,Pasadena,California,91104.0,West,OFF-PA-10004782,  Office Supplies  ,Paper,Xerox 228,12.96 USD,2,0.0,$ 6.22
37,CA-2016-117590,Pending,12/10/2016,  First Class  ,GH-14485,Gene Hale,  Corporate  ,United States,Richardson,Texas,75080.0,Central,FUR-FU-10003664,  Furniture  ,Furnishings,"Electrix Architect's Clamp-On Swing Arm Lamp, Black",190.92,5,0.6,-147.96 USD
5093,CA-2015-119102,23-May-2015,5/27/2015,Standard Class,KH-16690,Kristen Hastings,Corporate,United States,Woonsocket,Rhode Island,2895.0,east,OFF-ST-10004507,Office Supplies,Storage,Advantus Rolling Storage Box,$ 51.45,3,0.0,$ 13.89
7501,CA-2017-121048,2017/07/14 00:00:00,7/18/2017,standard class,TC-21295,Toby Carlisle,CONSUMER,United States,Westminster,California,92683.0,West,TEC-AC-10000991,Technology,Accessories,Sony Micro Vault Click 8 GB USB 2.0 Flash Drive,140.97,3,0.0,19.74 USD
4623,CA-2017-147228,2017-09-09,9/14/2017,Standard Class,SO-20335,Sean O'Donnell,consumer,United States,Columbia,Tennessee,38401.0,South,OFF-SU-10001225,  Office Supplies  ,Supplies,Staple remover,8.832,3,0.2,N/A
5442,CA-2017-155929,09-Sep-2017,9/13/2017,Standard Class,AI-10855,Arianne Irving,CONSUMER,United States,Glendale,Arizona,85301.0,west,OFF-PA-10000859,Office Supplies,Paper,Unpadded Memo Slips,6.37 USD,2,0.2,  $2.39  
3906,CA-2015-167010,2015/04/05 00:00:00,4/10/2015,STANDARD CLASS,VT-21700,Valerie Takahito,Home Office,United States,Philadelphia,Pennsylvania,19143.0,East,OFF-BI-10002072,Office Supplies,Binders,Cardinal Slant-D Ring Binders,$ 10.43,4,0.7,$ -6.95
7690,US-2017-128951,15-Jul-2017,7/17/2017,first class,RS-19420,Ricardo Sperren,Corporate,United States,Suffolk,Virginia,23434.0,south,OFF-AP-10002191,  Office Supplies  ,Appliances,Belkin 8 Outlet SurgeMaster II Gold Surge Protector,179.94,3,0.0,  $50.38  
4394,CA-2016-108868,Pending,9/12/2016,  Standard Class  ,KB-16585,Ken Black,  Corporate  ,United States,Dallas,Texas,75081.0,Central,TEC-PH-10000923,Technology,Phones,"Belkin SportFit Armband For iPhone 5s/5c, Fuchsia",59.96,5,0.2,21.74 USD
5401,CA-2017-132262,21-Sep-2017,9/23/2017,FIRST CLASS,ML-18265,Muhammed Lee,Consumer,United States,Seattle,Washington,98103.0,west,TEC-AC-10000158,  Technology  ,Accessories,Sony 64GB Class 10 Micro SDHC R40 Memory Card,71.98 USD,2,0.0,$ 15.12
2099,CA-2017-124401,2017/09/07 00:00:00,9/12/2017,Standard Class,RD-19900,Ruben Dartt,Consumer,United States,Portland,Oregon,97206.0,WEST,OFF-ST-10000649,  Office Supplies  ,Storage,Hanging Personal Folder File,$ 37.68,3,0.2,$ 2.35
578,CA-2015-149713,2015-09-18,9/22/2015,Second Class,TG-21640,Trudy Glocke,  Consumer  ,United States,Long Beach,California,90805.0,West,OFF-SU-10001574,  Office Supplies  ,Supplies,Acme Value Line Scissors,  $7.30  ,2,0.0,2.19
3466,US-2015-147242,2015-09-10,9/14/2015,STANDARD CLASS,EH-13765,Edward Hooks,CORPORATE,United States,Revere,Massachusetts,,east,OFF-AP-10003842,OFFICE SUPPLIES,Appliances,Euro-Pro Shark Turbo Vacuum,61.96,2,0.0,$ 16.11
5318,US-2017-162558,10/02/2017,10/5/2017,First Class,Dp-13240,Dean percer,  Home Office  ,United States,Knoxville,Tennessee,37918.0,SOUTH,FUR-FU-10004864,FURNITURE,Furnishings,Eldon 500 Class Desk Accessories,9.656,1,0.2,  $1.57  
6954,CA-2015-129917,02-Oct-2015,10/3/2015,First Class,HM-14980,Henry MacAllister,consumer,United States,Los Angeles,California,90008.0,  West  ,OFF-BI-10004828,OFFICE SUPPLIES,Binders,GBC Poly Designer Binding Covers,  $53.57  ,4,0.2,$ 19.42
4166,US-2017-106131,01/14/2017,1/16/2017,First Class,TP-21565,Tracy Poddar,corporate,United States,Aurora,Colorado,80013.0,WEST,OFF-ST-10003638,  Office Supplies  ,Storage,Mobile Personal File Cube,$ 168.62,9,0.2,14.75 USD
4131,CA-2014-115336,18-Nov-2014,11/25/2014,STANDARD CLASS,AB-10600,Ann Blume,Corporate,United States,Chicago,Illinois,60623.0,CENTRAL,OFF-BI-10001107,Office Supplies,Binders,"GBC White Gloss Covers, Plain Front",14.48 USD,5,0.8,-23.89 USD
7753,CA-2015-133242,18-Jun-2015,6/24/2015,standard class,KH-16510,Keith Herrera,CONSUMER,United States,Arlington,Virginia,22204.0,south,OFF-BI-10004826,  Office Supplies  ,Binders,JM Magazine Binder,33.02,2,0.0,  $15.85  
5909,US-2016-113985,2016/12/02 00:00:00,12/7/2016,STANDARD CLASS,KD-16495,Keith Dawkins,Corporate,United States,San Jose,California,95123.0,WEST,OFF-AP-10001303,office supplies,Appliances,"Holmes Cool Mist Humidifier for the Whole House with 8-Gallon Output per Day, Extended Life Filter",-,3,0.0,-
6731,CA-2015-156734,18-Jun-2015,6/20/2015,first class,BV-11245,Benjamin Venier,Corporate,United States,Smyrna,Tennessee,37167.0,South,FUR-CH-10002965,furniture,Chairs,"Global Leather Highback Executive Chair with Pneumatic Height Adjustment, Black",$ 643.14,4,0.2,$ 56.27
3949,CA-2016-119963,18-Nov-2016,11/22/2016,STANDARD CLASS,SN-20710,Steve Nguyen,home office,United States,Pasadena,Texas,,CENTRAL,OFF-LA-10003510,Office Supplies,Labels,"Avery 4027 File Folder Labels for Dot Matrix Printers, 5000 Labels per Box, White",  $48.85  ,2,0.2,N/A
4348,CA-2016-120355,09/18/2016,9/25/2016,Standard Class,MM-17260,Magdelene Morse,Consumer,United States,New Rochelle,New York,10801.0,East,FUR-FU-10004053,  Furniture  ,Furnishings,DAX Two-Tone Silver Metal Document Frame,60.72 USD,3,0.0,26.1096
3785,CA-2017-125752,07/31/2017,8/4/2017,STANDARD CLASS,EH-14125,Eugene Hildebrand,Home Office,United States,Fort Lauderdale,Florida,33311.0,South,TEC-AC-10003590,Technology,Accessories,"TRENDnet 56K USB 2.0 Phone, Internet and Fax Modem",41.42 USD,2,0.2,-
9200,CA-2014-103310,2014-05-10,5/15/2014,  Standard Class  ,GM-14680,Greg Matthias,Consumer,United States,San Jose,California,95123.0,WEST,FUR-CH-10002320,Furniture,Chairs,Hon Pagoda Stacking Chairs,256.784,1,0.2,-
2110,CA-2015-164882,10/31/2015,10/31/2015,Same Day,SG-20080,Sandra Glassco,Consumer,United States,Redlands,California,92374.0,WEST,OFF-AR-10004272,OFFICE SUPPLIES,Art,Newell 308,5.04,3,0.0,1.26 USD
1617,CA-2015-130022,10-Aug-2015,8/16/2015,STANDARD CLASS,JK-16120,Julie Kriz,home office,United States,Eagan,Minnesota,55122.0,  Central  ,OFF-LA-10002043,Office Supplies,Labels,Avery 489,41.40 USD,4,0.0,19.87 USD
8004,CA-2014-143210,2014-12-01,12/3/2014,first class,AA-10645,Anna Andreadi,Consumer,United States,Lowell,Massachusetts,,East,TEC-PH-10004434,technology,Phones,Cisco IP Phone 7961G VoIP phone - Dark gray,$ 271.90,2,0.0,N/A
6775,CA-2016-119018,2016/11/04 00:00:00,11/8/2016,  Standard Class  ,CW-11905,Carl Weiss,home office,United States,Los Angeles,California,90004.0,WEST,OFF-PA-10000295,  Office Supplies  ,Paper,Xerox 229,N/A,6,0.0,18.6624
1499,CA-2016-141586,10/17/2016,10/20/2016,first class,NK-18490,Neil Knudson,Home Office,United States,San Francisco,California,94122.0,west,OFF-BI-10003981,Office Supplies,Binders,"Avery Durable Plastic 1"" Binders",N/A,5,0.2,6.58 USD
638,US-2016-123470,2016-08-15,8/21/2016,STANDARD CLASS,ME-17725,Max Engle,Consumer,United States,Aurora,Colorado,80013.0,WEST,OFF-AP-10003287,  Office Supplies  ,Appliances,Tripp Lite TLP810NET Broadband Surge for Modem/Fax,$ 122.33,3,0.2,12.23 USD
48,CA-2016-169194,06/20/2016,6/25/2016,standard class,LH-16900,Lena Hernandez,Consumer,United States,Dover,Delaware,19901.0,EAST,TEC-AC-10002167,Technology,Accessories,Imation 8gb Micro Traveldrive Usb 2.0 Flash Drive,45.0,3,0.0,  $4.95  
5614,CA-2016-147431,Pending,2/7/2016,STANDARD CLASS,AB-10105,Adrian Barton,consumer,United States,New York City,New York,10011.0,East,OFF-ST-10003994,Office Supplies,Storage,"Belkin 19"" Center-Weighted Shelf, Gray",117.96,2,0.0,5.90 USD
5740,US-2017-147886,2017-03-28,3/31/2017,First Class,DH-13075,Dave Hallsten,Corporate,United States,Fairfield,California,94533.0,WEST,OFF-PA-10000232,  Office Supplies  ,Paper,Xerox 1975,12.96,2,0.0,N/A
5776,CA-2016-142398,2016-04-12,4/16/2016,Standard Class,BP-11290,Beth Paige,consumer,United States,Los Angeles,California,90036.0,West,OFF-BI-10004826,Office Supplies,Binders,JM Magazine Binder,13.208,1,0.2,4.62 USD
9324,CA-2017-121853,2017-09-23,9/29/2017,standard class,DB-13660,Duane Benoit,Consumer,United States,Los Angeles,California,90036.0,West,OFF-PA-10003641,Office Supplies,Paper,Xerox 1909,-,8,0.0,97.0784
5943,CA-2016-151092,2016/08/06 00:00:00,8/13/2016,standard class,VG-21790,Vivek Gonzalez,consumer,United States,Los Angeles,California,90032.0,West,TEC-PH-10001700,Technology,Phones,Panasonic KX-TG6844B Expandable Digital Cordless Telephone,211.17 USD,4,0.2,  $18.48  
1340,CA-2017-100524,2017-03-31,4/2/2017,second class,CM-12115,Chad McGuire,  Consumer  ,United States,New York City,New York,10011.0,East,OFF-PA-10004911,OFFICE SUPPLIES,Paper,"Rediform S.O.S. 1-Up Phone Message Bk, 4-1/4x3-1/16 Bk, 1 Form/Pg, 40 Messages/Bk, 3/Pk",75.04,8,0.0,  $36.02  
8707,CA-2014-146815,08-Sep-2014,9/13/2014,standard class,PP-18955,Paul Prost,HOME OFFICE,United States,New York City,New York,10009.0,East,FUR-CH-10004289,Furniture,Chairs,Global Super Steno Chair,  $172.76  ,2,0.1,13.4372
9543,CA-2015-135251,06-Aug-2015,8/10/2015,STANDARD CLASS,RP-19270,Rachel Payne,  Corporate  ,United States,Houston,Texas,77095.0,Central,OFF-BI-10001097,OFFICE SUPPLIES,Binders,Avery Hole Reinforcements,-,5,0.8,N/A
9091,US-2017-148831,10/13/2017,10/15/2017,  First Class  ,AH-10210,Alan Hwang,Consumer,United States,Louisville,Kentucky,40214.0,South,OFF-ST-10002974,OFFICE SUPPLIES,Storage,"Trav-L-File Heavy-Duty Shuttle II, Black",$ 348.56,8,0.0,104.568
6160,CA-2016-161025,12/03/2016,12/9/2016,STANDARD CLASS,GM-14440,Gary McGarr,Consumer,United States,Los Angeles,California,,  West  ,OFF-ST-10001932,OFFICE SUPPLIES,Storage,Fellowes Staxonsteel Drawer Files,$ 772.68,4,0.0,108.1752
7519,US-2017-167920,2017/12/09 00:00:00,12/12/2017,second class,JL-15835,John Lee,Consumer,United States,Richmond,Kentucky,40475.0,south,OFF-ST-10004963,office supplies,Storage,Eldon Gobal File Keepers,15.14,1,0.0,  $0.61  
3245,CA-2017-113355,2017-12-01,12/5/2017,  Standard Class  ,SJ-20215,Sarah Jordon,CONSUMER,United States,Grand Prairie,Texas,75051.0,CENTRAL,FUR-CH-10002602,Furniture,Chairs,DMI Arturo Collection Mission-style Design Wood Chair,$ 317.06,3,0.3,-18.12 USD
6154,CA-2017-151484,2017-04-20,4/23/2017,  First Class  ,CV-12805,Cynthia Voltz,  Corporate  ,United States,Philadelphia,Pennsylvania,19120.0,east,FUR-FU-10001876,  Furniture  ,Furnishings,"Computer Room Manger, 14""",  $51.97  ,2,0.2,10.39 USD
3275,CA-2017-116358,2017-11-02,11/6/2017,STANDARD CLASS,KM-16225,Kalyca Meade,corporate,United States,Overland Park,Kansas,66212.0,CENTRAL,OFF-FA-10003495,OFFICE SUPPLIES,Fasteners,Staples,18.24,3,0.0,9.12
6074,CA-2015-120901,31-Dec-2015,1/4/2016,  Standard Class  ,BG-11035,Barry Gonzalez,Consumer,United States,Austin,Texas,,Central,OFF-SU-10001225,Office Supplies,Supplies,Staple remover,5.89 USD,2,0.2,N/A
8953,CA-2017-150910,22-Dec-2017,12/28/2017,STANDARD CLASS,JL-15130,Jack Lebron,CONSUMER,United States,Jackson,Tennessee,38301.0,South,OFF-AR-10001419,Office Supplies,Art,Newell 325,23.128,7,0.2,2.891
9156,CA-2014-102645,2014-01-23,1/28/2014,Standard Class,IM-15055,Ionia McGrath,consumer,United States,Las Vegas,Nevada,89115.0,West,OFF-PA-10001804,Office Supplies,Paper,Xerox 195,$ 40.08,6,0.0,19.2384
6554,CA-2014-137092,20-Oct-2014,10/22/2014,Second Class,LS-16975,Lindsay Shagiari,Home Office,United States,Chicago,Illinois,60653.0,  Central  ,TEC-AC-10001606,Technology,Accessories,Logitech Wireless Performance Mouse MX for PC and Mac,319.968,4,0.2,71.99 USD
4861,CA-2016-101546,12/18/2016,12/24/2016,Standard Class,GK-14620,Grace Kelly,CORPORATE,United States,Morristown,New Jersey,7960.0,  East  ,OFF-BI-10001359,office supplies,Binders,GBC DocuBind TL300 Electric Binding System,"$ 1,793.98",2,0.0,843.1706
3296,CA-2017-113418,10/01/2017,10/3/2017,First Class,CM-12655,Corinna Mitchell,Home Office,United States,New York City,New York,10035.0,east,TEC-MA-10002428,TECHNOLOGY,Machines,Fellowes Powershred HS-440 4-Sheet High Security Shredder,1704.89,11,0.0,$ 767.20
1796,US-2017-139465,08/27/2017,8/30/2017,First Class,MR-17545,Mathew Reese,  Home Office  ,United States,New York City,New York,10024.0,east,OFF-ST-10002352,Office Supplies,Storage,Iris Project Case,63.84 USD,8,0.0,16.5984
8569,CA-2016-162390,2016-12-06,12/12/2016,  Standard Class  ,DP-13105,Dave Poirier,CORPORATE,United States,Hempstead,New York,11550.0,East,OFF-BI-10004318,office supplies,Binders,Ibico EB-19 Dual Function Manual Binding System,968.744,7,0.2,$ 314.84
2026,CA-2015-114237,2015-03-13,3/15/2015,First Class,MC-17275,Marc Crier,Consumer,United States,Seattle,Washington,98103.0,WEST,FUR-BO-10004409,FURNITURE,Bookcases,"Safco Value Mate Series Steel Bookcases, Baked Enamel Finish on Steel, Gray",$ 141.96,2,0.0,39.7488
743,US-2016-146710,08/27/2016,9/1/2016,STANDARD CLASS,SS-20875,Sung Shariari,  Consumer  ,United States,Dallas,Texas,75220.0,CENTRAL,OFF-SU-10004498,office supplies,Supplies,Martin-Yale Premier Letter Opener,$ 51.52,5,0.2,$ -10.95
5334,CA-2014-103331,08/26/2014,9/1/2014,standard class,KB-16315,,consumer,United States,Newark,Delaware,19711.0,EAST,FUR-FU-10001731,  Furniture  ,Furnishings,Acrylic Self-Standing Desk Frames,-,4,0.0,N/A
5387,CA-2017-152786,Pending,3/17/2017,  Standard Class  ,GA-14725,Guy Armstrong,CONSUMER,United States,Rogers,Arkansas,72756.0,South,OFF-BI-10000829,office supplies,Binders,Avery Non-Stick Binders,$ 40.41,9,0.0,18.5886
5649,CA-2017-142342,17-Jul-2017,7/19/2017,SECOND CLASS,AJ-10795,Anthony Johnson,  Corporate  ,United States,Apple Valley,California,92307.0,WEST,OFF-PA-10004609,OFFICE SUPPLIES,Paper,Xerox 221,32.4,5,0.0,15.55 USD
6619,US-2017-167402,01/13/2017,1/18/2017,  Second Class  ,CP-12085,Cathy Prescott,CORPORATE,United States,Springfield,Missouri,65807.0,Central,OFF-PA-10004983,  Office Supplies  ,Paper,Xerox 23,32.4,5,0.0,-
3598,CA-2014-102869,09-Sep-2014,9/14/2014,  Second Class  ,LC-17140,Logan Currie,Consumer,United States,Philadelphia,Pennsylvania,19140.0,EAST,TEC-AC-10002134,Technology,Accessories,Rosewill 107 Normal Keys USB Wired Standard Keyboard,64.704,6,0.2,  $-4.85  
9767,CA-2017-101959,2017-02-28,3/6/2017,STANDARD CLASS,DB-13660,Duane Benoit,consumer,United States,Middletown,Connecticut,6457.0,East,OFF-PA-10002137,  Office Supplies  ,Paper,"Southworth 100% Résumé Paper, 24lb.",7.78,1,0.0,3.501
6741,CA-2014-144029,2014/05/26 00:00:00,5/31/2014,  Standard Class  ,MM-18055,Michelle Moray,CONSUMER,United States,Chicago,Illinois,60623.0,Central,FUR-CH-10003981,furniture,Chairs,Global Commerce Series Low-Back Swivel/Tilt Chairs,359.772,2,0.3,-5.1396
2459,CA-2017-140949,17-Mar-2017,3/22/2017,Second Class,DB-13405,Denny Blanton,  Consumer  ,United States,New York City,New York,10011.0,  East  ,OFF-ST-10003455,Office Supplies,Storage,"Tenex File Box, Personal Filing Tote with Lid, Black",$ 46.53,3,0.0,12.0978
3541,CA-2014-158771,2014-05-09,5/9/2014,SAME DAY,SB-20290,Sean Braxton,Corporate,United States,Henderson,Kentucky,42420.0,SOUTH,OFF-PA-10002689,OFFICE SUPPLIES,Paper,Weyerhaeuser First Choice Laser/Copy Paper (20Lb. and 88 Bright),45.36,7,0.0,21.77 USD
5548,CA-2017-151008,09/07/2017,9/8/2017,First Class,JM-16195,Justin MacKendrick,  Consumer  ,United States,Draper,Utah,84020.0,west,TEC-PH-10002807,technology,Phones,Motorla HX550 Universal Bluetooth Headset,126.56,4,0.2,$ 47.46
5068,CA-2017-160934,15-Jan-2017,1/19/2017,STANDARD CLASS,TT-21460,Tonja Turnell,HOME OFFICE,United States,Los Angeles,California,90008.0,WEST,OFF-AR-10003504,  Office Supplies  ,Art,Newell 347,$ 21.40,5,0.0,6.21 USD
3496,CA-2017-142034,2017/09/24 00:00:00,9/28/2017,Standard Class,KB-16240,Karen Bern,Corporate,United States,Saint Cloud,Minnesota,56301.0,central,FUR-CH-10000665,Furniture,Chairs,"Global Airflow Leather Mesh Back Chair, Black",N/A,4,0.0,181.176
2868,CA-2016-115588,Pending,11/12/2016,Second Class,AF-10885,Art Foster,  Consumer  ,United States,Toledo,Ohio,43615.0,east,OFF-SU-10001225,Office Supplies,Supplies,Staple remover,14.72 USD,5,0.2,  $-3.31  
6822,CA-2017-163860,2017-12-28,1/1/2018,Standard Class,LO-17170,Lori Olson,Corporate,United States,Peoria,Illinois,61604.0,Central,FUR-FU-10001935,Furniture,Furnishings,3M Hangers With Command Adhesive,2.96,2,0.6,-1.406
4585,US-2017-163790,02-Nov-2017,11/4/2017,second class,NL-18310,Nancy Lomonaco,Home Office,United States,Danville,California,94526.0,  West  ,OFF-EN-10001335,  Office Supplies  ,Envelopes,"White Business Envelopes with Contemporary Seam, Recycled White Business Envelopes",$ 76.58,7,0.0,  $38.29  
4504,US-2014-138247,2014-12-24,12/29/2014,  Standard Class  ,BF-11170,Ben Ferrer,Home Office,United States,Los Angeles,California,90045.0,west,TEC-PH-10000213,technology,Phones,Seidio BD2-HK3IPH5-BK DILEX Case and Holster Combo for Apple iPhone 5/5s - Black,173.656,7,0.2,17.3656
4587,US-2017-163790,02-Nov-2017,11/4/2017,SECOND CLASS,NL-18310,Nancy Lomonaco,HOME OFFICE,United States,Danville,California,94526.0,West,OFF-BI-10003718,Office Supplies,Binders,GBC Therma-A-Bind 250T Electric Binding System,$ 590.35,6,0.2,206.62 USD
8350,US-2015-115238,2015-04-30,5/4/2015,Standard Class,JW-15220,Jane Waco,  Corporate  ,United States,Lawrence,Massachusetts,1841.0,East,FUR-FU-10001025,FURNITURE,Furnishings,"Eldon Imàge Series Desk Accessories, Clear",24.3,5,0.0,10.449
7930,CA-2017-167549,2017-07-25,7/27/2017,FIRST CLASS,EM-14200,Evan Minnotte,Home Office,United States,Dallas,Texas,75217.0,central,FUR-TA-10004767,Furniture,Tables,Safco Drafting Table,298.12 USD,6,0.3,N/A
5818,CA-2014-124730,2014-11-26,11/26/2014,same day,LS-17245,Lynn Smith,CONSUMER,United States,Utica,New York,13501.0,  East  ,OFF-BI-10001031,  Office Supplies  ,Binders,Pressboard Data Binders by Wilson Jones,17.088,4,0.2,5.77 USD
3895,US-2014-112200,2014-11-22,11/28/2014,STANDARD CLASS,TC-21475,Tony Chapman,HOME OFFICE,United States,Bolingbrook,Illinois,60440.0,central,OFF-BI-10002571,Office Supplies,Binders,"Avery Framed View Binder, EZD Ring (Locking), Navy, 1 1/2""",9.98,5,0.8,  $-16.47  
7551,CA-2014-140396,2014-11-20,11/25/2014,Standard Class,KH-16330,Katharine Harms,Corporate,United States,New York City,New York,10024.0,East,OFF-EN-10002592,Office Supplies,Envelopes,"Peel & Seel Recycled Catalog Envelopes, Brown",34.74,3,0.0,17.37 USD
3704,CA-2015-104941,13-Jun-2015,6/19/2015,  Standard Class  ,DH-13075,Dave Hallsten,Corporate,United States,Decatur,Alabama,35601.0,south,OFF-BI-10001249,Office Supplies,Binders,Avery Heavy-Duty EZD View Binder with Locking Rings,$ 19.14,3,0.0,8.8044
7621,US-2014-144078,11/25/2014,11/29/2014,standard class,RB-19435,Richard Bierner,consumer,United States,Los Angeles,California,90004.0,  West  ,TEC-PH-10001580,Technology,Phones,Logitech Mobile Speakerphone P710e - speaker phone,539.92 USD,5,0.2,-
6194,CA-2017-104927,Pending,12/26/2017,  Standard Class  ,AG-10330,Alex Grayson,Consumer,United States,Houston,Texas,77095.0,  Central  ,OFF-BI-10003429,OFFICE SUPPLIES,Binders,"Cardinal HOLDit! Binder Insert Strips,Extra Strips",6.33,5,0.8,-9.8115
2575,CA-2014-129091,11/22/2014,11/27/2014,STANDARD CLASS,RA-19885,Ruben Ausman,corporate,United States,Columbus,Georgia,31907.0,SOUTH,OFF-EN-10004955,office supplies,Envelopes,Fashion Color Clasp Envelopes,16.23 USD,3,0.0,7.9527
7747,CA-2015-109113,12/19/2015,12/23/2015,  Standard Class  ,EK-13795,Eileen Kiefer,home office,United States,Chicago,Illinois,,Central,TEC-AC-10004761,  Technology  ,Accessories,Maxell 4.7GB DVD+RW 3/Pack,25.488,2,0.2,4.78 USD
587,CA-2015-128139,2015-07-03,7/9/2015,  Standard Class  ,BD-11725,Bruce Degenhardt,  Consumer  ,United States,Richmond,Kentucky,40475.0,South,FUR-CH-10003956,furniture,Chairs,Novimex High-Tech Fabric Mesh Task Chair,70.98 USD,1,0.0,4.9686
7643,US-2016-157490,10/06/2016,10/7/2016,FIRST CLASS,LB-16795,Laurel Beltran,Home Office,United States,Pueblo,Colorado,,West,OFF-BI-10002824,Office Supplies,Binders,Recycled Easel Ring Binders,  $17.90  ,4,0.7,-14.92
6514,CA-2017-167640,06-Mar-2017,3/10/2017,  Standard Class  ,FC-14245,Frank Carlisle,Home Office,United States,San Francisco,California,94109.0,  West  ,OFF-PA-10001033,  Office Supplies  ,Paper,Xerox 1893,$ 286.93,7,0.0,140.5957
4820,CA-2017-117436,2017/06/08 00:00:00,6/14/2017,  Standard Class  ,LW-17125,,CONSUMER,United States,Norwich,Connecticut,6360.0,East,OFF-BI-10004040,Office Supplies,Binders,Wilson Jones Impact Binders,  $10.36  ,2,0.0,$ 5.08
2944,CA-2017-126242,19-Nov-2017,11/24/2017,standard class,MC-18100,Mick Crebagga,  Consumer  ,United States,Los Angeles,California,90049.0,west,OFF-ST-10000675,  Office Supplies  ,Storage,"File Shuttle II and Handi-File, Black",$ 305.01,9,0.0,  $76.25  
336,CA-2015-137946,09/01/2015,9/4/2015,second class,DB-13615,Doug Bickford,consumer,United States,Los Angeles,California,90045.0,West,TEC-CO-10001449,Technology,Copiers,Hewlett Packard LaserJet 3310 Copier,959.98 USD,2,0.2,$ 335.99
7914,US-2017-105697,2017-08-25,8/27/2017,FIRST CLASS,JE-15715,Joe Elijah,consumer,United States,Cleveland,Ohio,44105.0,EAST,OFF-ST-10003996,Office Supplies,Storage,"Letter/Legal File Tote with Clear Snap-On Lid, Black Granite",$ 25.70,2,0.2,$ 1.93
7654,CA-2015-121552,03/22/2015,3/27/2015,Standard Class,FW-14395,Fred Wasserman,corporate,United States,Huntsville,Alabama,35810.0,south,OFF-AR-10003217,Office Supplies,Art,Newell 316,N/A,4,0.0,$ 5.48
4206,CA-2014-145387,31-Oct-2014,11/2/2014,SECOND CLASS,AM-10705,Anne McFarland,CONSUMER,United States,Cranston,Rhode Island,2920.0,East,FUR-FU-10002364,Furniture,Furnishings,"Eldon Expressions Wood Desk Accessories, Oak",14.76,2,0.0,4.28 USD
9724,CA-2014-101364,2014/12/22 00:00:00,12/26/2014,STANDARD CLASS,TW-21025,Tamara Willingham,Home Office,United States,New York City,New York,10011.0,  East  ,OFF-BI-10003984,OFFICE SUPPLIES,Binders,Lock-Up Easel 'Spel-Binder',296.712,13,0.2,  $100.14  
9888,CA-2017-169607,12-Oct-2017,10/15/2017,  First Class  ,CA-12265,Christina Anderson,Consumer,United States,New York City,New York,10024.0,east,OFF-PA-10000477,  Office Supplies  ,Paper,Xerox 1952,$ 9.96,2,0.0,N/A
9625,CA-2017-137449,2017-06-29,6/30/2017,FIRST CLASS,ME-17725,Max Engle,Consumer,United States,Dallas,Texas,75220.0,central,FUR-TA-10002855,Furniture,Tables,Bevis Round Conference Table Top & Single Column Base,$ 307.31,3,0.3,-39.5118
7189,CA-2017-133102,2017-08-17,8/24/2017,STANDARD CLASS,ED-13885,Emily Ducich,Home Office,United States,Houston,Texas,77095.0,Central,OFF-AP-10001563,OFFICE SUPPLIES,Appliances,Belkin Premiere Surge Master II 8-outlet surge protector,38.864,4,0.8,  $-99.10  
6066,CA-2015-119942,05-Apr-2015,4/7/2015,First Class,TT-21070,Ted Trevino,Consumer,United States,Philadelphia,Pennsylvania,19120.0,East,OFF-LA-10001569,  Office Supplies  ,Labels,Avery 499,23.90 USD,6,0.2,7.7688
3127,CA-2017-149895,09/08/2017,9/12/2017,standard class,EB-14110,Eugene Barchas,  Consumer  ,United States,Philadelphia,Pennsylvania,,  East  ,TEC-PH-10002200,Technology,Phones,Aastra 6757i CT Wireless VoIP phone,258.53 USD,2,0.4,-47.3968
24,US-2017-156909,2017-07-16,7/18/2017,second class,SF-20065,Sandra Flanagan,  Consumer  ,United States,Philadelphia,Pennsylvania,19140.0,  East  ,FUR-CH-10002774,furniture,Chairs,"Global Deluxe Stacking Chair, Gray",  $71.37  ,2,0.3,-1.0196
2169,CA-2017-117870,27-Jan-2017,1/30/2017,second class,JH-15820,John Huston,consumer,United States,Kent,Ohio,44240.0,  East  ,OFF-AR-10004078,  Office Supplies  ,Art,Newell 312,14.016,3,0.2,1.752
8166,CA-2015-168207,2015-11-02,11/6/2015,Standard Class,LT-17110,Liz Thompson,CONSUMER,United States,San Diego,California,92105.0,  West  ,OFF-BI-10003355,  Office Supplies  ,Binders,Cardinal Holdit Business Card Pockets,11.95 USD,3,0.2,4.1832
3828,CA-2017-141733,05/07/2017,5/11/2017,STANDARD CLASS,RW-19540,Rick Wilson,CORPORATE,United States,Detroit,Michigan,48234.0,central,FUR-CH-10004086,Furniture,Chairs,Hon 4070 Series Pagoda Armless Upholstered Stacking Chairs,"1,458.65 USD",5,0.0,-
9953,CA-2015-141593,14-Dec-2015,12/16/2015,Second Class,DB-12970,Darren Budd,corporate,United States,Los Angeles,California,90045.0,West,OFF-BI-10001153,OFFICE SUPPLIES,Binders,Ibico Recycled Grain-Textured Covers,55.264,2,0.2,20.724
9503,CA-2016-101329,04/22/2016,4/29/2016,Standard Class,MM-17920,Michael Moore,Consumer,United States,Rome,New York,13440.0,EAST,OFF-AR-10000614,office supplies,Art,Barrel Sharpener,32.13 USD,9,0.0,8.3538
382,CA-2016-134775,28-Oct-2016,10/29/2016,FIRST CLASS,AS-10285,Alejandro Savely,Corporate,United States,San Francisco,California,94109.0,West,OFF-PA-10004734,office supplies,Paper,Southworth Structures Collection,-,7,0.0,$ 25.48
3544,CA-2016-157511,2016-09-18,9/20/2016,First Class,SV-20365,Seth Vernon,consumer,United States,Columbus,Ohio,43229.0,east,OFF-AR-10002257,OFFICE SUPPLIES,Art,"Eldon Spacemaker Box, Quick-Snap Lid, Clear",2.67 USD,1,0.2,0.3674
2589,CA-2016-137729,2016/05/05 00:00:00,5/9/2016,standard class,BF-11005,Barry Franz,HOME OFFICE,United States,Los Angeles,California,90004.0,west,OFF-ST-10001505,office supplies,Storage,"Perma STOR-ALL Hanging File Box, 13 1/8""W x 12 1/4""D x 10 1/2""H",5.98,1,0.0,1.0166
8654,CA-2014-142769,09/13/2014,9/13/2014,SAME DAY,RP-19390,Resi Pölking,CONSUMER,United States,Seattle,Washington,98103.0,  West  ,TEC-AC-10001606,Technology,Accessories,Logitech Wireless Performance Mouse MX for PC and Mac,199.98,2,0.0,75.9924
7792,CA-2016-108364,2016-12-19,12/24/2016,Standard Class,BP-11050,Barry Pond,  Corporate  ,United States,Chicago,Illinois,60623.0,Central,OFF-BI-10002012,Office Supplies,Binders,Wilson Jones Easy Flow II Sheet Lifters,1.80 USD,5,0.8,-2.88
790,CA-2015-115938,26-Jun-2015,6/30/2015,standard class,SA-20830,Sue Ann Reed,  Consumer  ,United States,Richmond,Virginia,23223.0,SOUTH,OFF-ST-10001321,OFFICE SUPPLIES,Storage,"Decoflex Hanging Personal Folder File, Blue",  $15.42  ,1,0.0,4.16 USD
5385,CA-2017-161410,06/26/2017,7/3/2017,Standard Class,CC-12220,Chris Cortes,CONSUMER,United States,Philadelphia,Pennsylvania,19143.0,EAST,TEC-PH-10001760,TECHNOLOGY,Phones,Bose SoundLink Bluetooth Speaker,358.20 USD,3,0.4,41.79
6713,CA-2017-107629,12/14/2017,12/14/2017,SAME DAY,DB-13060,Dave Brooks,  Consumer  ,United States,Skokie,Illinois,60076.0,Central,FUR-FU-10002298,Furniture,Furnishings,"Rubbermaid ClusterMat Chairmats, Mat Size- 66"" x 60"", Lip 20"" x 11"" -90 Degree Angle",266.352,6,0.6,$ -292.99
2532,CA-2014-111500,2014/08/17 00:00:00,8/21/2014,Standard Class,DJ-13510,Don Jones,Corporate,United States,Little Rock,Arkansas,72209.0,South,OFF-BI-10000829,Office Supplies,Binders,Avery Non-Stick Binders,N/A,4,0.0,$ 8.26
6240,CA-2015-134075,Pending,12/16/2015,standard class,HA-14905,,Consumer,United States,San Jose,California,95123.0,West,OFF-ST-10001496,Office Supplies,Storage,Standard Rollaway File with Lock,$ 360.38,2,0.0,-
2690,CA-2014-123064,2014/06/30 00:00:00,7/2/2014,first class,RA-19915,Russell Applegate,CONSUMER,United States,Chicago,Illinois,60653.0,  Central  ,OFF-AR-10004582,Office Supplies,Art,BIC Brite Liner Grip Highlighters,5.25 USD,4,0.2,$ 1.64
4727,CA-2014-119151,Pending,11/29/2014,second class,MP-18175,Mike Pelletier,HOME OFFICE,United States,New York City,New York,10009.0,east,OFF-ST-10003470,  Office Supplies  ,Storage,"Tennsco Snap-Together Open Shelving Units, Starter Sets and Add-On Units",1117.92,4,0.0,$ 55.90
6438,US-2017-116897,2017/05/27 00:00:00,5/29/2017,First Class,JG-15160,James Galang,Consumer,United States,Pocatello,Idaho,83201.0,WEST,TEC-PH-10004389,Technology,Phones,Nokia Lumia 925,302.38 USD,3,0.2,  $22.68  
5639,CA-2014-154893,2014/12/21 00:00:00,12/27/2014,STANDARD CLASS,GM-14440,Gary McGarr,CONSUMER,United States,San Diego,California,,WEST,FUR-CH-10004287,furniture,Chairs,SAFCO Arco Folding Chair,"$ 1,325.76",6,0.2,149.15 USD
9988,CA-2017-163629,Pending,11/21/2017,standard class,RA-19885,Ruben Ausman,corporate,United States,Athens,Georgia,30605.0,SOUTH,TEC-AC-10001539,  Technology  ,Accessories,Logitech G430 Surround Sound Gaming Headset with Dolby 7.1 Technology,79.99 USD,1,0.0,28.7964
8278,US-2016-139262,02/21/2016,2/25/2016,STANDARD CLASS,LC-16960,Lindsay Castell,Home Office,United States,Tampa,Florida,33614.0,SOUTH,OFF-BI-10002026,Office Supplies,Binders,Avery Arch Ring Binders,$ 34.86,2,0.7,$ -26.73
1181,CA-2014-128146,Pending,6/25/2014,Standard Class,DB-13060,Dave Brooks,Consumer,United States,Lakewood,New Jersey,8701.0,East,TEC-PH-10004539,  Technology  ,Phones,Wireless Extenders zBoost YX545 SOHO Signal Booster,1322.93,7,0.0,357.1911
5991,US-2017-163300,2017-09-15,9/21/2017,  Standard Class  ,ES-14020,Erica Smith,CONSUMER,United States,Los Angeles,California,90049.0,West,OFF-BI-10004390,Office Supplies,Binders,GBC DocuBind 200 Manual Binding Machine,2357.488,7,0.2,884.058
1834,CA-2017-162691,2017/08/01 00:00:00,8/7/2017,Standard Class,AS-10045,Aaron Smayling,  Corporate  ,United States,Austin,Texas,,Central,TEC-MA-10000488,Technology,Machines,Bady BDG101FRU Card Printer,"1,439.98 USD",3,0.4,-263.9967
9153,US-2015-106873,2015/09/24 00:00:00,9/29/2015,  Second Class  ,KM-16720,Kunst Miller,consumer,United States,Avondale,Arizona,85323.0,  West  ,TEC-AC-10002345,  Technology  ,Accessories,HP Standard 104 key PS/2 Keyboard,23.2,2,0.2,$ 1.45
1148,CA-2015-112452,2015/04/04 00:00:00,4/4/2015,same day,NC-18340,Nat Carroll,  Consumer  ,United States,Lansing,Michigan,48911.0,Central,OFF-FA-10000735,OFFICE SUPPLIES,Fasteners,Staples,5.84,2,0.0,2.63 USD
1191,CA-2017-117212,02/26/2017,2/28/2017,Second Class,BT-11530,Bradley Talbott,  Home Office  ,United States,Los Angeles,California,90036.0,West,FUR-CH-10003973,FURNITURE,Chairs,GuestStacker Chair with Chrome Finish Legs,892.22 USD,3,0.2,  $89.22  
4281,CA-2014-166989,2014-11-14,11/18/2014,Standard Class,RM-19675,Robert Marley,home office,United States,New York City,New York,10011.0,East,OFF-PA-10004470,Office Supplies,Paper,"Adams Write n' Stick Phone Message Book, 11"" X 5 1/4"", 200 Messages",N/A,2,0.0,5.2256
2524,CA-2016-124352,10/15/2016,10/21/2016,Standard Class,CD-12790,Cynthia Delaney,Home Office,United States,Oklahoma City,Oklahoma,73120.0,CENTRAL,OFF-BI-10000977,Office Supplies,Binders,Ibico Plastic Spiral Binding Combs,$ 121.60,4,0.0,55.936
5862,CA-2016-101525,Pending,5/4/2016,SECOND CLASS,CM-12235,Chris McAfee,CONSUMER,United States,Little Rock,Arkansas,72209.0,  South  ,OFF-PA-10001497,office supplies,Paper,Xerox 1914,109.92 USD,2,0.0,53.86 USD
2488,CA-2015-104514,01/02/2015,1/4/2015,  Second Class  ,CB-12535,Claudia Bergmann,CORPORATE,United States,Newark,Delaware,19711.0,EAST,OFF-AR-10001473,OFFICE SUPPLIES,Art,Newell 313,$ 9.84,3,0.0,2.66 USD
1619,US-2016-118780,10-Sep-2016,9/14/2016,second class,PN-18775,Parhena Norris,  Home Office  ,United States,New York City,New York,,  East  ,OFF-ST-10000352,Office Supplies,Storage,Acco Perma 2700 Stacking Storage Drawers,59.48 USD,2,0.0,8.92 USD
1703,CA-2015-114069,07/13/2015,7/15/2015,Second Class,ND-18370,Natalie DeCherney,consumer,United States,New York City,New York,,EAST,OFF-PA-10000349,Office Supplies,Paper,Easy-staple paper,9.96,2,0.0,$ 4.68
3078,CA-2014-143903,2014-07-20,7/24/2014,STANDARD CLASS,KM-16375,,HOME OFFICE,United States,Dallas,Texas,75217.0,  Central  ,FUR-CH-10002024,Furniture,Chairs,HON 5400 Series Task Chairs for Big and Tall,981.372,2,0.3,-140.196
3528,CA-2017-148922,12/10/2017,12/15/2017,Second Class,SU-20665,Stephanie Ulpright,Home Office,United States,Jackson,Mississippi,39212.0,  South  ,OFF-BI-10003476,OFFICE SUPPLIES,Binders,Avery Metallic Poly Binders,N/A,8,0.0,22.0032
7253,CA-2016-152457,09/12/2016,9/18/2016,  Standard Class  ,SC-20695,Steve Chapman,CORPORATE,United States,Roseville,Michigan,,Central,OFF-PA-10003790,  Office Supplies  ,Paper,Xerox 1991,$ 68.52,3,0.0,31.52 USD
9155,CA-2016-132990,08/01/2016,8/3/2016,Second Class,KM-16660,Khloe Miller,Consumer,United States,Philadelphia,Pennsylvania,19140.0,  East  ,FUR-FU-10004864,furniture,Furnishings,Eldon 500 Class Desk Accessories,19.31 USD,2,0.2,-
8137,CA-2016-118073,08/12/2016,8/16/2016,STANDARD CLASS,CS-12490,Cindy Schnelling,CORPORATE,United States,Lakeland,Florida,,  South  ,FUR-TA-10002533,furniture,Tables,BPI Conference Tables,562.2925,7,0.45,-255.59 USD
2969,CA-2017-167941,2017/11/06 00:00:00,11/9/2017,  Second Class  ,JF-15565,Jill Fjeld,Consumer,United States,Fayetteville,North Carolina,28314.0,SOUTH,OFF-AP-10002118,Office Supplies,Appliances,"1.7 Cubic Foot Compact ""Cube"" Office Refrigerators",499.584,3,0.2,$ 43.71
6605,CA-2016-148852,2016/05/26 00:00:00,5/31/2016,standard class,SV-20785,Stewart Visinsky,consumer,United States,Santa Ana,California,92704.0,  West  ,OFF-FA-10003467,office supplies,Fasteners,"Alliance Big Bands Rubber Bands, 12/Pack",-,3,0.0,$ 0.00
2875,US-2017-102638,12/29/2017,12/31/2017,FIRST CLASS,MC-17845,Michael Chen,Consumer,United States,New York City,New York,,EAST,OFF-FA-10002988,Office Supplies,Fasteners,Ideal Clamps,$ 6.03,3,0.0,-
8359,CA-2014-110555,2014-04-11,4/18/2014,Standard Class,MM-18055,Michelle Moray,CONSUMER,United States,Great Falls,Montana,59405.0,West,TEC-PH-10000586,technology,Phones,AT&T SB67148 SynJ,$ 105.58,2,0.2,9.24 USD
1150,CA-2015-112452,04-Apr-2015,4/4/2015,same day,NC-18340,Nat Carroll,  Consumer  ,United States,Lansing,Michigan,48911.0,central,TEC-PH-10000307,Technology,Phones,Shocksock Galaxy S4 Armband,$ 10.95,1,0.0,$ 0.44
3287,CA-2017-150525,02/20/2017,2/25/2017,standard class,JP-16135,Julie Prescott,Home Office,United States,Muskogee,Oklahoma,74403.0,central,OFF-AP-10000595,Office Supplies,Appliances,Disposable Triple-Filter Dust Bags,13.11,3,0.0,$ 3.41
1576,CA-2014-101602,2014-12-15,12/18/2014,First Class,MC-18100,Mick Crebagga,Consumer,United States,El Paso,Texas,79907.0,Central,FUR-CH-10004675,FURNITURE,Chairs,"Lifetime Advantage Folding Chairs, 4/Carton",$ 763.28,5,0.3,$ -21.81
783,US-2015-157014,2015-10-03,10/6/2015,Second Class,BM-11785,Bryan Mills,Consumer,United States,Columbus,Ohio,43229.0,  East  ,TEC-AC-10002167,TECHNOLOGY,Accessories,Imation 8gb Micro Traveldrive Usb 2.0 Flash Drive,  $24.00  ,2,0.2,$ -2.70
4265,US-2016-131611,11/05/2016,11/9/2016,standard class,EP-13915,Emily Phan,  Consumer  ,United States,Houston,Texas,77036.0,Central,FUR-TA-10002774,furniture,Tables,Laminate Occasional Tables,863.128,8,0.3,  $-160.30  
1692,CA-2017-129833,12/09/2017,12/15/2017,Standard Class,HF-14995,Herbert Flentye,CONSUMER,United States,Indianapolis,Indiana,46203.0,Central,OFF-BI-10004182,OFFICE SUPPLIES,Binders,Economy Binders,10.40 USD,5,0.0,5.096
3929,CA-2016-162082,03/14/2016,3/17/2016,first class,JS-15880,John Stevenson,consumer,United States,Harlingen,Texas,78550.0,Central,FUR-BO-10004409,FURNITURE,Bookcases,"Safco Value Mate Series Steel Bookcases, Baked Enamel Finish on Steel, Gray",241.332,5,0.32,-14.196
2211,CA-2014-125556,2014-11-14,11/16/2014,Second Class,ML-17410,,Consumer,United States,Fairfield,Connecticut,6824.0,EAST,OFF-BI-10003460,OFFICE SUPPLIES,Binders,Acco 3-Hole Punch,43.8,10,0.0,21.024
5712,US-2015-160857,08-May-2015,5/15/2015,standard class,NW-18400,Natalie Webber,  Consumer  ,United States,New York City,New York,10024.0,east,OFF-PA-10003363,office supplies,Paper,Xerox 204,$ 19.44,3,0.0,9.33 USD
1544,CA-2014-107181,02/04/2014,2/8/2014,Standard Class,DB-13270,Deborah Brumfield,Home Office,United States,San Diego,California,,West,OFF-BI-10004230,office supplies,Binders,GBC Recycled Grain Textured Covers,82.896,3,0.2,29.0136
2056,CA-2017-120376,2017/12/22 00:00:00,12/25/2017,First Class,TP-21130,Theone Pippenger,Consumer,United States,Detroit,Michigan,48227.0,central,TEC-AC-10001114,Technology,Accessories,Microsoft Wireless Mobile Mouse 4000,  $199.95  ,5,0.0,63.984
3942,CA-2017-117863,18-May-2017,5/23/2017,  Standard Class  ,TS-21340,Toby Swindell,consumer,United States,New York City,New York,10024.0,  East  ,OFF-BI-10000605,Office Supplies,Binders,"Acco Pressboard Covers with Storage Hooks, 9 1/2"" x 11"", Executive Red",3.048,1,0.2,1.03 USD
8101,CA-2016-169663,Pending,3/13/2016,First Class,RH-19510,Rick Huthwaite,Home Office,United States,Los Angeles,California,90045.0,WEST,TEC-MA-10000984,Technology,Machines,Okidata MB760 Printer,3357.6,3,0.2,  $377.73  
4399,US-2014-138758,07-Jul-2014,7/11/2014,Standard Class,JL-15835,John Lee,  Consumer  ,United States,Philadelphia,Pennsylvania,19120.0,East,FUR-FU-10003039,FURNITURE,Furnishings,"Howard Miller 11-1/2"" Diameter Grantwood Wall Clock",69.008,2,0.2,  $12.08  
3527,CA-2017-148922,10-Dec-2017,12/15/2017,SECOND CLASS,SU-20665,Stephanie Ulpright,HOME OFFICE,United States,Jackson,Mississippi,39212.0,SOUTH,TEC-PH-10000148,TECHNOLOGY,Phones,Cyber Acoustics AC-202b Speech Recognition Stereo Headset,$ 38.97,3,0.0,  $0.78  
9894,US-2016-115441,2016-07-25,7/28/2016,second class,SH-19975,Sally Hughsby,corporate,United States,Milwaukee,Wisconsin,53209.0,central,FUR-CH-10004626,furniture,Chairs,Office Star Flex Back Scooter Chair with Aluminum Finish Frame,-,4,0.0,-
8753,CA-2016-105662,05/05/2016,5/9/2016,  Standard Class  ,RB-19465,Rick Bensley,Home Office,United States,Tallahassee,Florida,32303.0,SOUTH,TEC-PH-10001198,technology,Phones,Avaya 4621SW VoIP phone,177.48,3,0.2,$ 19.97
8085,CA-2015-150714,10/26/2015,11/1/2015,  Standard Class  ,KH-16690,Kristen Hastings,Corporate,United States,Springfield,Oregon,97477.0,west,OFF-ST-10001809,Office Supplies,Storage,Fellowes Officeware Wire Shelving,718.64 USD,10,0.2,-161.694
7811,CA-2016-134334,14-Feb-2016,2/15/2016,  First Class  ,DK-13090,Dave Kipp,Consumer,United States,Clinton,Maryland,20735.0,East,OFF-PA-10000791,Office Supplies,Paper,"Wirebound Message Books, Four 2 3/4 x 5 Forms per Page, 200 Sets per Book",  $4.77  ,1,0.0,N/A
287,CA-2016-112697,12/18/2016,12/20/2016,Second Class,AH-10195,Alan Haines,Corporate,United States,Tamarac,Florida,33319.0,south,OFF-BI-10000778,Office Supplies,Binders,GBC VeloBinder Electric Binding Machine,$ 254.06,7,0.7,-169.372
1122,US-2014-147627,Pending,1/26/2014,STANDARD CLASS,HL-15040,Hunter Lopez,Consumer,United States,Jonesboro,Arkansas,72401.0,SOUTH,TEC-PH-10001061,  Technology  ,Phones,Apple iPhone 5C,N/A,7,0.0,181.98 USD
5297,CA-2017-108791,27-Jul-2017,7/31/2017,Standard Class,TM-21490,Tony Molinari,Consumer,United States,Yonkers,New York,10701.0,EAST,FUR-FU-10004018,Furniture,Furnishings,Tensor Computer Mounted Lamp,$ 14.89,1,0.0,  $4.02  
2487,CA-2015-104514,2015/01/02 00:00:00,1/4/2015,SECOND CLASS,CB-12535,Claudia Bergmann,Corporate,United States,Newark,Delaware,19711.0,  East  ,OFF-ST-10001837,  Office Supplies  ,Storage,"SAFCO Mobile Desk Side File, Wire Frame",  $85.52  ,2,0.0,$ 22.24
4867,CA-2017-122490,2017-11-13,11/18/2017,Standard Class,TT-21070,Ted Trevino,Consumer,United States,Seattle,Washington,98103.0,west,OFF-BI-10001718,Office Supplies,Binders,GBC DocuBind P50 Personal Binding Machine,$ 563.02,11,0.2,190.0206
7865,CA-2015-143364,07/14/2015,7/19/2015,second class,TG-21310,Toby Gnade,CONSUMER,United States,Mesa,Arizona,,  West  ,OFF-PA-10001846,  Office Supplies  ,Paper,Xerox 1899,$ 18.50,4,0.2,6.70 USD
7400,CA-2014-124807,07/12/2014,7/15/2014,  Second Class  ,ME-17725,,Consumer,United States,Chicago,Illinois,60610.0,Central,TEC-AC-10002857,  Technology  ,Accessories,"Verbatim 25 GB 6x Blu-ray Single Layer Recordable Disc, 1/Pack",23.84,4,0.2,3.28 USD
8575,CA-2014-159849,2014-09-19,9/19/2014,same day,JK-15640,Jim Kriz,HOME OFFICE,United States,San Francisco,California,94110.0,  West  ,OFF-FA-10000053,office supplies,Fasteners,Revere Boxed Rubber Bands by Revere,$ 5.67,3,0.0,0.1134
9361,CA-2016-168046,2016-01-25,1/28/2016,second class,JD-15895,Jonathan Doherty,  Corporate  ,United States,New York City,New York,10024.0,east,OFF-ST-10004337,Office Supplies,Storage,"SAFCO Commercial Wire Shelving, 72h",428.68,7,0.0,-
8652,CA-2014-142769,2014/09/13 00:00:00,9/13/2014,  Same Day  ,RP-19390,Resi Pölking,Consumer,United States,Seattle,Washington,98103.0,WEST,FUR-FU-10001918,FURNITURE,Furnishings,C-Line Cubicle Keepers Polyproplyene Holder With Velcro Backings,14.19 USD,3,0.0,5.53 USD
1924,CA-2016-156685,2016/07/08 00:00:00,7/10/2016,second class,SC-20230,,corporate,United States,Arlington,Texas,76017.0,Central,OFF-AR-10000588,OFFICE SUPPLIES,Art,Newell 345,47.62 USD,3,0.2,3.5712
564,CA-2015-130736,2015/12/07 00:00:00,12/9/2015,  First Class  ,JF-15490,Jeremy Farry,  Consumer  ,United States,Seattle,Washington,98105.0,West,OFF-FA-10003467,  Office Supplies  ,Fasteners,"Alliance Big Bands Rubber Bands, 12/Pack",N/A,2,0.0,0.00 USD
292,CA-2016-110772,2016/11/20 00:00:00,11/24/2016,second class,NZ-18565,Nick Zandusky,Home Office,United States,Columbus,Ohio,43229.0,east,TEC-AC-10002001,  Technology  ,Accessories,Logitech Wireless Gaming Headset G930,  $255.98  ,2,0.2,54.40 USD
6984,CA-2016-116526,2016-09-01,9/5/2016,STANDARD CLASS,JA-15970,Joseph Airdo,Consumer,United States,Detroit,Michigan,48227.0,central,TEC-PH-10002365,  Technology  ,Phones,Belkin Grip Candy Sheer Case / Cover for iPhone 5 and 5S,8.78,1,0.0,2.28 USD
8432,CA-2017-155621,08-Nov-2017,11/13/2017,Standard Class,KN-16450,,Corporate,United States,Baltimore,Maryland,21215.0,East,FUR-FU-10003535,Furniture,Furnishings,Howard Miller Distant Time Traveler Alarm Clock,274.2,10,0.0,112.422
1714,US-2017-124968,08-Sep-2017,9/13/2017,Second Class,MM-18055,Michelle Moray,Consumer,United States,Chicago,Illinois,60610.0,Central,FUR-TA-10004289,FURNITURE,Tables,BoxOffice By Design Rectangular and Half-Moon Meeting Room Tables,  $765.62  ,7,0.5,$ -566.56
170,CA-2014-139892,2014-09-08,9/12/2014,Standard Class,BM-11140,Becky Martin,Consumer,United States,San Antonio,Texas,78207.0,Central,OFF-AP-10002518,office supplies,Appliances,Kensington 7 Outlet MasterPiece Power Center,177.98,5,0.8,N/A
268,CA-2016-111010,22-Jan-2016,1/28/2016,STANDARD CLASS,PG-18895,Paul Gonzalez,Consumer,United States,Morristown,New Jersey,7960.0,east,OFF-FA-10003472,  Office Supplies  ,Fasteners,Bagged Rubber Bands,7.56,6,0.0,  $0.30  
4631,US-2015-126235,10/15/2015,10/15/2015,same day,GA-14725,Guy Armstrong,consumer,United States,Mount Pleasant,Michigan,48858.0,central,FUR-FU-10000719,  Furniture  ,Furnishings,"DAX Cubicle Frames, 8-1/2 x 11",  $17.14  ,2,0.0,  $6.17  
5280,US-2017-104094,07-Sep-2017,9/11/2017,standard class,AG-10675,Anna Gayman,CONSUMER,United States,Milwaukee,Wisconsin,53209.0,central,TEC-AC-10002134,  Technology  ,Accessories,Rosewill 107 Normal Keys USB Wired Standard Keyboard,$ 13.48,1,0.0,$ 1.89
5266,CA-2017-147452,09/30/2017,10/3/2017,FIRST CLASS,CS-11845,Cari Sayre,Corporate,United States,Seattle,Washington,98103.0,WEST,OFF-PA-10001838,Office Supplies,Paper,"Adams Telephone Message Book W/Dividers/Space For Phone Numbers, 5 1/4""X8 1/2"", 300/Messages",11.76,2,0.0,N/A
3056,US-2015-100377,08/28/2015,9/1/2015,Standard Class,TS-21370,Todd Sumrall,Corporate,United States,Chicago,Illinois,,central,TEC-CO-10001046,Technology,Copiers,Canon Imageclass D680 Copier / Fax,2799.96,5,0.2,N/A
316,CA-2014-167850,2014-08-09,8/16/2014,STANDARD CLASS,AG-10525,Andy Gerbode,  Corporate  ,United States,Saint Petersburg,Florida,,  South  ,OFF-PA-10001937,OFFICE SUPPLIES,Paper,Xerox 21,$ 15.55,3,0.2,5.44 USD
7923,CA-2017-134096,24-Sep-2017,9/29/2017,standard class,PP-18955,Paul Prost,HOME OFFICE,United States,Hollywood,Florida,33021.0,south,TEC-PH-10000526,  Technology  ,Phones,Vtech CS6719,$ 383.96,5,0.2,38.396
5378,CA-2014-125542,05-Dec-2014,12/7/2014,First Class,NB-18655,Nona Balk,Corporate,United States,Philadelphia,Pennsylvania,19134.0,east,OFF-EN-10000056,OFFICE SUPPLIES,Envelopes,Cameo Buff Policy Envelopes,$ 348.49,7,0.2,N/A
6067,CA-2015-151547,2015/01/17 00:00:00,1/23/2015,standard class,AH-10465,Amy Hunt,Consumer,United States,Bartlett,Tennessee,38134.0,  South  ,OFF-SU-10000898,OFFICE SUPPLIES,Supplies,"Acme Hot Forged Carbon Steel Scissors with Nickel-Plated Handles, 3 7/8"" Cut, 8""L",$ 88.96,8,0.2,10.01 USD
246,CA-2014-131926,2014-06-01,6/6/2014,SECOND CLASS,DW-13480,Dianna Wilson,Home Office,United States,Lakeville,Minnesota,55044.0,Central,OFF-ST-10002276,OFFICE SUPPLIES,Storage,Safco Steel Mobile File Cart,$ 166.72,2,0.0,$ 41.68
253,CA-2016-146941,2016-12-10,12/13/2016,First Class,DL-13315,Delfina Latchford,  Consumer  ,United States,New York City,New York,10024.0,East,OFF-ST-10001228,Office Supplies,Storage,"Fellowes Personal Hanging Folder Files, Navy",80.58,6,0.0,22.56 USD
1795,CA-2016-140774,2016/09/05 00:00:00,9/10/2016,Standard Class,BE-11455,Brad Eason,HOME OFFICE,United States,Olathe,Kansas,66062.0,Central,OFF-AR-10004022,office supplies,Art,Panasonic KP-380BK Classic Electric Pencil Sharpener,107.94,3,0.0,26.985
9197,CA-2014-103310,10-May-2014,5/15/2014,Standard Class,GM-14680,Greg Matthias,  Consumer  ,United States,San Jose,California,95123.0,west,OFF-PA-10004353,  Office Supplies  ,Paper,Southworth 25% Cotton Premium Laser Paper and Envelopes,39.96,2,0.0,19.1808
8919,US-2016-144057,05/09/2016,5/13/2016,  Standard Class  ,CV-12805,,corporate,United States,Austin,Texas,78745.0,central,OFF-BI-10002353,Office Supplies,Binders,GBC VeloBind Cover Sets,$ 18.53,6,0.8,$ -27.79
51,CA-2015-115742,04/18/2015,4/22/2015,Standard Class,DP-13000,Darren Powers,Consumer,United States,New Albany,Indiana,47150.0,Central,OFF-LA-10002762,  Office Supplies  ,Labels,Avery 485,75.18,6,0.0,35.3346
5045,CA-2016-158694,11/10/2016,11/13/2016,second class,AI-10855,Arianne Irving,consumer,United States,Los Angeles,California,90036.0,  West  ,OFF-PA-10001363,Office Supplies,Paper,Xerox 1933,61.4,5,0.0,N/A
9694,CA-2017-130148,2017/09/24 00:00:00,9/28/2017,  Second Class  ,NK-18490,,  Home Office  ,United States,San Francisco,California,94110.0,West,OFF-PA-10000551,Office Supplies,Paper,Array Memo Cubes,31.08,6,0.0,15.2292
3376,CA-2015-161718,12/04/2015,12/10/2015,Standard Class,SO-20335,Sean O'Donnell,Consumer,United States,Hempstead,New York,11550.0,east,TEC-PH-10000376,Technology,Phones,Square Credit Card Reader,N/A,4,0.0,  $10.39  
1409,CA-2016-130407,09/02/2016,9/6/2016,STANDARD CLASS,KD-16270,Karen Daniels,Consumer,United States,New York City,New York,10024.0,  East  ,FUR-FU-10001967,Furniture,Furnishings,Telescoping Adjustable Floor Lamp,$ 39.98,2,0.0,9.99 USD
5938,CA-2016-103107,07/04/2016,7/4/2016,Same Day,RB-19465,Rick Bensley,  Home Office  ,United States,Seattle,Washington,98103.0,WEST,TEC-PH-10002564,  Technology  ,Phones,OtterBox Defender Series Case - Samsung Galaxy S4,71.98 USD,3,0.2,8.997
873,CA-2014-148488,12/10/2014,12/15/2014,  Standard Class  ,SM-20005,Sally Matthias,consumer,United States,New York City,New York,10009.0,  East  ,OFF-PA-10004470,OFFICE SUPPLIES,Paper,"Adams Write n' Stick Phone Message Book, 11"" X 5 1/4"", 200 Messages",$ 11.36,2,0.0,5.23 USD
7078,CA-2016-106950,09/02/2016,9/6/2016,STANDARD CLASS,JE-15715,Joe Elijah,  Consumer  ,United States,Charlotte,North Carolina,28205.0,  South  ,OFF-BI-10000014,Office Supplies,Binders,Heavy-Duty E-Z-D Binders,  $22.91  ,7,0.7,-17.57 USD
4672,CA-2016-133550,2016-07-31,8/6/2016,STANDARD CLASS,KL-16645,Ken Lonsdale,consumer,United States,Detroit,Michigan,48205.0,  Central  ,OFF-AP-10001005,Office Supplies,Appliances,Honeywell Quietcare HEPA Air Cleaner,283.14,4,0.1,72.358
5841,CA-2015-134992,22-Sep-2015,9/26/2015,Second Class,MG-17875,Michael Grace,Home Office,United States,Arlington,Virginia,22204.0,  South  ,FUR-FU-10002554,furniture,Furnishings,"Westinghouse Floor Lamp with Metal Mesh Shade, Black",47.98,2,0.0,11.0354
3616,CA-2017-112529,2017-11-19,11/21/2017,first class,SC-20770,Stewart Carmichael,corporate,United States,San Antonio,Texas,78207.0,central,OFF-AR-10001915,OFFICE SUPPLIES,Art,Peel-Off China Markers,31.776,4,0.2,8.7384
8088,CA-2016-106621,09/29/2016,10/1/2016,Second Class,DM-12955,Dario Medina,  Corporate  ,United States,Yuma,Arizona,85364.0,  West  ,OFF-AR-10002375,Office Supplies,Art,Newell 351,10.496,4,0.2,1.1808
5229,US-2014-147648,11/26/2014,12/1/2014,STANDARD CLASS,LS-16975,Lindsay Shagiari,HOME OFFICE,United States,San Francisco,California,94109.0,WEST,OFF-PA-10001033,OFFICE SUPPLIES,Paper,Xerox 1893,81.98,2,0.0,$ 40.17
7038,CA-2017-161970,22-Sep-2017,9/27/2017,Standard Class,PB-19105,Peter Bühler,consumer,United States,Smyrna,Georgia,30080.0,SOUTH,OFF-PA-10004255,  Office Supplies  ,Paper,Xerox 219,12.96 USD,2,0.0,6.2208
249,CA-2014-131926,01-Jun-2014,6/6/2014,Second Class,DW-13480,Dianna Wilson,HOME OFFICE,United States,Lakeville,Minnesota,55044.0,CENTRAL,OFF-PA-10000061,OFFICE SUPPLIES,Paper,Xerox 205,  $25.92  ,4,0.0,12.4416
1663,CA-2017-144526,2017-04-30,5/6/2017,STANDARD CLASS,QJ-19255,Quincy Jones,Corporate,United States,Philadelphia,Pennsylvania,19143.0,  East  ,OFF-BI-10002353,Office Supplies,Binders,GBC VeloBind Cover Sets,  $13.90  ,3,0.7,  $-9.26  
8171,CA-2017-107174,11/06/2017,11/13/2017,Standard Class,AB-10060,Adam Bellavance,home office,United States,Seattle,Washington,98105.0,West,TEC-AC-10001465,Technology,Accessories,SanDisk Cruzer 64 GB USB Flash Drive,$ 108.96,3,0.0,32.688
7955,CA-2014-138359,2014-04-01,4/6/2014,standard class,KH-16330,Katharine Harms,  Corporate  ,United States,Revere,Massachusetts,2151.0,  East  ,OFF-BI-10000145,Office Supplies,Binders,Zipper Ring Binder Pockets,  $6.24  ,2,0.0,$ 3.06
4368,CA-2017-117044,2017-09-11,9/13/2017,second class,HA-14920,Helen Andreada,consumer,United States,Chicago,Illinois,60623.0,Central,OFF-FA-10000936,Office Supplies,Fasteners,Acco Hot Clips Clips to Go,10.53 USD,4,0.2,3.29
7700,CA-2017-151799,12/14/2017,12/18/2017,Standard Class,BF-11170,Ben Ferrer,home office,United States,Lawrence,Massachusetts,1841.0,East,OFF-SU-10001664,  Office Supplies  ,Supplies,Acme Office Executive Series Stainless Steel Trimmers,25.71,3,0.0,  $6.68  
2305,CA-2017-157931,2017-09-17,9/22/2017,  Second Class  ,MO-17800,Meg O'Connel,HOME OFFICE,United States,Roswell,Georgia,30076.0,  South  ,OFF-PA-10000474,office supplies,Paper,Easy-staple paper,$ 106.32,3,0.0,49.97 USD
6716,CA-2017-107629,2017-12-14,12/14/2017,SAME DAY,DB-13060,Dave Brooks,Consumer,United States,Skokie,Illinois,60076.0,  Central  ,OFF-AR-10002987,Office Supplies,Art,Prismacolor Color Pencil Set,$ 95.23,6,0.2,  $25.00  
3892,US-2016-163881,11/24/2016,11/30/2016,STANDARD CLASS,SP-20860,Sung Pak,Corporate,United States,Los Angeles,California,90036.0,west,FUR-CH-10001394,  Furniture  ,Chairs,Global Leather Executive Chair,1684.752,6,0.2,210.59 USD
2037,CA-2015-119214,2015-01-23,1/27/2015,standard class,CW-11905,Carl Weiss,home office,United States,Bozeman,Montana,59715.0,west,OFF-PA-10002893,OFFICE SUPPLIES,Paper,"Wirebound Service Call Books, 5 1/2"" x 4""",$ 29.04,3,0.0,13.94 USD
3400,CA-2014-102274,2014-11-21,11/26/2014,Standard Class,DH-13075,Dave Hallsten,corporate,United States,Richmond,Kentucky,40475.0,  South  ,OFF-PA-10004359,OFFICE SUPPLIES,Paper,Multicolor Computer Printout Paper,629.1,6,0.0,301.97 USD
3040,CA-2017-101749,2017-10-03,10/8/2017,Standard Class,AS-10045,Aaron Smayling,CORPORATE,United States,Pasadena,California,91104.0,  West  ,FUR-TA-10001520,Furniture,Tables,"Lesro Sheffield Collection Coffee Table, End Table, Center Table, Corner Table",171.288,3,0.2,  $-6.42  
2378,US-2014-164616,19-Aug-2014,8/21/2014,  Second Class  ,MS-17770,,  Consumer  ,United States,Columbus,Ohio,43229.0,east,OFF-SU-10004768,Office Supplies,Supplies,Acme Kleencut Forged Steel Scissors,  $9.18  ,2,0.2,  $1.15  
3459,CA-2017-136448,2017/09/16 00:00:00,9/18/2017,first class,AS-10090,Adam Shillingsburg,Consumer,United States,Philadelphia,Pennsylvania,19143.0,East,OFF-BI-10002393,OFFICE SUPPLIES,Binders,Binder Posts,3.44 USD,2,0.7,-2.76 USD
9339,CA-2014-155264,2014/10/19 00:00:00,10/22/2014,  Second Class  ,RP-19270,Rachel Payne,  Corporate  ,United States,San Francisco,California,94110.0,WEST,OFF-BI-10003727,  Office Supplies  ,Binders,Avery Durable Slant Ring Binders With Label Holder,20.064,6,0.2,7.0224
4437,CA-2016-163398,2016-05-03,5/8/2016,STANDARD CLASS,CB-12415,Christy Brittain,consumer,United States,Chicago,Illinois,60653.0,Central,OFF-AR-10003217,OFFICE SUPPLIES,Art,Newell 316,27.38 USD,7,0.2,2.7384
9803,CA-2015-122973,18-Jul-2015,7/20/2015,SECOND CLASS,PJ-19015,Pauline Johnson,Consumer,United States,New York City,New York,10024.0,EAST,OFF-BI-10004182,OFFICE SUPPLIES,Binders,Economy Binders,$ 3.33,2,0.2,$ 1.21
448,CA-2016-166674,01-Apr-2016,4/3/2016,Second Class,RB-19360,Raymond Buch,  Consumer  ,United States,Auburn,New York,13021.0,EAST,OFF-AR-10000588,Office Supplies,Art,Newell 345,$ 59.52,3,0.0,N/A
3246,US-2017-140907,12/10/2017,12/12/2017,Second Class,BP-11185,Ben Peterman,Corporate,United States,Seattle,Washington,98103.0,WEST,TEC-AC-10004510,Technology,Accessories,Logitech Desktop MK120 Mouse and keyboard Combo,$ 49.08,3,0.0,4.91 USD
1255,CA-2017-144638,2017-03-10,3/14/2017,STANDARD CLASS,MH-18115,Mick Hernandez,  Home Office  ,United States,Chester,Pennsylvania,19013.0,east,TEC-PH-10000149,technology,Phones,Cisco SPA525G2 IP Phone - Wireless,$ 35.91,3,0.4,-8.379
5992,US-2017-163300,Pending,9/21/2017,  Standard Class  ,ES-14020,Erica Smith,Consumer,United States,Los Angeles,California,90049.0,  West  ,TEC-PH-10001700,Technology,Phones,Panasonic KX-TG6844B Expandable Digital Cordless Telephone,369.544,7,0.2,32.3351
3306,CA-2014-104738,12/30/2014,1/1/2015,Second Class,SP-20620,Stefania Perrino,corporate,United States,Laredo,Texas,78041.0,Central,TEC-PH-10002468,TECHNOLOGY,Phones,"Plantronics CS 50-USB - headset - Convertible, Monaural",217.58 USD,2,0.2,$ 19.04
1112,US-2016-110156,11/19/2016,11/24/2016,  Standard Class  ,EH-13945,Eric Hoffmann,consumer,United States,Houston,Texas,,Central,OFF-PA-10004735,  Office Supplies  ,Paper,Xerox 1905,10.37 USD,2,0.2,3.6288
4697,US-2015-138121,2015/12/17 00:00:00,12/17/2015,  Same Day  ,JL-15835,,  Consumer  ,United States,Detroit,Michigan,48205.0,Central,FUR-CH-10004875,  Furniture  ,Chairs,Harbour Creations 67200 Series Stacking Chairs,142.36,2,0.0,38.44 USD
4036,US-2016-108777,12/12/2016,12/12/2016,Same Day,JM-15655,Jim Mitchum,CORPORATE,United States,Lorain,Ohio,,east,TEC-AC-10002567,Technology,Accessories,Logitech G602 Wireless Gaming Mouse,$ 383.95,6,0.2,$ 76.79
2546,CA-2017-108070,2017-04-16,4/20/2017,standard class,JE-15745,Joel Eaton,Consumer,United States,San Jose,California,95123.0,  West  ,OFF-ST-10004804,  Office Supplies  ,Storage,"Belkin 19"" Vented Equipment Shelf, Black",205.92,4,0.0,$ 2.06
8240,CA-2017-103065,2017-10-20,10/20/2017,SAME DAY,PT-19090,Pete Takahito,CONSUMER,United States,Jacksonville,Florida,32216.0,south,OFF-AR-10003251,Office Supplies,Art,Prang Drawing Pencil Set,  $4.45  ,2,0.2,-
684,US-2017-168116,Pending,11/4/2017,Same Day,GT-14635,Grant Thornton,  Corporate  ,United States,Burlington,North Carolina,27217.0,SOUTH,TEC-MA-10004125,technology,Machines,Cubify CubeX 3D Printer Triple Head Print,  $7999.98  ,4,0.5,-3839.9904
2665,CA-2016-164784,2016-05-01,5/4/2016,First Class,HF-14995,Herbert Flentye,  Consumer  ,United States,Memphis,Tennessee,38109.0,South,FUR-TA-10004534,Furniture,Tables,Bevis 44 x 96 Conference Tables,370.62,3,0.4,$ -142.07
8607,CA-2017-162936,08/18/2017,8/22/2017,Standard Class,CM-12160,Charles McCrossin,CONSUMER,United States,New Bedford,Massachusetts,2740.0,  East  ,TEC-AC-10003614,  Technology  ,Accessories,"Verbatim 25 GB 6x Blu-ray Single Layer Recordable Disc, 10/Pack",23.18,2,0.0,$ 7.65
462,CA-2015-109638,15-Dec-2015,12/22/2015,Standard Class,JH-15985,Joseph Holt,Consumer,United States,Seattle,Washington,98115.0,West,OFF-BI-10001098,Office Supplies,Binders,Acco D-Ring Binder w/DublLock,51.31 USD,3,0.2,  $18.60  
2628,US-2017-165344,11/13/2017,11/15/2017,First Class,SB-20290,Sean Braxton,CORPORATE,United States,Springfield,Ohio,45503.0,East,TEC-AC-10002399,Technology,Accessories,SanDisk Cruzer 32 GB USB Flash Drive,  $60.86  ,4,0.2,9.1296
2778,CA-2015-138534,07/17/2015,7/19/2015,Second Class,JM-15535,,Consumer,United States,Bakersfield,California,93309.0,WEST,FUR-BO-10003159,furniture,Bookcases,"Sauder Camden County Collection Libraries, Planked Cherry Finish",195.466,2,0.15,-13.7976
9203,CA-2016-153836,2016-10-30,11/3/2016,  Standard Class  ,EH-13765,Edward Hooks,corporate,United States,New York City,New York,10011.0,east,OFF-BI-10004817,office supplies,Binders,GBC Personal VeloBind Strips,28.752,3,0.2,10.0632
2317,CA-2017-122035,2017-07-20,7/25/2017,STANDARD CLASS,EM-13825,Elizabeth Moffitt,  Corporate  ,United States,Sioux Falls,South Dakota,57103.0,CENTRAL,FUR-CH-10003833,Furniture,Chairs,Novimex Fabric Task Chair,  $182.94  ,3,0.0,27.441
319,CA-2014-164973,11/04/2014,11/9/2014,standard class,NM-18445,Nathan Mautz,HOME OFFICE,United States,New York City,New York,10024.0,East,TEC-MA-10002927,TECHNOLOGY,Machines,Canon imageCLASS MF7460 Monochrome Digital Laser Multifunction Copier,N/A,2,0.0,"1,995.99 USD"
1627,CA-2015-164539,11/16/2015,11/22/2015,standard class,PO-19180,Philisse Overcash,Home Office,United States,New York City,New York,10011.0,east,OFF-AP-10002457,  Office Supplies  ,Appliances,"Eureka The Boss Plus 12-Amp Hard Box Upright Vacuum, Red",$ 523.25,5,0.0,141.2775
5710,US-2015-160857,2015-05-08,5/15/2015,Standard Class,NW-18400,Natalie Webber,consumer,United States,New York City,New York,10024.0,east,FUR-CH-10002647,FURNITURE,Chairs,"Situations Contoured Folding Chairs, 4/Set",127.76 USD,2,0.1,$ 21.29
8532,CA-2016-156748,2016-11-30,12/6/2016,STANDARD CLASS,BS-11755,Bruce Stewart,  Consumer  ,United States,Detroit,Michigan,48227.0,Central,OFF-PA-10002713,Office Supplies,Paper,"Adams Phone Message Book, 200 Message Capacity, 8 1/16” x 11”",13.76,2,0.0,6.3296
1316,CA-2016-145919,2016-12-18,12/23/2016,Standard Class,HG-14965,Henry Goldwyn,CORPORATE,United States,Los Angeles,California,90032.0,West,FUR-FU-10004960,Furniture,Furnishings,"Seth Thomas 12"" Clock w/ Goldtone Case",183.84 USD,8,0.0,N/A
5869,CA-2016-158211,04-Jan-2016,1/8/2016,  Standard Class  ,BP-11185,Ben Peterman,corporate,United States,Philadelphia,Pennsylvania,19143.0,East,OFF-BI-10002026,OFFICE SUPPLIES,Binders,Avery Arch Ring Binders,104.58 USD,6,0.7,-80.18 USD
3769,CA-2014-153913,16-Dec-2014,12/20/2014,Second Class,KB-16585,Ken Black,Corporate,United States,Hialeah,Florida,33012.0,  South  ,FUR-CH-10000988,Furniture,Chairs,Hon Olson Stacker Stools,1013.832,9,0.2,$ 101.38
377,US-2016-134656,28-Sep-2016,10/1/2016,FIRST CLASS,MM-18280,Muhammed MacIntyre,Corporate,United States,Quincy,Illinois,62301.0,CENTRAL,OFF-PA-10003039,  Office Supplies  ,Paper,Xerox 1960,$ 99.14,4,0.2,$ 30.98
411,CA-2017-117457,2017-12-08,12/12/2017,Standard Class,KH-16510,Keith Herrera,Consumer,United States,San Francisco,California,94110.0,  West  ,OFF-LA-10003766,Office Supplies,Labels,Self-Adhesive Removable Labels,-,9,0.0,$ 13.61
1656,US-2017-132444,11/18/2017,11/21/2017,FIRST CLASS,CD-12280,Christina DeMoss,  Consumer  ,United States,Seattle,Washington,98105.0,West,OFF-BI-10001116,Office Supplies,Binders,"Wilson Jones 1"" Hanging DublLock Ring Binders",$ 8.45,2,0.2,2.96 USD
3146,CA-2017-131828,02/11/2017,2/13/2017,Second Class,CS-11845,Cari Sayre,Corporate,United States,Seattle,Washington,98105.0,West,FUR-CH-10004495,FURNITURE,Chairs,"Global Leather and Oak Executive Chair, Black",963.136,4,0.2,  $108.35  
1689,CA-2017-143798,12/10/2017,12/12/2017,FIRST CLASS,AW-10840,Anthony Witt,CONSUMER,United States,Philadelphia,Pennsylvania,19140.0,EAST,FUR-FU-10004306,Furniture,Furnishings,Electrix Halogen Magnifier Lamp,$ 310.88,2,0.2,23.316
3188,CA-2017-159352,03/12/2017,3/17/2017,STANDARD CLASS,KB-16585,Ken Black,CORPORATE,United States,Lowell,Massachusetts,1852.0,East,TEC-PH-10004700,  Technology  ,Phones,PowerGen Dual USB Car Charger,  $69.93  ,7,0.0,32.1678
8289,CA-2014-156244,08/12/2014,8/16/2014,standard class,DH-13675,Duane Huffman,Home Office,United States,Miami,Florida,33180.0,  South  ,TEC-AC-10002473,TECHNOLOGY,Accessories,Maxell 4.7GB DVD-R,$ 158.93,7,0.2,-
4814,CA-2016-121370,14-Nov-2016,11/19/2016,  Second Class  ,EB-14110,Eugene Barchas,Consumer,United States,Philadelphia,Pennsylvania,19134.0,EAST,FUR-FU-10002813,Furniture,Furnishings,"DAX Contemporary Wood Frame with Silver Metal Mat, Desktop, 11 x 14 Size",  $48.58  ,3,0.2,9.72 USD
3488,CA-2017-120705,09/05/2017,9/11/2017,  Standard Class  ,MG-17875,Michael Grace,  Home Office  ,United States,Fort Lauderdale,Florida,33311.0,south,OFF-ST-10001522,Office Supplies,Storage,"Gould Plastics 18-Pocket Panel Bin, 34w x 5-1/4d x 20-1/2h",147.18 USD,2,0.2,-29.44 USD
9342,CA-2014-155264,10/19/2014,10/22/2014,  Second Class  ,RP-19270,Rachel Payne,corporate,United States,San Francisco,California,94110.0,  West  ,TEC-PH-10001305,Technology,Phones,Panasonic KX TS208W Corded phone,N/A,3,0.2,$ 11.76
8928,CA-2015-143616,09/27/2015,9/29/2015,Second Class,SS-20140,Saphhira Shifley,CORPORATE,United States,Seattle,Washington,,West,OFF-AR-10002067,OFFICE SUPPLIES,Art,Newell 334,99.2,5,0.0,25.792
8047,CA-2016-113600,2016-12-15,12/17/2016,Second Class,SH-20395,Shahid Hopkins,consumer,United States,Cuyahoga Falls,Ohio,44221.0,East,OFF-BI-10000201,Office Supplies,Binders,"Avery Triangle Shaped Sheet Lifters, Black, 2/Pack",2.214,3,0.7,$ -1.48
9610,CA-2016-130638,2016-05-16,5/19/2016,second class,SC-20095,Sanjit Chand,  Consumer  ,United States,Los Angeles,California,90045.0,WEST,FUR-FU-10002116,Furniture,Furnishings,"Tenex Carpeted, Granite-Look or Clear Contemporary Contour Shape Chair Mats",N/A,4,0.0,19.7988
8744,US-2015-144771,02-Oct-2015,10/4/2015,First Class,CK-12205,Chloris Kastensmidt,consumer,United States,Hillsboro,Oregon,97123.0,West,TEC-AC-10002323,  Technology  ,Accessories,SanDisk Ultra 32 GB MicroSDHC Class 10 Memory Card,$ 53.04,3,0.2,-4.641
5906,US-2017-153948,11/06/2017,11/6/2017,same day,FM-14290,Frank Merwin,HOME OFFICE,United States,San Francisco,California,,West,OFF-LA-10000414,  Office Supplies  ,Labels,Avery 503,41.4,4,0.0,$ 19.87
9507,CA-2014-149104,2014-04-05,4/7/2014,SECOND CLASS,RD-19900,Ruben Dartt,Consumer,United States,Dearborn Heights,Michigan,48127.0,CENTRAL,OFF-AR-10002952,Office Supplies,Art,Stanley Contemporary Battery Pencil Sharpeners,26.7,2,0.0,7.476
8462,CA-2014-146500,2014-08-30,9/4/2014,standard class,AT-10735,Annie Thurman,Consumer,United States,Bristol,Connecticut,6010.0,east,OFF-ST-10000563,  Office Supplies  ,Storage,Fellowes Bankers Box Stor/Drawer Steel Plus,N/A,3,0.0,9.594
275,CA-2017-118136,16-Sep-2017,9/17/2017,first class,BB-10990,Barry Blumstein,  Corporate  ,United States,Inglewood,California,90301.0,West,OFF-PA-10002615,  Office Supplies  ,Paper,"Ampad Gold Fibre Wirebound Steno Books, 6"" x 9"", Gregg Ruled",8.82 USD,2,0.0,$ 4.06
3320,CA-2014-134551,2014-12-20,12/25/2014,Standard Class,TS-21505,Tony Sayre,consumer,United States,Columbia,Tennessee,38401.0,South,OFF-AP-10004868,  Office Supplies  ,Appliances,Hoover Commercial Soft Guard Upright Vacuum And Disposable Filtration Bags,$ 43.51,7,0.2,3.8073
1731,CA-2014-125136,2014/09/28 00:00:00,10/3/2014,Standard Class,KD-16495,,Corporate,United States,Fayetteville,North Carolina,28314.0,South,OFF-PA-10001457,  Office Supplies  ,Paper,White GlueTop Scratch Pads,-,8,0.2,  $31.28  
9855,CA-2017-138870,2017-06-19,6/23/2017,Standard Class,GA-14515,George Ashbrook,  Consumer  ,United States,San Francisco,California,94109.0,west,FUR-FU-10002396,Furniture,Furnishings,"DAX Copper Panel Document Frame, 5 x 7 Size",50.32 USD,4,0.0,  $21.13  
4230,CA-2017-100223,2017-07-05,7/10/2017,standard class,LS-16945,Linda Southworth,  Corporate  ,United States,Dallas,Texas,,central,FUR-FU-10003601,furniture,Furnishings,"Deflect-o RollaMat Studded, Beveled Mat for Medium Pile Carpeting",332.028,9,0.6,-348.63 USD
3080,CA-2017-101182,2017-09-04,9/5/2017,First Class,KB-16405,Katrina Bavinger,Home Office,United States,Apple Valley,California,92307.0,West,OFF-PA-10001800,Office Supplies,Paper,Xerox 220,12.96 USD,2,0.0,6.22 USD
9241,CA-2017-110310,10/27/2017,11/2/2017,Standard Class,NB-18655,Nona Balk,corporate,United States,Tallahassee,Florida,32303.0,  South  ,OFF-BI-10001097,office supplies,Binders,Avery Hole Reinforcements,5.607,3,0.7,-3.9249
4203,CA-2015-143105,12/10/2015,12/10/2015,SAME DAY,MA-17560,Matt Abelman,Home Office,United States,New York City,New York,,EAST,OFF-PA-10002254,Office Supplies,Paper,Xerox 1883,184.66 USD,7,0.0,84.9436
9761,CA-2017-159135,2017/11/04 00:00:00,11/8/2017,Standard Class,KM-16375,Katherine Murray,home office,United States,Springdale,Arkansas,72762.0,  South  ,OFF-AR-10000657,  Office Supplies  ,Art,"Binney & Smith inkTank Desk Highlighter, Chisel Tip, Yellow, 12/Box",4.30 USD,2,0.0,1.419
5184,CA-2017-163335,2017-09-24,9/27/2017,First Class,AG-10675,Anna Gayman,Consumer,United States,Columbus,Georgia,31907.0,South,OFF-ST-10000885,  Office Supplies  ,Storage,Fellowes Desktop Hanging File Manager,$ 40.29,3,0.0,10.07 USD
5126,CA-2014-160766,2014-09-14,9/14/2014,  Same Day  ,DM-13015,Darrin Martin,consumer,United States,New York City,New York,10009.0,east,OFF-EN-10001099,Office Supplies,Envelopes,Staple envelope,68.46,7,0.0,$ 31.49
3173,US-2016-133879,21-Mar-2016,3/28/2016,  Standard Class  ,KT-16465,Kean Takahito,Consumer,United States,Chicago,Illinois,60623.0,Central,FUR-CH-10000665,furniture,Chairs,"Global Airflow Leather Mesh Back Chair, Black",$ 528.43,5,0.3,  $0.00  
2424,US-2017-147669,2017/12/25 00:00:00,12/30/2017,  Standard Class  ,SV-20935,Susan Vittorini,Consumer,United States,Fairfield,Ohio,45014.0,East,TEC-AC-10002473,  Technology  ,Accessories,Maxell 4.7GB DVD-R,158.928,7,0.2,41.7186
6455,CA-2017-161102,07/31/2017,8/3/2017,First Class,EC-14050,Erin Creighton,Consumer,United States,San Francisco,California,94110.0,WEST,OFF-ST-10003442,Office Supplies,Storage,Eldon Portable Mobile Manager,56.56 USD,2,0.0,  $15.27  
7279,CA-2016-157217,19-Jul-2016,7/21/2016,First Class,TC-21535,Tracy Collins,home office,United States,San Francisco,California,94110.0,West,TEC-AC-10003095,TECHNOLOGY,Accessories,Logitech G35 7.1-Channel Surround Sound Headset,389.97,3,0.0,132.5898
6975,CA-2017-146185,09/15/2017,9/19/2017,  Standard Class  ,CC-12145,Charles Crestani,Consumer,United States,Houston,Texas,,CENTRAL,OFF-AR-10002987,  Office Supplies  ,Art,Prismacolor Color Pencil Set,31.74 USD,2,0.2,$ 8.33
7948,CA-2014-131009,2014-03-01,3/5/2014,STANDARD CLASS,SC-20380,Shahid Collister,Consumer,United States,El Paso,Texas,79907.0,central,OFF-FA-10004395,OFFICE SUPPLIES,Fasteners,Plymouth Boxed Rubber Bands by Plymouth,18.84,5,0.2,$ -3.53
7956,CA-2017-131807,Pending,10/10/2017,standard class,GG-14650,Greg Guthrie,Corporate,United States,Chico,California,95928.0,West,FUR-CH-10001190,Furniture,Chairs,Global Deluxe High-Back Office Chair in Storm,435.168,4,0.2,N/A
1403,US-2016-161396,04/19/2016,4/25/2016,  Standard Class  ,GM-14455,Gary Mitchum,  Home Office  ,United States,Columbus,Ohio,43229.0,East,FUR-TA-10002622,Furniture,Tables,"Bush Andora Conference Table, Maple/Graphite Gray Finish",$ 205.18,2,0.4,-58.13 USD
2349,CA-2017-109701,2017-12-02,12/3/2017,same day,AM-10360,Alice McCarthy,corporate,United States,Los Angeles,California,90032.0,West,OFF-BI-10004187,  Office Supplies  ,Binders,3-ring staple pack,  $9.02  ,6,0.2,$ 3.16
2565,CA-2015-110632,17-Mar-2015,3/22/2015,second class,HR-14830,Harold Ryan,CORPORATE,United States,New York City,New York,,  East  ,OFF-ST-10001291,  Office Supplies  ,Storage,"Tenex Personal Self-Stacking Standard File Box, Black/Gray",33.82,2,0.0,  $9.13  
7065,CA-2017-169474,2017-02-04,2/9/2017,standard class,JF-15355,Jay Fein,Consumer,United States,Rochester,New York,14609.0,East,OFF-AP-10003971,office supplies,Appliances,Belkin 6 Outlet Metallic Surge Strip,32.67,3,0.0,8.4942
9640,CA-2015-116638,01/28/2015,1/31/2015,  Second Class  ,JH-15985,Joseph Holt,  Consumer  ,United States,Concord,North Carolina,28027.0,  South  ,FUR-TA-10000198,  Furniture  ,Tables,Chromcraft Bull-Nose Wood Oval Conference Tables & Bases,  $4297.64  ,13,0.4,-1862.3124
3412,CA-2016-100244,09/20/2016,9/24/2016,standard class,GM-14695,Greg Maxwell,  Corporate  ,United States,San Francisco,California,94122.0,West,OFF-BI-10003656,OFFICE SUPPLIES,Binders,Fellowes PB200 Plastic Comb Binding Machine,271.984,2,0.2,88.3948
5517,US-2016-138408,2016-11-18,11/21/2016,SECOND CLASS,KC-16255,Karen Carlisle,  Corporate  ,United States,Huntsville,Alabama,35810.0,south,TEC-AC-10003870,Technology,Accessories,Logitech Z-906 Speaker sys - home theater - 5.1-CH,"1,319.96 USD",4,0.0,$ 527.98
5670,CA-2016-142405,06/11/2016,6/15/2016,Standard Class,SE-20110,Sanjit Engle,CONSUMER,United States,Seattle,Washington,98103.0,west,TEC-AC-10003095,TECHNOLOGY,Accessories,Logitech G35 7.1-Channel Surround Sound Headset,389.97 USD,3,0.0,132.59 USD
3746,CA-2016-149979,23-Sep-2016,9/28/2016,  Second Class  ,RA-19915,Russell Applegate,  Consumer  ,United States,Columbus,Georgia,31907.0,south,OFF-ST-10003058,Office Supplies,Storage,Eldon Mobile Mega Data Cart  Mega Stackable  Add-On Trays,-,5,0.0,34.2925
8691,CA-2016-136770,2016-08-14,8/18/2016,standard class,SP-20650,Stephanie Phelps,corporate,United States,Akron,Ohio,44312.0,East,TEC-PH-10003580,  Technology  ,Phones,Cisco IP Phone 7961G-GE VoIP phone,$ 259.90,2,0.4,-56.3108
5523,CA-2016-110982,05-Jun-2016,6/7/2016,first class,CK-12205,Chloris Kastensmidt,Consumer,United States,Santa Clara,California,95051.0,WEST,OFF-BI-10000829,Office Supplies,Binders,Avery Non-Stick Binders,$ 21.55,6,0.2,  $7.00  
9166,CA-2016-100300,2016/06/24 00:00:00,6/26/2016,Second Class,MJ-17740,Max Jones,Consumer,United States,San Diego,California,92037.0,  West  ,TEC-MA-10000984,TECHNOLOGY,Machines,Okidata MB760 Printer,4476.8,4,0.2,503.64
7270,CA-2016-133368,14-Jan-2016,1/20/2016,STANDARD CLASS,AG-10675,Anna Gayman,consumer,United States,Concord,North Carolina,28027.0,South,FUR-FU-10003374,Furniture,Furnishings,Electrix Fluorescent Magnifier Lamps & Weighted Base,$ 315.78,8,0.2,31.5776
2363,CA-2017-136497,16-Apr-2017,4/20/2017,Standard Class,RF-19840,Roy Französisch,Consumer,United States,Columbus,Ohio,43229.0,  East  ,OFF-BI-10001553,Office Supplies,Binders,SpineVue Locking Slant-D Ring Binders by Cardinal,$ 13.71,5,0.7,-10.054
7934,CA-2017-166093,17-Aug-2017,8/24/2017,STANDARD CLASS,RW-19540,Rick Wilson,Corporate,United States,Brentwood,California,94513.0,West,OFF-EN-10003134,office supplies,Envelopes,Staple envelope,  $23.36  ,2,0.0,11.68
3012,CA-2017-134845,Pending,4/23/2017,  Standard Class  ,SR-20425,Sharelle Roach,Home Office,United States,Louisville,Colorado,80027.0,West,TEC-MA-10000822,  Technology  ,Machines,Lexmark MX611dhe Monochrome Laser Printer,"$ 2,549.99",5,0.7,-3399.98
1176,CA-2016-161207,29-Aug-2016,9/3/2016,Standard Class,AB-10060,Adam Bellavance,Home Office,United States,Concord,New Hampshire,3301.0,  East  ,OFF-SU-10000381,Office Supplies,Supplies,Acme Forged Steel Scissors with Black Enamel Handles,27.93 USD,3,0.0,$ 8.10
514,CA-2017-163405,2017-12-21,12/25/2017,STANDARD CLASS,BN-11515,Bradley Nguyen,consumer,United States,Los Angeles,California,90049.0,  West  ,OFF-AR-10003811,Office Supplies,Art,Newell 327,6.63 USD,3,0.0,$ 1.79
4922,CA-2017-114055,2017-12-25,12/29/2017,second class,MH-18115,Mick Hernandez,Home Office,United States,Huntsville,Alabama,35810.0,SOUTH,OFF-PA-10004381,  Office Supplies  ,Paper,14-7/8 x 11 Blue Bar Computer Printout Paper,  $96.08  ,2,0.0,$ 46.12
5326,CA-2015-119508,2015-12-04,12/9/2015,Standard Class,TZ-21580,Tracy Zic,  Consumer  ,United States,Lakewood,California,,West,FUR-FU-10004270,Furniture,Furnishings,"Eldon Image Series Desk Accessories, Burgundy",25.08,6,0.0,9.0288
4903,CA-2017-110884,2017/03/07 00:00:00,3/12/2017,Standard Class,SH-20395,Shahid Hopkins,  Consumer  ,United States,New York City,New York,10035.0,East,OFF-BI-10003669,  Office Supplies  ,Binders,3M Organizer Strips,25.92,6,0.2,  $9.07  
4662,CA-2015-112130,05/03/2015,5/7/2015,STANDARD CLASS,SV-20785,Stewart Visinsky,Consumer,United States,Philadelphia,Pennsylvania,19140.0,EAST,FUR-CH-10002965,FURNITURE,Chairs,"Global Leather Highback Executive Chair with Pneumatic Height Adjustment, Black",$ 844.12,6,0.3,$ -36.18
3795,US-2014-117163,2014-01-27,2/2/2014,  Standard Class  ,EJ-13720,Ed Jacobs,CONSUMER,United States,San Diego,California,92037.0,West,OFF-ST-10003692,OFFICE SUPPLIES,Storage,Recycled Steel Personal File for Hanging File Folders,-,1,0.0,$ 14.31
922,CA-2015-111164,04/11/2015,4/15/2015,  Standard Class  ,SE-20110,,consumer,United States,New York City,New York,10009.0,East,TEC-AC-10002473,TECHNOLOGY,Accessories,Maxell 4.7GB DVD-R,N/A,3,0.0,34.9074
5390,CA-2017-164707,2017-02-18,2/21/2017,Second Class,CV-12805,Cynthia Voltz,  Corporate  ,United States,Los Angeles,California,90045.0,WEST,OFF-LA-10004345,  Office Supplies  ,Labels,Avery 493,9.82 USD,2,0.0,$ 4.81
5728,CA-2017-117324,12/08/2017,12/13/2017,Standard Class,JP-15520,Jeremy Pistek,  Consumer  ,United States,Madison,Wisconsin,,Central,TEC-AC-10003023,technology,Accessories,Logitech G105 Gaming Keyboard,178.11,3,0.0,32.0598
9333,CA-2017-127726,09/11/2017,9/13/2017,  Second Class  ,SS-20410,Shahid Shariari,Consumer,United States,Georgetown,Kentucky,40324.0,South,OFF-AP-10002578,Office Supplies,Appliances,"Fellowes Premier Superior Surge Suppressor, 10-Outlet, With Phone and Remote",195.68 USD,4,0.0,50.8768
4735,CA-2016-120530,2016-04-07,4/12/2016,Standard Class,Dl-13600,Dorris liebe,  Corporate  ,United States,New York City,New York,10035.0,  East  ,FUR-CH-10000454,Furniture,Chairs,"Hon Deluxe Fabric Upholstered Stacking Chairs, Rounded Back",$ 658.75,3,0.1,$ 146.39
7266,US-2014-143721,2014-11-23,11/26/2014,Second Class,DK-12835,Damala Kotsonis,Corporate,United States,Houston,Texas,77095.0,central,FUR-CH-10001973,  Furniture  ,Chairs,Office Star Flex Back Scooter Chair with White Frame,155.37 USD,2,0.3,N/A
5021,CA-2017-136511,23-Mar-2017,3/25/2017,Second Class,MZ-17515,,CORPORATE,United States,New York City,New York,10011.0,east,OFF-SU-10003505,office supplies,Supplies,Premier Electric Letter Opener,347.58,3,0.0,$ 17.38
475,CA-2014-144666,2014-11-09,11/11/2014,Second Class,JP-15520,Jeremy Pistek,Consumer,United States,San Francisco,California,94110.0,west,OFF-ST-10001321,office supplies,Storage,"Decoflex Hanging Personal Folder File, Blue",N/A,6,0.0,24.98 USD
5054,CA-2015-141243,01/03/2015,1/8/2015,second class,AH-10465,Amy Hunt,consumer,United States,Dallas,Texas,75217.0,central,TEC-AC-10003198,Technology,Accessories,Enermax Acrylux Wireless Keyboard,398.4,5,0.2,  $84.66  
1483,CA-2017-101210,2017/08/25 00:00:00,8/28/2017,  Second Class  ,DW-13540,Don Weiss,consumer,United States,Jackson,Tennessee,38301.0,South,OFF-AR-10003560,Office Supplies,Art,Zebra Zazzle Fluorescent Highlighters,$ 9.73,2,0.2,$ 1.70
2200,CA-2015-135363,2015-03-28,4/2/2015,STANDARD CLASS,CK-12205,Chloris Kastensmidt,  Consumer  ,United States,Philadelphia,Pennsylvania,19120.0,East,OFF-PA-10000533,OFFICE SUPPLIES,Paper,Southworth Parchment Paper & Envelopes,5.232,1,0.2,-
8177,CA-2016-135965,2016-09-22,9/25/2016,  First Class  ,SZ-20035,Sam Zeldin,HOME OFFICE,United States,New York City,New York,10035.0,EAST,OFF-ST-10002370,Office Supplies,Storage,"Sortfiler Multipurpose Personal File Organizer, Black",128.34,6,0.0,37.2186
7436,CA-2015-148180,Pending,7/31/2015,  Standard Class  ,BP-11095,Bart Pistole,Corporate,United States,Oxnard,California,93030.0,West,OFF-BI-10003314,Office Supplies,Binders,Tuff Stuff Recycled Round Ring Binders,  $23.14  ,6,0.2,8.3868
3439,CA-2017-152583,2017/10/30 00:00:00,10/30/2017,same day,RA-19945,Ryan Akin,  Consumer  ,United States,Dallas,Texas,75217.0,CENTRAL,FUR-TA-10002041,  Furniture  ,Tables,"Bevis Round Conference Table Top, X-Base",251.01 USD,2,0.3,-68.1302
7206,CA-2017-137414,2017/10/02 00:00:00,10/6/2017,Standard Class,CM-12115,Chad McGuire,  Consumer  ,United States,San Francisco,California,94109.0,  West  ,FUR-FU-10001424,Furniture,Furnishings,Dax Clear Box Frame,17.46,2,0.0,N/A
5750,CA-2017-104913,2017-11-18,11/22/2017,Standard Class,DK-13090,Dave Kipp,Consumer,United States,Long Beach,New York,11561.0,East,TEC-PH-10000923,  Technology  ,Phones,"Belkin SportFit Armband For iPhone 5s/5c, Fuchsia",74.95 USD,5,0.0,36.73 USD
3464,CA-2016-165470,Pending,11/30/2016,STANDARD CLASS,HJ-14875,Heather Jas,  Home Office  ,United States,Jacksonville,Florida,32216.0,SOUTH,OFF-PA-10004675,office supplies,Paper,"Telephone Message Books with Fax/Mobile Section, 5 1/2"" x 3 3/16""",5.08,1,0.2,1.651
2674,CA-2014-126403,09/09/2014,9/12/2014,SECOND CLASS,RR-19525,,corporate,United States,Lowell,Massachusetts,1852.0,east,OFF-ST-10000078,OFFICE SUPPLIES,Storage,Tennsco 6- and 18-Compartment Lockers,1325.85,5,0.0,$ 238.65
2946,CA-2016-166443,2016-11-04,11/5/2016,first class,LH-17020,Lisa Hazard,CONSUMER,United States,San Francisco,California,,West,FUR-FU-10004020,  Furniture  ,Furnishings,Advantus Panel Wall Acrylic Frame,$ 38.29,7,0.0,16.4647
5275,CA-2015-162887,2015/11/07 00:00:00,11/9/2015,second class,SV-20785,Stewart Visinsky,CONSUMER,United States,Burlington,Vermont,5408.0,EAST,FUR-CH-10000595,Furniture,Chairs,Safco Contoured Stacking Chairs,$ 715.20,3,0.0,$ 178.80
9021,CA-2014-100706,12/16/2014,12/18/2014,Second Class,LE-16810,Laurel Elliston,Consumer,United States,Springfield,Virginia,22153.0,  South  ,FUR-FU-10002268,Furniture,Furnishings,Ultra Door Push Plate,-,6,0.0,-
5738,CA-2014-148614,2014/01/20 00:00:00,1/25/2014,  Standard Class  ,MV-17485,Mark Van Huff,consumer,United States,Los Angeles,California,90049.0,WEST,FUR-FU-10003194,FURNITURE,Furnishings,"Eldon Expressions Desk Accessory, Wood Pencil Holder, Oak",19.3,2,0.0,-
5160,CA-2015-156146,2015-10-26,10/30/2015,Second Class,AG-10495,Andrew Gjertsen,Corporate,United States,Peoria,Arizona,,west,TEC-PH-10001700,technology,Phones,Panasonic KX-TG6844B Expandable Digital Cordless Telephone,-,2,0.2,$ 9.24
5226,CA-2016-119865,06/21/2016,6/26/2016,Standard Class,AS-10090,Adam Shillingsburg,  Consumer  ,United States,New York City,New York,10011.0,east,OFF-BI-10001553,office supplies,Binders,SpineVue Locking Slant-D Ring Binders by Cardinal,$ 36.56,5,0.2,$ 12.80
6406,CA-2017-154074,08/31/2017,9/2/2017,second class,BW-11110,Bart Watters,  Corporate  ,United States,Spokane,Washington,99207.0,West,FUR-CH-10002331,Furniture,Chairs,Hon 4700 Series Mobuis Mid-Back Task Chairs with Adjustable Arms,  $569.57  ,2,0.2,7.12 USD
8456,CA-2016-154081,2016-05-22,5/29/2016,standard class,JE-15610,Jim Epp,Corporate,United States,Los Angeles,California,90049.0,  West  ,TEC-PH-10001918,Technology,Phones,Nortel Business Series Terminal T7208 Digital phone,-,2,0.2,22.2384
7441,US-2017-163657,2017/09/02 00:00:00,9/6/2017,STANDARD CLASS,JL-15235,Janet Lee,CONSUMER,United States,Los Angeles,California,90049.0,west,FUR-TA-10004607,furniture,Tables,Hon 2111 Invitation Series Straight Table,236.528,2,0.2,$ -2.96
6904,CA-2017-111220,09/02/2017,9/8/2017,Standard Class,JS-15595,Jill Stevenson,corporate,United States,Chicago,Illinois,60653.0,central,OFF-AP-10003278,Office Supplies,Appliances,Belkin 7-Outlet SurgeMaster Home Series,-,2,0.8,N/A
8461,CA-2014-146500,08/30/2014,9/4/2014,standard class,AT-10735,Annie Thurman,CONSUMER,United States,Bristol,Connecticut,6010.0,  East  ,OFF-BI-10002432,  Office Supplies  ,Binders,Wilson Jones Standard D-Ring Binders,25.30 USD,5,0.0,11.891
9867,US-2015-116981,03/26/2015,3/28/2015,  Second Class  ,SM-20950,Suzanne McNair,corporate,United States,New York City,New York,10009.0,east,OFF-ST-10002615,Office Supplies,Storage,"Dual Level, Single-Width Filing Carts","$ 1,085.42",7,0.0,$ 282.21
6109,CA-2016-150007,2016-09-11,9/16/2016,STANDARD CLASS,AS-10090,Adam Shillingsburg,Consumer,United States,Chicago,Illinois,60653.0,central,OFF-LA-10001982,OFFICE SUPPLIES,Labels,Smead Alpha-Z Color-Coded Name Labels First Letter Starter Set,6.00 USD,2,0.2,2.10 USD
7963,CA-2017-104864,11/18/2017,11/23/2017,SECOND CLASS,JS-15685,Jim Sink,  Corporate  ,United States,Miramar,Florida,33023.0,South,OFF-BI-10001636,office supplies,Binders,Ibico Plastic and Wire Spiral Binding Combs,20.232,8,0.7,$ -16.19
9985,CA-2015-100251,05/17/2015,5/23/2015,Standard Class,DV-13465,Dianna Vittorini,Consumer,United States,Long Beach,New York,11561.0,East,OFF-LA-10003766,OFFICE SUPPLIES,Labels,Self-Adhesive Removable Labels,31.50 USD,10,0.0,15.12
6632,CA-2016-105081,12/25/2016,12/30/2016,  Standard Class  ,JE-15715,Joe Elijah,  Consumer  ,United States,Seattle,Washington,98115.0,West,FUR-TA-10001307,Furniture,Tables,"SAFCO PlanMaster Heigh-Adjustable Drafting Table Base, 43w x 30d x 30-37h, Black","$ 1,747.25",5,0.0,$ 629.01
9465,CA-2014-109127,12/21/2014,12/25/2014,Standard Class,JC-15775,,consumer,United States,Newark,Delaware,19711.0,east,OFF-LA-10004409,OFFICE SUPPLIES,Labels,Avery 492,17.28,6,0.0,$ 7.95
5786,CA-2017-141117,2017-10-02,10/8/2017,Standard Class,JK-16090,Juliana Krohn,Consumer,United States,Springfield,Oregon,97477.0,  West  ,OFF-SU-10004664,office supplies,Supplies,Acme Softgrip Scissors,$ 39.07,6,0.2,4.3956
6065,CA-2015-111780,2015-12-25,12/30/2015,  Second Class  ,RA-19285,,Consumer,United States,San Diego,California,92037.0,west,OFF-PA-10001667,office supplies,Paper,Great White Multi-Use Recycled Paper (20Lb. and 84 Bright),17.94,3,0.0,8.073
2345,CA-2016-119025,02/22/2016,2/28/2016,Standard Class,PV-18985,Paul Van Hugh,Home Office,United States,Milwaukee,Wisconsin,53209.0,  Central  ,OFF-AP-10001205,OFFICE SUPPLIES,Appliances,Belkin 5 Outlet SurgeMaster Power Centers,$ 490.32,9,0.0,$ 137.29
1021,CA-2015-124450,2015-04-27,5/3/2015,Standard Class,GT-14710,Greg Tran,CONSUMER,United States,Washington,District of Columbia,20016.0,East,OFF-AR-10001166,OFFICE SUPPLIES,Art,Staples in misc. colors,  $22.74  ,3,0.0,8.8686
706,CA-2014-138527,12-Sep-2014,9/17/2014,Standard Class,BN-11470,Brad Norvell,corporate,United States,Cary,North Carolina,27511.0,SOUTH,OFF-AP-10001469,OFFICE SUPPLIES,Appliances,Fellowes 8 Outlet Superior Workstation Surge Protector,$ 166.84,5,0.2,18.7695
6587,CA-2017-104731,21-Jul-2017,7/27/2017,Standard Class,AM-10705,Anne McFarland,Consumer,United States,Salem,Virginia,24153.0,south,OFF-AR-10003829,office supplies,Art,Newell 35,19.68 USD,6,0.0,-
5567,CA-2017-157966,2017-03-13,3/13/2017,SAME DAY,SU-20665,Stephanie Ulpright,HOME OFFICE,United States,Chicago,Illinois,60610.0,Central,OFF-AR-10003338,Office Supplies,Art,"Eberhard Faber 3 1/2"" Golf Pencils",  $29.76  ,5,0.2,1.86
1513,CA-2017-112809,Pending,8/22/2017,standard class,RA-19915,Russell Applegate,Consumer,United States,Dallas,Texas,75220.0,Central,OFF-ST-10002276,Office Supplies,Storage,Safco Steel Mobile File Cart,$ 200.06,3,0.2,$ 12.50
6235,US-2017-142188,2017/09/11 00:00:00,9/11/2017,same day,JF-15415,Jennifer Ferguson,  Consumer  ,United States,Seattle,Washington,98105.0,west,OFF-BI-10004600,OFFICE SUPPLIES,Binders,Ibico Ibimaster 300 Manual Binding System,-,5,0.2,-
909,CA-2017-143259,30-Dec-2017,1/3/2018,Standard Class,PO-18865,Patrick O'Donnell,consumer,United States,New York City,New York,10009.0,East,OFF-BI-10003684,office supplies,Binders,Wilson Jones Legal Size Ring Binders,$ 52.78,3,0.2,$ 19.79
7818,CA-2016-138478,2016-10-21,10/26/2016,Second Class,DP-13390,Dennis Pardue,Home Office,United States,North Las Vegas,Nevada,89031.0,West,OFF-PA-10001801,OFFICE SUPPLIES,Paper,Xerox 193,35.88,6,0.0,17.58 USD
4768,CA-2015-123155,03/09/2015,3/12/2015,First Class,NS-18640,Noel Staavos,CORPORATE,United States,San Antonio,Texas,78207.0,Central,TEC-PH-10001809,TECHNOLOGY,Phones,Panasonic KX T7736-B Digital phone,359.88,3,0.2,22.4925
2130,US-2014-114188,05/20/2014,5/22/2014,second class,RF-19345,Randy Ferguson,Corporate,United States,Dover,New Hampshire,3820.0,East,OFF-AP-10000124,OFFICE SUPPLIES,Appliances,Acco 6 Outlet Guardian Basic Surge Suppressor,33.28 USD,4,0.0,9.3184
595,CA-2014-131450,08/08/2014,8/15/2014,  Standard Class  ,LR-16915,Lena Radford,Consumer,United States,San Diego,California,92024.0,West,OFF-AP-10004708,Office Supplies,Appliances,Fellowes Superior 10 Outlet Split Surge Protector,-,2,0.0,22.0748
2911,CA-2015-118444,05-Nov-2015,11/9/2015,standard class,VD-21670,Valerie Dominguez,consumer,United States,Coral Springs,Florida,33065.0,South,OFF-AP-10000576,Office Supplies,Appliances,"Belkin 325VA UPS Surge Protector, 6'",387.136,4,0.2,24.196
441,CA-2016-115756,Pending,9/7/2016,Second Class,PK-19075,Pete Kriz,Consumer,United States,Detroit,Michigan,48227.0,  Central  ,FUR-FU-10000246,Furniture,Furnishings,Aluminum Document Frame,12.22,1,0.0,3.666
7631,CA-2014-162089,03/30/2014,4/1/2014,FIRST CLASS,MP-17470,Mark Packer,Home Office,United States,Brownsville,Texas,78521.0,CENTRAL,TEC-PH-10001819,  Technology  ,Phones,Innergie mMini Combo Duo USB Travel Charging Kit,251.94 USD,7,0.2,-
9033,CA-2017-105823,Pending,6/26/2017,  Standard Class  ,RB-19465,Rick Bensley,  Home Office  ,United States,Detroit,Michigan,48227.0,Central,FUR-CH-10000454,  Furniture  ,Chairs,"Hon Deluxe Fabric Upholstered Stacking Chairs, Rounded Back",487.96,2,0.0,146.388
9233,CA-2016-126732,02-Sep-2016,9/6/2016,standard class,LR-16915,Lena Radford,consumer,United States,Los Angeles,California,90036.0,WEST,FUR-FU-10001889,furniture,Furnishings,Ultra Door Pull Handle,$ 94.68,9,0.0,31.24 USD
11,CA-2014-115812,06/09/2014,6/14/2014,STANDARD CLASS,BH-11710,Brosina Hoffman,Consumer,United States,Los Angeles,California,90032.0,  West  ,FUR-TA-10001539,Furniture,Tables,Chromcraft Rectangular Conference Tables,"$ 1,706.18",9,0.2,85.3092
5501,CA-2017-164378,07/15/2017,7/18/2017,SECOND CLASS,MM-18055,Michelle Moray,Consumer,United States,New York City,New York,10024.0,east,FUR-CH-10002084,FURNITURE,Chairs,Hon Mobius Operator's Chair,-,6,0.1,88.5528
6536,CA-2014-128209,2014-11-17,11/22/2014,STANDARD CLASS,GT-14710,Greg Tran,Consumer,United States,Buffalo,New York,14215.0,East,FUR-BO-10002213,FURNITURE,Bookcases,DMI Eclipse Executive Suite Bookcases,  $4007.84  ,10,0.2,-50.098
1348,CA-2014-118339,2014/03/17 00:00:00,3/24/2014,  Standard Class  ,BN-11515,Bradley Nguyen,Consumer,United States,Lakeville,Minnesota,55044.0,  Central  ,OFF-AR-10003829,  Office Supplies  ,Art,Newell 35,19.68,6,0.0,5.7072
3382,US-2017-162208,08/27/2017,8/30/2017,FIRST CLASS,SP-20620,Stefania Perrino,CORPORATE,United States,Tampa,Florida,33614.0,south,OFF-EN-10004030,Office Supplies,Envelopes,Convenience Packs of Business Envelopes,2.896,1,0.2,$ 0.98
94,CA-2015-149587,2015-01-31,2/5/2015,second class,KB-16315,Karl Braun,Consumer,United States,Minneapolis,Minnesota,55407.0,  Central  ,FUR-FU-10003799,Furniture,Furnishings,"Seth Thomas 13 1/2"" Wall Clock",53.34,3,0.0,16.54 USD
1514,CA-2017-112809,18-Aug-2017,8/22/2017,Standard Class,RA-19915,,CONSUMER,United States,Dallas,Texas,75220.0,Central,OFF-BI-10001098,Office Supplies,Binders,Acco D-Ring Binder w/DublLock,$ 21.38,5,0.8,-33.139
8305,CA-2017-135419,2017-11-03,11/9/2017,standard class,BG-11740,Bruce Geld,Consumer,United States,Bakersfield,California,93309.0,WEST,FUR-TA-10001086,  Furniture  ,Tables,"SAFCO PlanMaster Boards, 60w x 37-1/2d, White Melamine",486.368,4,0.2,36.4776
8956,CA-2014-126480,09/20/2014,9/24/2014,STANDARD CLASS,HG-14965,Henry Goldwyn,corporate,United States,San Diego,California,92024.0,WEST,OFF-PA-10004610,Office Supplies,Paper,Xerox 1900,  $8.56  ,2,0.0,3.852
4863,CA-2016-125164,11/10/2016,11/14/2016,Standard Class,SH-19975,Sally Hughsby,corporate,United States,New York City,New York,,east,OFF-BI-10001191,office supplies,Binders,Canvas Sectional Post Binders,20.368,1,0.2,7.38 USD
4795,CA-2015-144722,2015/03/16 00:00:00,3/23/2015,STANDARD CLASS,MF-18250,Monica Federle,Corporate,United States,Los Angeles,California,90036.0,  West  ,FUR-FU-10001215,furniture,Furnishings,"Howard Miller 11-1/2"" Diameter Brentwood Wall Clock",N/A,1,0.0,  $18.11  
2240,CA-2016-146633,2016-11-15,11/17/2016,SECOND CLASS,TG-21310,Toby Gnade,  Consumer  ,United States,Los Angeles,California,90049.0,WEST,OFF-BI-10003527,  Office Supplies  ,Binders,Fellowes PB500 Electric Punch Plastic Comb Binding Machine with Manual Bind,"$ 1,016.79",1,0.2,  $381.30  
293,CA-2016-110772,20-Nov-2016,11/24/2016,second class,NZ-18565,Nick Zandusky,HOME OFFICE,United States,Columbus,Ohio,43229.0,east,FUR-BO-10004709,  Furniture  ,Bookcases,"Bush Westfield Collection Bookcases, Medium Cherry Finish",86.97 USD,3,0.5,-48.7032
7873,CA-2016-101672,2016/10/03 00:00:00,10/7/2016,Standard Class,DB-12910,Daniel Byrd,HOME OFFICE,United States,Lake Forest,California,92630.0,west,FUR-CH-10004063,Furniture,Chairs,Global Deluxe High-Back Manager's Chair,915.136,4,0.2,102.9528
8481,CA-2014-109890,Pending,7/27/2014,  Standard Class  ,PG-18820,Patrick Gardner,Consumer,United States,Omaha,Nebraska,68104.0,CENTRAL,TEC-PH-10004100,technology,Phones,Griffin GC17055 Auxiliary Audio Cable,35.98 USD,2,0.0,N/A
6452,CA-2015-156510,2015-09-25,9/29/2015,standard class,EH-13990,Erica Hackney,  Consumer  ,United States,Meriden,Connecticut,6450.0,East,OFF-AR-10004930,OFFICE SUPPLIES,Art,Turquoise Lead Holder with Pocket Clip,6.7,1,0.0,-
9129,US-2017-147655,2017-09-04,9/5/2017,FIRST CLASS,AS-10045,Aaron Smayling,Corporate,United States,Redmond,Oregon,97756.0,  West  ,OFF-BI-10002931,Office Supplies,Binders,"Avery Trapezoid Extra Heavy Duty 4"" Binders",  $88.07  ,7,0.7,$ -58.72
9423,CA-2014-145254,23-Jul-2014,7/27/2014,  Standard Class  ,NC-18535,Nick Crebassa,Corporate,United States,San Francisco,California,94122.0,West,OFF-SU-10004664,Office Supplies,Supplies,Acme Softgrip Scissors,40.7,5,0.0,11.803
8666,CA-2016-118500,2016-11-17,11/18/2016,FIRST CLASS,HJ-14875,Heather Jas,home office,United States,San Francisco,California,94122.0,  West  ,OFF-SU-10004231,Office Supplies,Supplies,Acme Tagit Stainless Steel Antibacterial Scissors,$ 49.50,5,0.0,$ 13.37
7755,CA-2015-161795,2015-12-21,12/23/2015,Second Class,AH-10075,Adam Hart,Corporate,United States,Columbus,Ohio,43229.0,EAST,OFF-AR-10001919,  Office Supplies  ,Art,"OIC #2 Pencils, Medium Soft",3.008,2,0.2,0.3384
8960,CA-2017-150266,11/25/2017,11/30/2017,  Standard Class  ,RO-19780,Rose O'Brian,  Consumer  ,United States,Houston,Texas,77070.0,CENTRAL,OFF-AP-10002867,Office Supplies,Appliances,Fellowes Command Center 5-outlet power strip,67.84 USD,5,0.8,-179.78 USD
2134,CA-2015-122210,11/30/2015,12/4/2015,standard class,WB-21850,William Brown,  Consumer  ,United States,Philadelphia,Pennsylvania,19134.0,East,OFF-BI-10003656,Office Supplies,Binders,Fellowes PB200 Plastic Comb Binding Machine,$ 152.99,3,0.7,-122.3928
1766,CA-2016-110254,2016-08-04,8/8/2016,Standard Class,ML-17755,Max Ludwig,home office,United States,Suffolk,Virginia,,South,FUR-FU-10001591,furniture,Furnishings,Advantus Panel Wall Certificate Holder - 8.5x11,-,9,0.0,  $46.12  
7529,US-2017-106145,2017-09-26,9/26/2017,SAME DAY,RA-19885,Ruben Ausman,corporate,United States,San Francisco,California,94109.0,West,OFF-PA-10002245,office supplies,Paper,Xerox 1895,$ 35.88,6,0.0,16.15 USD
4542,US-2017-132206,2017-06-16,6/21/2017,  Standard Class  ,MK-17905,Michael Kennedy,Corporate,United States,Chicago,Illinois,60653.0,  Central  ,OFF-BI-10000756,Office Supplies,Binders,Storex DuraTech Recycled Plastic Frosted Binders,  $5.94  ,7,0.8,N/A
5770,CA-2015-154900,25-Feb-2015,3/1/2015,STANDARD CLASS,SS-20875,Sung Shariari,Consumer,United States,Leominster,Massachusetts,1453.0,east,OFF-PA-10002377,OFFICE SUPPLIES,Paper,"Adams Telephone Message Book W/Dividers/Space For Phone Numbers, 5 1/4""X8 1/2"", 200/Messages",  $22.72  ,4,0.0,N/A
8351,US-2015-115238,30-Apr-2015,5/4/2015,STANDARD CLASS,JW-15220,Jane Waco,corporate,United States,Lawrence,Massachusetts,1841.0,  East  ,OFF-PA-10002689,Office Supplies,Paper,Weyerhaeuser First Choice Laser/Copy Paper (20Lb. and 88 Bright),$ 6.48,1,0.0,3.1104
6860,CA-2017-128965,2017-04-17,4/22/2017,Standard Class,PS-18760,Pamela Stobb,Consumer,United States,Los Angeles,California,90008.0,west,OFF-FA-10001561,OFFICE SUPPLIES,Fasteners,Stockwell Push Pins,-,5,0.0,3.597
7518,US-2017-167920,12/09/2017,12/12/2017,Second Class,JL-15835,John Lee,Consumer,United States,Richmond,Kentucky,40475.0,SOUTH,TEC-AC-10001013,technology,Accessories,Logitech ClearChat Comfort/USB Headset H390,146.45 USD,5,0.0,$ 48.33
8694,CA-2016-118311,2016/10/24 00:00:00,10/28/2016,standard class,ED-13885,Emily Ducich,home office,United States,San Francisco,California,,West,TEC-AC-10000892,Technology,Accessories,NETGEAR N750 Dual Band Wi-Fi Gigabit Router,450.00 USD,5,0.0,162.00 USD
5439,CA-2014-103317,2014/07/05 00:00:00,7/8/2014,FIRST CLASS,DM-13525,Don Miller,Corporate,United States,Palm Coast,Florida,32137.0,SOUTH,FUR-FU-10003192,FURNITURE,Furnishings,Luxo Adjustable Task Clamp Lamp,213.22 USD,3,0.2,15.9912
4901,CA-2017-120936,12/17/2017,12/21/2017,Standard Class,CA-12310,Christine Abelman,corporate,United States,Anaheim,California,92804.0,West,OFF-ST-10001526,Office Supplies,Storage,Iceberg Mobile Mega Data/Printer Cart ,481.32,4,0.0,$ 125.14
7264,CA-2017-156363,10/22/2017,10/28/2017,Standard Class,ML-17395,Marina Lichtenstein,  Corporate  ,United States,Philadelphia,Pennsylvania,19134.0,EAST,OFF-EN-10003068,Office Supplies,Envelopes,#6 3/4 Gummed Flap White Envelopes,31.68 USD,4,0.2,$ 11.09
2754,CA-2015-155306,2015-04-17,4/21/2015,Standard Class,GA-14515,George Ashbrook,consumer,United States,San Francisco,California,94122.0,  West  ,TEC-AC-10003174,Technology,Accessories,Plantronics S12 Corded Telephone Headset System,$ 323.37,3,0.0,129.348
6212,CA-2017-119809,2017-08-18,8/25/2017,Standard Class,YS-21880,Yana Sorensen,Corporate,United States,Seattle,Washington,98103.0,west,FUR-FU-10001475,  Furniture  ,Furnishings,"Contract Clock, 14"", Brown",$ 65.94,3,0.0,$ 22.42
8306,CA-2016-128671,08/11/2016,8/16/2016,standard class,MT-18070,Michelle Tran,Home Office,United States,Tulsa,Oklahoma,74133.0,central,OFF-PA-10001870,  Office Supplies  ,Paper,Xerox 202,$ 32.40,5,0.0,15.552
8935,CA-2017-130036,27-Aug-2017,8/27/2017,Same Day,BP-11185,Ben Peterman,Corporate,United States,Philadelphia,Pennsylvania,19120.0,  East  ,OFF-PA-10000528,  Office Supplies  ,Paper,Xerox 1981,12.67 USD,3,0.2,$ 3.96
3065,CA-2017-106859,2017-03-13,3/18/2017,SECOND CLASS,BF-11215,Benjamin Farhat,HOME OFFICE,United States,Albuquerque,New Mexico,87105.0,  West  ,OFF-ST-10000615,Office Supplies,Storage,"SimpliFile Personal File, Black Granite, 15w x 6-15/16d x 11-1/4h",90.8,8,0.0,  $25.42  
8098,CA-2017-122798,12/28/2017,1/1/2018,standard class,SV-20935,Susan Vittorini,Consumer,United States,Albuquerque,New Mexico,87105.0,  West  ,OFF-ST-10003058,  Office Supplies  ,Storage,Eldon Mobile Mega Data Cart  Mega Stackable  Add-On Trays,118.25,5,0.0,  $34.29  
6244,CA-2016-165561,11/24/2016,11/28/2016,Standard Class,CR-12580,Clay Rozendal,home office,United States,Bellevue,Washington,98006.0,west,OFF-SU-10004782,office supplies,Supplies,"Elite 5"" Scissors",25.35 USD,3,0.0,$ 7.61
8832,CA-2015-145324,2015/11/15 00:00:00,11/19/2015,Standard Class,DH-13675,Duane Huffman,home office,United States,Harrisonburg,Virginia,22801.0,south,FUR-FU-10002759,Furniture,Furnishings,12-1/2 Diameter Round Wall Clock,$ 39.96,2,0.0,14.39 USD
5630,US-2016-146066,2016-08-21,8/23/2016,second class,RB-19465,Rick Bensley,Home Office,United States,Philadelphia,Pennsylvania,19143.0,East,FUR-TA-10002530,FURNITURE,Tables,"Iceberg OfficeWorks 42"" Round Tables",815.292,9,0.4,-339.705
1794,CA-2014-104773,2014-12-08,12/13/2014,  Standard Class  ,TB-21175,Thomas Boland,corporate,United States,Houston,Texas,77041.0,  Central  ,OFF-ST-10000777,OFFICE SUPPLIES,Storage,"Companion Letter/Legal File, Black",-,2,0.2,6.0416
8375,CA-2015-158701,2015-01-05,1/10/2015,STANDARD CLASS,JL-15175,James Lanier,Home Office,United States,San Francisco,California,94110.0,  West  ,OFF-AP-10004859,OFFICE SUPPLIES,Appliances,Acco 6 Outlet Guardian Premium Surge Suppressor,-,6,0.0,23.59 USD
9107,CA-2015-163181,11/07/2015,11/12/2015,Standard Class,AB-10105,Adrian Barton,  Consumer  ,United States,Houston,Texas,77041.0,CENTRAL,TEC-MA-10001016,  Technology  ,Machines,Canon PC170 Desktop Personal Copier,  $287.91  ,3,0.4,33.5895
2626,CA-2017-127180,2017-10-22,10/24/2017,  First Class  ,TA-21385,Tom Ashbrook,HOME OFFICE,United States,New York City,New York,10024.0,  East  ,OFF-EN-10002500,office supplies,Envelopes,Globe Weis Peel & Seel First Class Envelopes,$ 63.90,5,0.0,$ 28.75
3092,CA-2016-112123,2016-03-03,3/8/2016,STANDARD CLASS,BH-11710,Brosina Hoffman,consumer,United States,Newark,Delaware,19711.0,east,TEC-PH-10001557,technology,Phones,Pyle PMP37LED,479.95 USD,5,0.0,N/A
3502,CA-2016-108616,Pending,10/3/2016,standard class,JK-15730,Joe Kamberova,  Consumer  ,United States,Mobile,Alabama,,south,OFF-AR-10001149,office supplies,Art,"Sanford Colorific Colored Pencils, 12/Box",25.92 USD,9,0.0,$ 7.78
6302,US-2014-161305,06/06/2014,6/12/2014,Standard Class,SB-20170,Sarah Bern,  Consumer  ,United States,Chicago,Illinois,60623.0,Central,OFF-EN-10000461,  Office Supplies  ,Envelopes,"#10- 4 1/8"" x 9 1/2"" Recycled Envelopes",13.98 USD,2,0.2,  $4.72  
1489,CA-2015-140410,2015-11-03,11/7/2015,STANDARD CLASS,CM-12655,Corinna Mitchell,  Home Office  ,United States,Los Angeles,California,,west,FUR-FU-10003347,Furniture,Furnishings,Coloredge Poster Frame,-,3,0.0,16.614
7236,CA-2016-137337,2016-03-08,3/12/2016,STANDARD CLASS,GB-14575,Giulietta Baptist,consumer,United States,New York City,New York,10011.0,EAST,OFF-BI-10000632,Office Supplies,Binders,Satellite Sectional Post Binders,$ 69.46,2,0.2,$ 22.57
6051,CA-2015-153878,25-Apr-2015,4/30/2015,Standard Class,TS-21655,Trudy Schmidt,CONSUMER,United States,Milwaukee,Wisconsin,53209.0,Central,OFF-AR-10000658,  Office Supplies  ,Art,Newell 324,$ 57.75,5,0.0,16.17
1659,CA-2017-161809,2017/01/20 00:00:00,1/26/2017,  Standard Class  ,TH-21100,Thea Hendricks,  Consumer  ,United States,Los Angeles,California,90045.0,West,TEC-PH-10004922,TECHNOLOGY,Phones,RCA Visys Integrated PBX 8-Line Router,160.776,3,0.2,$ 10.05
2615,CA-2014-147298,2014/04/26 00:00:00,5/3/2014,Standard Class,AG-10300,Aleksandra Gannaway,  Corporate  ,United States,Los Angeles,California,90049.0,  West  ,FUR-CH-10004886,Furniture,Chairs,Bevis Steel Folding Chairs,$ 230.28,3,0.2,N/A
7154,CA-2015-106208,12/10/2015,12/15/2015,Standard Class,JW-16075,Julia West,Consumer,United States,Chicago,Illinois,60610.0,Central,OFF-AP-10004980,Office Supplies,Appliances,3M Replacement Filter for Office Air Cleaner for 20' x 33' Room,53.088,7,0.8,-108.8304
3353,US-2014-134733,09/23/2014,9/28/2014,STANDARD CLASS,BM-11650,Brian Moss,Corporate,United States,San Diego,California,92037.0,WEST,TEC-PH-10002726,TECHNOLOGY,Phones,netTALK DUO VoIP Telephone Service,83.984,2,0.2,$ 31.49
5047,CA-2016-158694,2016-11-10,11/13/2016,  Second Class  ,AI-10855,Arianne Irving,  Consumer  ,United States,Los Angeles,California,90036.0,West,OFF-BI-10004656,OFFICE SUPPLIES,Binders,Peel & Stick Add-On Corner Pockets,5.184,3,0.2,$ 1.81
701,CA-2015-119291,05/14/2015,5/17/2015,First Class,JO-15550,Jesus Ocampo,Home Office,United States,Chester,Pennsylvania,19013.0,East,OFF-BI-10001982,office supplies,Binders,Wilson Jones Custom Binder Spines & Labels,$ 4.90,3,0.7,$ -3.43
8613,CA-2016-146437,28-Jan-2016,2/1/2016,Second Class,HG-14965,Henry Goldwyn,CORPORATE,United States,Los Angeles,California,90036.0,WEST,OFF-AR-10000588,office supplies,Art,Newell 345,$ 39.68,2,0.0,10.32 USD
9704,CA-2017-147032,07/31/2017,8/4/2017,STANDARD CLASS,LB-16795,Laurel Beltran,HOME OFFICE,United States,Wilmington,Delaware,19805.0,EAST,OFF-BI-10003656,  Office Supplies  ,Binders,Fellowes PB200 Plastic Comb Binding Machine,849.95,5,0.0,N/A
6505,CA-2017-128265,17-Nov-2017,11/22/2017,  Second Class  ,VW-21775,Victoria Wilson,Corporate,United States,New York City,New York,10011.0,EAST,OFF-ST-10000142,OFFICE SUPPLIES,Storage,Deluxe Rollaway Locking File with Drawer,"$ 1,247.64",3,0.0,349.34 USD
6648,US-2016-127334,12/15/2016,12/21/2016,Standard Class,MP-18175,Mike Pelletier,Home Office,United States,Springfield,Oregon,97477.0,west,OFF-AP-10001205,OFFICE SUPPLIES,Appliances,Belkin 5 Outlet SurgeMaster Power Centers,87.168,2,0.2,-
5810,CA-2016-125017,Pending,2/11/2016,STANDARD CLASS,KB-16240,Karen Bern,corporate,United States,Chattanooga,Tennessee,37421.0,  South  ,FUR-FU-10000723,furniture,Furnishings,"Deflect-o EconoMat Studded, No Bevel Mat for Low Pile Carpeting",132.224,4,0.2,$ -18.18
4175,CA-2016-152163,2016-07-01,7/1/2016,  Same Day  ,JF-15355,Jay Fein,Consumer,United States,Columbia,South Carolina,29203.0,  South  ,OFF-BI-10003364,Office Supplies,Binders,Binding Machine Supplies,58.34 USD,2,0.0,-
6068,CA-2017-166695,05/20/2017,5/24/2017,standard class,CC-12430,Chuck Clark,  Home Office  ,United States,Lakewood,California,,West,FUR-CH-10000225,FURNITURE,Chairs,"Global Geo Office Task Chair, Gray",518.27 USD,8,0.2,$ -97.18
9785,CA-2015-149748,2015/05/31 00:00:00,6/2/2015,Second Class,EM-13825,Elizabeth Moffitt,  Corporate  ,United States,Paterson,New Jersey,7501.0,  East  ,FUR-FU-10001847,Furniture,Furnishings,Eldon Image Series Black Desk Accessories,  $8.28  ,2,0.0,2.9808
5628,CA-2017-148810,2017/06/26 00:00:00,7/1/2017,Standard Class,DR-12880,Dan Reichenbach,Corporate,United States,Miami,Florida,33180.0,SOUTH,OFF-LA-10004689,Office Supplies,Labels,Avery 512,13.87 USD,6,0.2,4.6818
5795,CA-2017-140186,2017-09-29,10/2/2017,  First Class  ,PG-18820,Patrick Gardner,Consumer,United States,Bakersfield,California,93309.0,West,OFF-BI-10003364,  Office Supplies  ,Binders,Binding Machine Supplies,46.672,2,0.2,16.3352
5293,CA-2017-151218,20-Jun-2017,6/23/2017,First Class,PJ-19015,Pauline Johnson,CONSUMER,United States,Miami,Florida,33180.0,South,OFF-ST-10004835,Office Supplies,Storage,Plastic Stacking Crates & Casters,-,1,0.2,$ 0.33
6264,CA-2017-160724,05/05/2017,5/10/2017,STANDARD CLASS,YS-21880,Yana Sorensen,  Corporate  ,United States,Columbus,Georgia,31907.0,south,OFF-BI-10004965,  Office Supplies  ,Binders,Ibico Covers for Plastic or Wire Binding Elements,  $34.50  ,3,0.0,$ 15.53
6342,US-2017-105830,12/31/2016,1/2/2017,FIRST CLASS,DB-13660,Duane Benoit,Consumer,United States,Lancaster,Ohio,43130.0,east,OFF-ST-10002554,  Office Supplies  ,Storage,Tennsco Industrial Shelving,156.512,4,0.2,$ -35.22
5415,US-2017-125647,2017/09/23 00:00:00,9/28/2017,standard class,LC-16870,Lena Cacioppo,Consumer,United States,Chicago,Illinois,60653.0,Central,OFF-AP-10000390,  Office Supplies  ,Appliances,Euro Pro Shark Stick Mini Vacuum,73.18 USD,6,0.8,-197.58 USD
9961,CA-2017-141446,2017-09-16,9/18/2017,  Second Class  ,CL-12700,Craig Leslie,home office,United States,Florence,Kentucky,41042.0,South,TEC-AC-10002305,Technology,Accessories,KeyTronic E03601U1 - Keyboard - Beige,$ 18.00,1,0.0,3.24 USD
8360,CA-2014-110555,11-Apr-2014,4/18/2014,standard class,MM-18055,Michelle Moray,Consumer,United States,Great Falls,Montana,59405.0,WEST,TEC-AC-10003399,  Technology  ,Accessories,Memorex Mini Travel Drive 64 GB USB 2.0 Flash Drive,$ 217.44,6,0.0,91.3248
9185,CA-2017-156776,08/07/2017,8/11/2017,  Standard Class  ,JL-15505,Jeremy Lonsdale,Consumer,United States,Westminster,California,92683.0,  West  ,FUR-FU-10004848,  Furniture  ,Furnishings,"Howard Miller 13-3/4"" Diameter Brushed Chrome Round Wall Clock",$ 51.75,1,0.0,$ 15.53
3185,CA-2017-152912,2017/11/09 00:00:00,11/12/2017,Second Class,BM-11650,Brian Moss,Corporate,United States,Columbia,Maryland,21044.0,East,OFF-ST-10003208,  Office Supplies  ,Storage,Adjustable Depth Letter/Legal Cart,$ 544.38,3,0.0,  $157.87  
6849,US-2016-163461,2016-06-18,6/21/2016,first class,BT-11440,Bobby Trafton,Consumer,United States,Frankfort,Illinois,60423.0,central,OFF-PA-10003134,Office Supplies,Paper,Xerox 1937,$ 76.86,2,0.2,$ 26.90
2803,CA-2017-143329,11/03/2017,11/8/2017,Standard Class,DL-13330,Denise Leinenbach,CONSUMER,United States,Las Cruces,New Mexico,88001.0,  West  ,FUR-FU-10000629,FURNITURE,Furnishings,9-3/4 Diameter Round Wall Clock,41.37,3,0.0,17.3754
7095,US-2015-153374,2015-02-09,2/13/2015,Second Class,JF-15565,Jill Fjeld,Consumer,United States,Decatur,Illinois,62521.0,central,TEC-AC-10001908,Technology,Accessories,Logitech Wireless Headset h800,479.952,6,0.2,$ 89.99
3232,US-2017-156356,04/16/2017,4/22/2017,Standard Class,ND-18370,Natalie DeCherney,consumer,United States,Houston,Texas,77095.0,Central,OFF-BI-10000632,Office Supplies,Binders,Satellite Sectional Post Binders,26.046,3,0.8,-44.2782
5396,CA-2014-104829,11/18/2014,11/21/2014,Second Class,JG-15805,John Grady,Corporate,United States,Provo,Utah,,  West  ,OFF-PA-10003016,OFFICE SUPPLIES,Paper,"Adams ""While You Were Out"" Message Pads",21.98 USD,7,0.0,9.891
9351,CA-2016-159009,2016-09-23,9/27/2016,standard class,DP-13105,Dave Poirier,  Corporate  ,United States,Seattle,Washington,98115.0,WEST,OFF-BI-10004970,  Office Supplies  ,Binders,"ACCOHIDE 3-Ring Binder, Blue, 1""",13.216,4,0.2,4.46 USD
604,CA-2014-149958,03/15/2014,3/19/2014,  Standard Class  ,AS-10240,Alan Shonely,Consumer,United States,Tampa,Florida,33614.0,South,FUR-FU-10001756,furniture,Furnishings,"Eldon Expressions Desk Accessory, Wood Photo Frame, Mahogany",45.696,3,0.2,5.1408
3001,CA-2014-138317,06/21/2014,6/25/2014,STANDARD CLASS,NW-18400,Natalie Webber,  Consumer  ,United States,Philadelphia,Pennsylvania,19120.0,EAST,OFF-AP-10003860,office supplies,Appliances,Fellowes Advanced 8 Outlet Surge Suppressor with Phone/Fax Protection,  $44.42  ,2,0.2,  $3.89  
6555,CA-2014-137092,20-Oct-2014,10/22/2014,Second Class,LS-16975,Lindsay Shagiari,Home Office,United States,Chicago,Illinois,60653.0,Central,OFF-ST-10003805,OFFICE SUPPLIES,Storage,"24 Capacity Maxi Data Binder Racks, Pearl",505.32,3,0.2,31.58 USD
394,US-2014-134971,2014/06/07 00:00:00,6/10/2014,  Second Class  ,BP-11095,Bart Pistole,CORPORATE,United States,Peoria,Illinois,61604.0,Central,OFF-BI-10003982,Office Supplies,Binders,Wilson Jones Century Plastic Molded Ring Binders,12.462,3,0.8,-20.5623
1225,CA-2016-126004,12/04/2016,12/5/2016,first class,BM-11140,Becky Martin,  Consumer  ,United States,New York City,New York,10024.0,  East  ,OFF-BI-10004656,Office Supplies,Binders,Peel & Stick Add-On Corner Pockets,  $1.73  ,1,0.2,$ 0.60
3520,CA-2015-124975,06/22/2015,6/25/2015,First Class,MG-17875,Michael Grace,Home Office,United States,Aurora,Illinois,60505.0,Central,FUR-TA-10002645,Furniture,Tables,Hon Rectangular Conference Tables,796.42 USD,7,0.5,  $-525.64  
7563,US-2016-104815,2016-09-03,9/7/2016,standard class,RB-19570,Rob Beeghly,  Consumer  ,United States,Chicago,Illinois,60610.0,Central,FUR-BO-10003894,Furniture,Bookcases,"Safco Value Mate Steel Bookcase, Baked Enamel Finish on Steel, Black",198.74 USD,4,0.3,0.0
5095,US-2014-140452,Pending,12/10/2014,STANDARD CLASS,BK-11260,Berenike Kampe,Consumer,United States,Chicago,Illinois,60610.0,CENTRAL,FUR-TA-10004086,Furniture,Tables,KI Adjustable-Height Table,-,5,0.5,-120.372
96,US-2017-109484,2017-11-06,11/12/2017,standard class,RB-19705,Roger Barcio,Home Office,United States,Portland,Oregon,97206.0,west,OFF-BI-10004738,Office Supplies,Binders,Flexible Leather- Look Classic Collection Ring Binder,  $5.68  ,1,0.7,-3.79 USD
4540,CA-2015-104129,Pending,3/2/2015,  Standard Class  ,ES-14080,Erin Smith,corporate,United States,Providence,Rhode Island,2908.0,EAST,TEC-PH-10003800,technology,Phones,i.Sound Portable Power - 8000 mAh,105.98,2,0.0,1.0598
7082,CA-2016-106950,2016/09/02 00:00:00,9/6/2016,standard class,JE-15715,,CONSUMER,United States,Charlotte,North Carolina,28205.0,south,TEC-AC-10002049,technology,Accessories,Plantronics Savi W720 Multi-Device Wireless Headset System,  $1012.68  ,3,0.2,303.80 USD
2336,CA-2017-152695,10-Dec-2017,12/10/2017,SAME DAY,CC-12220,Chris Cortes,  Consumer  ,United States,Fairfield,Connecticut,6824.0,East,OFF-EN-10004030,Office Supplies,Envelopes,Convenience Packs of Business Envelopes,10.86,3,0.0,  $5.10  
4975,CA-2016-164896,11/07/2016,11/12/2016,  Standard Class  ,PS-19045,Penelope Sewall,home office,United States,Oceanside,California,92054.0,  West  ,OFF-PA-10002246,office supplies,Paper,"Wirebound Four 2-3/4 x 5 Forms per Page, 400 Sets per Book",$ 12.90,2,0.0,6.321
7232,CA-2017-153843,03/13/2017,3/15/2017,  First Class  ,SC-20380,Shahid Collister,CONSUMER,United States,Fairfield,Connecticut,6824.0,  East  ,OFF-AP-10001564,office supplies,Appliances,Hoover Commercial Lightweight Upright Vacuum with E-Z Empty Dirt Cup,-,2,0.0,N/A
2936,US-2016-169040,12/06/2016,12/12/2016,  Standard Class  ,GT-14710,Greg Tran,Consumer,United States,Seattle,Washington,,west,OFF-EN-10000927,  Office Supplies  ,Envelopes,Jet-Pak Recycled Peel 'N' Seal Padded Mailers,$ 35.89,1,0.0,16.1505
5497,CA-2017-117821,12-Jun-2017,6/16/2017,standard class,HG-15025,Hunter Glantz,Consumer,United States,Marion,Ohio,43302.0,East,TEC-AC-10004469,TECHNOLOGY,Accessories,Microsoft Sculpt Comfort Mouse,$ 63.92,2,0.2,19.176
8957,CA-2017-105620,2017-12-25,12/28/2017,First Class,JH-15430,Jennifer Halladay,Consumer,United States,Hialeah,Florida,33012.0,SOUTH,FUR-FU-10004963,  Furniture  ,Furnishings,"Eldon 400 Class Desk Accessories, Black Carbon",21.0,3,0.2,  $5.78  
2474,CA-2016-114972,03-Nov-2016,11/6/2016,FIRST CLASS,PF-19225,Phillip Flathmann,consumer,United States,Los Angeles,California,90032.0,WEST,FUR-CH-10001190,furniture,Chairs,Global Deluxe High-Back Office Chair in Storm,N/A,2,0.2,-29.9178
7066,CA-2014-106726,2014-12-06,12/8/2014,First Class,RS-19765,Roland Schwarz,Corporate,United States,Los Angeles,California,90008.0,  West  ,OFF-ST-10001496,office supplies,Storage,Standard Rollaway File with Lock,  $1261.33  ,7,0.0,327.9458
4053,CA-2014-122931,09/29/2014,10/3/2014,standard class,SM-20950,,Corporate,United States,Philadelphia,Pennsylvania,19134.0,east,FUR-TA-10004175,Furniture,Tables,"Hon 30"" x 60"" Table with Locking Drawer",-,2,0.4,-81.85 USD
9592,US-2016-105452,2016/07/28 00:00:00,8/1/2016,STANDARD CLASS,BF-11005,Barry Franz,Home Office,United States,Pasadena,Texas,77506.0,  Central  ,FUR-FU-10003691,Furniture,Furnishings,"Eldon Image Series Desk Accessories, Ebony",$ 24.70,5,0.6,-9.88
3694,US-2015-131359,2015-10-30,11/2/2015,SECOND CLASS,FA-14230,Frank Atkinson,CORPORATE,United States,Denver,Colorado,80219.0,  West  ,FUR-FU-10003026,Furniture,Furnishings,"Eldon Regeneration Recycled Desk Accessories, Black",$ 15.49,4,0.2,3.6784
2471,US-2016-135923,22-Jan-2016,1/28/2016,  Standard Class  ,CM-11935,Carlos Meador,consumer,United States,Fayetteville,North Carolina,,South,FUR-FU-10002107,FURNITURE,Furnishings,Eldon Pizzaz Desk Accessories,14.272,8,0.2,N/A
4790,CA-2015-104346,12/11/2015,12/16/2015,Standard Class,IM-15070,Irene Maddox,  Consumer  ,United States,Colorado Springs,Colorado,80906.0,West,FUR-FU-10001473,FURNITURE,Furnishings,DAX Wood Document Frame,$ 54.92,5,0.2,10.98 USD
6829,CA-2016-118689,2016-10-02,10/9/2016,standard class,TC-20980,Tamara Chand,CORPORATE,United States,Lafayette,Indiana,47905.0,Central,OFF-BI-10003712,Office Supplies,Binders,"Acco Pressboard Covers with Storage Hooks, 14 7/8"" x 11"", Light Blue",  $34.37  ,7,0.0,16.8413
3236,CA-2016-140746,Pending,1/15/2016,  Same Day  ,RC-19825,Roy Collins,consumer,United States,Fairfield,Connecticut,6824.0,  East  ,FUR-TA-10002903,Furniture,Tables,"Bevis Round Bullnose 29"" High Table Top",$ 181.80,1,0.3,-15.5826
5197,CA-2014-159709,2014-05-10,5/15/2014,STANDARD CLASS,AI-10855,Arianne Irving,Consumer,United States,Kent,Washington,98031.0,WEST,OFF-EN-10001434,office supplies,Envelopes,"Strathmore #10 Envelopes, Ultimate White",$ 158.13,3,0.0,77.48 USD
1480,US-2016-108455,2016-12-02,12/8/2016,standard class,MK-18160,Mike Kennedy,  Consumer  ,United States,San Francisco,California,94122.0,WEST,OFF-PA-10002262,Office Supplies,Paper,Xerox 192,25.92,4,0.0,$ 12.44
6867,US-2016-126452,08/21/2016,8/28/2016,Standard Class,SC-20230,Scot Coram,Corporate,United States,Los Angeles,California,90004.0,West,TEC-AC-10000844,Technology,Accessories,Logitech Gaming G510s - Keyboard,N/A,3,0.0,  $91.79  
7059,CA-2016-165330,2016/12/11 00:00:00,12/11/2016,same day,WB-21850,William Brown,  Consumer  ,United States,Anaheim,California,92804.0,  West  ,OFF-ST-10000636,  Office Supplies  ,Storage,Rogers Profile Extra Capacity Storage Tub,  $50.22  ,3,0.0,2.0088
8372,CA-2014-165393,2014/12/27 00:00:00,12/30/2014,First Class,NC-18415,Nathan Cano,CONSUMER,United States,Fort Worth,Texas,76106.0,Central,OFF-BI-10001658,OFFICE SUPPLIES,Binders,GBC Standard Therm-A-Bind Covers,$ 4.98,1,0.8,$ -8.47
9535,CA-2016-116596,27-Oct-2016,10/31/2016,Standard Class,BW-11200,Ben Wallace,consumer,United States,New York City,New York,10011.0,  East  ,OFF-ST-10000636,office supplies,Storage,Rogers Profile Extra Capacity Storage Tub,33.48,2,0.0,1.3392
2693,US-2016-144211,08/28/2016,9/2/2016,Standard Class,CS-12130,Chad Sievert,  Consumer  ,United States,Englewood,Colorado,80112.0,  West  ,TEC-PH-10002890,  Technology  ,Phones,AT&T 17929 Lendline Telephone,108.58 USD,3,0.2,8.1432
6089,CA-2015-137281,2015-06-13,6/17/2015,STANDARD CLASS,BF-10975,Barbara Fisher,Corporate,United States,Roswell,Georgia,30076.0,  South  ,OFF-PA-10001870,OFFICE SUPPLIES,Paper,Xerox 202,$ 6.48,1,0.0,$ 3.11
20,CA-2014-143336,08/27/2014,9/1/2014,Second Class,ZD-21925,Zuschuss Donatelli,CONSUMER,United States,San Francisco,California,94109.0,West,TEC-PH-10001949,  Technology  ,Phones,Cisco SPA 501G IP Phone,$ 213.48,3,0.2,16.01 USD
2743,CA-2014-149244,2014-11-04,11/8/2014,  Standard Class  ,MS-17530,MaryBeth Skach,Consumer,United States,San Diego,California,92037.0,WEST,FUR-FU-10004671,furniture,Furnishings,"Executive Impressions 12"" Wall Clock",  $35.34  ,2,0.0,13.4292
2885,CA-2016-164483,01/30/2016,2/3/2016,standard class,JF-15490,Jeremy Farry,  Consumer  ,United States,San Francisco,California,94122.0,west,OFF-BI-10000014,Office Supplies,Binders,Heavy-Duty E-Z-D Binders,  $17.46  ,2,0.2,5.8914
5399,CA-2016-163202,27-Sep-2016,10/2/2016,standard class,BM-11650,Brian Moss,Corporate,United States,Lancaster,Ohio,43130.0,East,OFF-BI-10002764,OFFICE SUPPLIES,Binders,Recycled Pressboard Report Cover with Reinforced Top Hinge,2.91 USD,3,0.7,-2.0349
5863,CA-2016-101525,05/01/2016,5/4/2016,SECOND CLASS,CM-12235,Chris McAfee,CONSUMER,United States,Little Rock,Arkansas,72209.0,  South  ,OFF-PA-10003936,OFFICE SUPPLIES,Paper,Xerox 1994,19.44 USD,3,0.0,$ 9.33
9903,CA-2017-117646,21-Aug-2017,8/25/2017,STANDARD CLASS,SC-20845,Sung Chung,consumer,United States,Louisville,Colorado,80027.0,WEST,OFF-PA-10001950,Office Supplies,Paper,Southworth 25% Cotton Antique Laid Paper & Envelopes,6.672,1,0.2,$ 2.08
7712,CA-2017-139353,10/28/2017,10/30/2017,Second Class,JM-15250,Janet Martin,CONSUMER,United States,Fayetteville,North Carolina,28314.0,South,FUR-FU-10001876,Furniture,Furnishings,"Computer Room Manger, 14""",77.952,3,0.2,$ 15.59
810,CA-2014-151995,13-Oct-2014,10/15/2014,First Class,ZC-21910,Zuschuss Carroll,Consumer,United States,Edmonds,Washington,98026.0,West,OFF-AR-10003190,  Office Supplies  ,Art,Newell 32,11.52,4,0.0,$ 3.23
4990,CA-2017-107321,08/31/2017,9/4/2017,standard class,AW-10930,Arthur Wiediger,home office,United States,San Francisco,California,94110.0,WEST,OFF-BI-10004022,Office Supplies,Binders,Acco Suede Grain Vinyl Round Ring Binder,$ 6.67,3,0.2,2.1684
2847,CA-2017-152093,09/10/2017,9/15/2017,Standard Class,SN-20560,Skye Norling,Home Office,United States,Chicago,Illinois,60653.0,Central,OFF-BI-10003527,  Office Supplies  ,Binders,Fellowes PB500 Electric Punch Plastic Comb Binding Machine with Manual Bind,$ 762.59,3,0.8,"-1,143.89 USD"
3722,CA-2016-151155,12/20/2016,12/24/2016,Standard Class,AB-10255,Alejandro Ballentine,Home Office,United States,Jackson,Mississippi,39212.0,South,OFF-BI-10003910,  Office Supplies  ,Binders,DXL Angle-View Binders with Locking Rings by Samsill,15.42,2,0.0,6.939
3510,CA-2014-166863,2014/06/20 00:00:00,6/24/2014,STANDARD CLASS,SC-20020,Sam Craven,Consumer,United States,Plano,Texas,75023.0,central,OFF-PA-10000587,  Office Supplies  ,Paper,"Array Parchment Paper, Assorted Colors",11.648,2,0.2,4.0768
4515,CA-2016-120873,2016-10-27,11/1/2016,  Second Class  ,BW-11200,Ben Wallace,Consumer,United States,Hampton,Virginia,23666.0,SOUTH,FUR-CH-10000847,furniture,Chairs,Global Executive Mid-Back Manager's Chair,$ 290.98,1,0.0,  $75.65  
7392,CA-2017-160031,2017/12/04 00:00:00,12/7/2017,Second Class,LT-16765,Larry Tron,  Consumer  ,United States,Fairfield,Ohio,45014.0,  East  ,OFF-PA-10000241,Office Supplies,Paper,"IBM Multi-Purpose Copy Paper, 8 1/2 x 11"", Case",74.35 USD,3,0.2,$ 23.23
4439,CA-2016-162726,12/27/2016,1/2/2017,Standard Class,MT-17815,Meg Tillman,Consumer,United States,Port Arthur,Texas,,CENTRAL,OFF-PA-10001972,office supplies,Paper,Xerox 214,  $10.37  ,2,0.2,3.6288
1143,CA-2014-146969,2014-09-29,10/3/2014,standard class,AP-10915,Arthur Prichep,CONSUMER,United States,Los Angeles,California,90045.0,west,OFF-FA-10001561,office supplies,Fasteners,Stockwell Push Pins,8.72 USD,4,0.0,2.8776
1579,CA-2016-102456,02/27/2016,3/1/2016,first class,DL-12865,Dan Lawera,CONSUMER,United States,New York City,New York,10011.0,EAST,OFF-AP-10004336,Office Supplies,Appliances,"Conquest 14 Commercial Heavy-Duty Upright Vacuum, Collection System, Accessory Kit",170.88,3,0.0,49.56 USD
2089,CA-2016-140501,2016-06-23,6/28/2016,Standard Class,IM-15070,Irene Maddox,  Consumer  ,United States,New York City,New York,10009.0,  East  ,OFF-FA-10004076,Office Supplies,Fasteners,Translucent Push Pins by OIC,3.96 USD,2,0.0,1.4652
3007,CA-2017-116519,13-Oct-2017,10/15/2017,First Class,CR-12730,,Consumer,United States,New York City,New York,10009.0,  East  ,OFF-AP-10000828,Office Supplies,Appliances,Avanti 4.4 Cu. Ft. Refrigerator,904.90 USD,5,0.0,$ 253.37
7874,CA-2016-101672,2016/10/03 00:00:00,10/7/2016,STANDARD CLASS,DB-12910,,Home Office,United States,Lake Forest,California,92630.0,west,OFF-PA-10004610,OFFICE SUPPLIES,Paper,Xerox 1900,8.56,2,0.0,3.852
8927,CA-2016-168032,2016-01-30,2/3/2016,standard class,DF-13135,David Flashing,Consumer,United States,Rockford,Illinois,61107.0,Central,FUR-TA-10004256,Furniture,Tables,Bretford “Just In Time” Height-Adjustable Multi-Task Work Tables,-,3,0.5,$ -538.45
3054,CA-2016-128517,2016-04-09,4/14/2016,SECOND CLASS,SW-20350,Sean Wendt,Home Office,United States,Detroit,Michigan,48227.0,Central,TEC-PH-10002555,Technology,Phones,Nortel Meridian M5316 Digital phone,517.9,2,0.0,134.654
2486,CA-2017-126067,2017-08-28,9/3/2017,standard class,KN-16705,Kristina Nunn,Home Office,United States,Seattle,Washington,98105.0,west,OFF-AR-10003856,  Office Supplies  ,Art,Newell 344,5.56,2,0.0,1.4456
3124,CA-2015-121720,Pending,6/12/2015,FIRST CLASS,JE-15610,Jim Epp,  Corporate  ,United States,Lakeland,Florida,,South,OFF-BI-10001308,Office Supplies,Binders,GBC Standard Plastic Binding Systems' Combs,  $3.77  ,2,0.7,-3.14 USD
8645,CA-2015-108259,2015-11-08,11/15/2015,Standard Class,NS-18640,Noel Staavos,CORPORATE,United States,Jacksonville,North Carolina,28540.0,South,OFF-BI-10000315,Office Supplies,Binders,Poly Designer Cover & Back,$ 39.88,7,0.7,-29.2446
4075,CA-2017-108112,2017-11-15,11/20/2017,  Standard Class  ,DK-12895,Dana Kaydos,CONSUMER,United States,Miramar,Florida,33023.0,south,FUR-FU-10003553,  Furniture  ,Furnishings,"Howard Miller 13-1/2"" Diameter Rosebrook Wall Clock",220.064,4,0.2,$ 55.02
6744,CA-2015-156923,Pending,2/20/2015,Standard Class,SP-20860,Sung Pak,  Corporate  ,United States,Dover,New Hampshire,3820.0,East,OFF-PA-10002751,Office Supplies,Paper,Xerox 1920,35.88,6,0.0,16.15 USD
621,CA-2017-117947,2017-08-18,8/23/2017,Second Class,NG-18355,Nat Gilpin,Corporate,United States,New York City,New York,10011.0,east,FUR-FU-10000521,FURNITURE,Furnishings,"Seth Thomas 14"" Putty-Colored Wall Clock",-,3,0.0,27.29 USD
9904,CA-2014-122609,2014-11-12,11/18/2014,  Standard Class  ,DP-13000,Darren Powers,CONSUMER,United States,Carrollton,Texas,75007.0,Central,FUR-FU-10004587,Furniture,Furnishings,"GE General Use Halogen Bulbs, 100 Watts, 1 Bulb per Pack",25.128,3,0.6,N/A
7521,US-2017-167920,Pending,12/12/2017,Second Class,JL-15835,John Lee,  Consumer  ,United States,Richmond,Kentucky,40475.0,South,TEC-CO-10001046,  Technology  ,Copiers,Canon Imageclass D680 Copier / Fax,"$ 1,399.98",2,0.0,629.991
7071,CA-2016-164490,05-Sep-2016,9/10/2016,Second Class,SU-20665,Stephanie Ulpright,Home Office,United States,Chicago,Illinois,60653.0,Central,OFF-PA-10004971,Office Supplies,Paper,Xerox 196,9.248,2,0.2,3.35 USD
7192,CA-2016-116918,2016-10-01,10/6/2016,second class,JK-15205,Jamie Kunitz,CONSUMER,United States,Hialeah,Florida,33012.0,south,OFF-BI-10004140,OFFICE SUPPLIES,Binders,Avery Non-Stick Binders,5.39 USD,4,0.7,-4.49
1047,CA-2016-169103,03/08/2016,3/13/2016,Standard Class,ZC-21910,Zuschuss Carroll,CONSUMER,United States,Miami,Florida,,SOUTH,TEC-PH-10001530,  Technology  ,Phones,Cisco Unified IP Phone 7945G VoIP phone,"1,363.96 USD",5,0.2,85.2475
2836,CA-2017-110842,2017/11/11 00:00:00,11/16/2017,standard class,GA-14725,Guy Armstrong,  Consumer  ,United States,Los Angeles,California,90036.0,West,OFF-AP-10003971,Office Supplies,Appliances,Belkin 6 Outlet Metallic Surge Strip,10.89,1,0.0,-
3147,CA-2017-131828,11-Feb-2017,2/13/2017,second class,CS-11845,Cari Sayre,Corporate,United States,Seattle,Washington,98105.0,  West  ,TEC-PH-10002923,Technology,Phones,"Logitech B530 USB Headset - headset - Full size, Binaural",88.776,3,0.2,$ 7.77
2168,CA-2016-154018,2016-10-13,10/19/2016,  Standard Class  ,HA-14920,Helen Andreada,Consumer,United States,Laredo,Texas,78041.0,central,OFF-BI-10004140,Office Supplies,Binders,Avery Non-Stick Binders,$ 6.29,7,0.8,-11.0005
744,US-2016-146710,2016/08/27 00:00:00,9/1/2016,  Standard Class  ,SS-20875,Sung Shariari,CONSUMER,United States,Dallas,Texas,75220.0,CENTRAL,OFF-PA-10002615,office supplies,Paper,"Ampad Gold Fibre Wirebound Steno Books, 6"" x 9"", Gregg Ruled",3.53 USD,1,0.2,  $1.15  
223,CA-2015-169397,12/24/2015,12/27/2015,  First Class  ,JB-15925,Joni Blumstein,Consumer,United States,Dublin,Ohio,43017.0,  East  ,FUR-FU-10000087,  Furniture  ,Furnishings,"Executive Impressions 14"" Two-Color Numerals Wall Clock",72.704,4,0.2,19.0848
5199,CA-2016-103982,03-Mar-2016,3/8/2016,STANDARD CLASS,AA-10315,Alex Avila,  Consumer  ,United States,Round Rock,Texas,,Central,OFF-SU-10000151,Office Supplies,Supplies,High Speed Automatic Electric Letter Opener,  $3930.07  ,3,0.2,-786.0144
626,CA-2015-138009,29-Nov-2015,12/3/2015,Standard Class,SF-20965,Sylvia Foulston,CORPORATE,United States,Dearborn,Michigan,48126.0,Central,OFF-AR-10004042,Office Supplies,Art,"BOSTON Model 1800 Electric Pencil Sharpeners, Putty/Woodgrain",161.82,9,0.0,  $46.93  
8236,CA-2017-102204,2017-05-01,5/6/2017,STANDARD CLASS,CJ-12010,Caroline Jumper,Consumer,United States,Jacksonville,Florida,32216.0,south,FUR-TA-10001889,FURNITURE,Tables,Bush Advantage Collection Racetrack Conference Table,  $933.26  ,4,0.45,$ -458.15
3016,US-2015-138919,09/17/2015,9/21/2015,Standard Class,LS-16975,Lindsay Shagiari,Home Office,United States,New York City,New York,10035.0,EAST,FUR-TA-10004154,  Furniture  ,Tables,"Riverside Furniture Oval Coffee Table, Oval End Table, End Table with Drawer",N/A,2,0.4,$ -103.27
4576,CA-2016-139395,2016/12/12 00:00:00,12/18/2016,Standard Class,MG-17650,Matthew Grinstein,home office,United States,Jackson,Michigan,49201.0,Central,OFF-AR-10003732,Office Supplies,Art,Newell 333,13.9,5,0.0,3.614
9814,CA-2016-117583,27-Nov-2016,11/30/2016,  First Class  ,CB-12025,Cassandra Brandow,Consumer,United States,East Orange,New Jersey,7017.0,East,OFF-PA-10000100,Office Supplies,Paper,Xerox 1945,$ 204.95,5,0.0,100.4255
4506,US-2014-138247,2014-12-24,12/29/2014,  Standard Class  ,BF-11170,Ben Ferrer,  Home Office  ,United States,Los Angeles,California,90045.0,West,TEC-AC-10004708,Technology,Accessories,Sony 32GB Class 10 Micro SDHC R40 Memory Card,  $62.85  ,3,0.0,  $13.20  
7761,CA-2014-155390,2014-12-06,12/11/2014,standard class,BG-11035,Barry Gonzalez,consumer,United States,Memphis,Tennessee,38109.0,South,OFF-PA-10003641,OFFICE SUPPLIES,Paper,Xerox 1909,  $42.21  ,2,0.2,13.7176
8286,CA-2015-154284,2015-12-21,12/26/2015,SECOND CLASS,SZ-20035,Sam Zeldin,HOME OFFICE,United States,Saint Charles,Illinois,60174.0,  Central  ,FUR-FU-10003039,furniture,Furnishings,"Howard Miller 11-1/2"" Diameter Grantwood Wall Clock",$ 51.76,3,0.6,$ -33.64
9181,CA-2017-156776,2017/08/07 00:00:00,8/11/2017,Standard Class,JL-15505,Jeremy Lonsdale,Consumer,United States,Westminster,California,92683.0,WEST,OFF-BI-10003355,Office Supplies,Binders,Cardinal Holdit Business Card Pockets,11.952,3,0.2,$ 4.18
9478,CA-2015-100818,31-May-2015,6/5/2015,  Second Class  ,JM-15265,Janet Molinari,CORPORATE,United States,Chicago,Illinois,60653.0,  Central  ,OFF-BI-10004364,  Office Supplies  ,Binders,Storex Dura Pro Binders,3.564,3,0.8,-6.24 USD
354,CA-2016-129714,09/01/2016,9/3/2016,First Class,AB-10060,Adam Bellavance,  Home Office  ,United States,New York City,New York,10009.0,EAST,OFF-BI-10004995,Office Supplies,Binders,GBC DocuBind P400 Electric Binding System,  $4355.17  ,4,0.2,"$ 1,415.43"
3615,CA-2017-112529,2017-11-19,11/21/2017,first class,SC-20770,,  Corporate  ,United States,San Antonio,Texas,78207.0,Central,FUR-TA-10002622,furniture,Tables,"Bush Andora Conference Table, Maple/Graphite Gray Finish",718.116,6,0.3,$ -71.81
7998,US-2017-105998,2017-11-03,11/5/2017,First Class,CR-12580,Clay Rozendal,Home Office,United States,San Diego,California,92037.0,WEST,FUR-TA-10001095,Furniture,Tables,Chromcraft Round Conference Tables,1673.184,12,0.2,20.9148
9582,CA-2017-152975,14-Sep-2017,9/16/2017,FIRST CLASS,RB-19705,Roger Barcio,  Home Office  ,United States,New York City,New York,10035.0,East,FUR-CH-10003298,FURNITURE,Chairs,"Office Star - Contemporary Task Swivel chair with Loop Arms, Charcoal",589.41,5,0.1,-6.55 USD
5853,CA-2015-121783,2015-11-10,11/14/2015,  Standard Class  ,PO-19180,Philisse Overcash,Home Office,United States,Roseville,Minnesota,55113.0,Central,FUR-FU-10004351,Furniture,Furnishings,Staple-based wall hangings,N/A,3,0.0,12.86 USD
240,CA-2016-157749,04-Jun-2016,6/9/2016,second class,KL-16645,Ken Lonsdale,consumer,United States,Chicago,Illinois,60610.0,CENTRAL,FUR-FU-10004351,  Furniture  ,Furnishings,Staple-based wall hangings,11.69 USD,3,0.6,$ -4.68
2620,CA-2017-115931,2017-12-22,12/26/2017,STANDARD CLASS,JM-15655,Jim Mitchum,Corporate,United States,Carlsbad,New Mexico,88220.0,West,TEC-PH-10001300,Technology,Phones,"iKross Bluetooth Portable Keyboard + Cell Phone Stand Holder + Brush for Apple iPhone 5S 5C 5, 4S 4",$ 67.04,4,0.2,  $6.70  
2111,CA-2015-164882,2015-10-31,10/31/2015,Same Day,SG-20080,Sandra Glassco,CONSUMER,United States,Redlands,California,92374.0,West,OFF-FA-10000585,OFFICE SUPPLIES,Fasteners,OIC Bulk Pack Metal Binder Clips,17.45 USD,5,0.0,-
9701,CA-2017-154116,2017/12/15 00:00:00,12/19/2017,STANDARD CLASS,KM-16660,Khloe Miller,  Consumer  ,United States,Inglewood,California,,West,TEC-PH-10000675,technology,Phones,Panasonic KX TS3282B Corded phone,$ 196.78,3,0.2,14.7582
6843,CA-2016-123946,09/12/2016,9/17/2016,Standard Class,AJ-10795,Anthony Johnson,CORPORATE,United States,Springfield,Virginia,22153.0,  South  ,OFF-FA-10002975,office supplies,Fasteners,Staples,11.34,3,0.0,5.2164
1248,CA-2014-168494,12/12/2014,12/14/2014,Second Class,NP-18700,Nora Preis,  Consumer  ,United States,Fresno,California,93727.0,West,FUR-BO-10004467,Furniture,Bookcases,Bestar Classic Bookcase,254.9745,3,0.15,  $12.00  
4950,CA-2017-107125,2017-11-27,12/2/2017,Standard Class,BD-11320,Bill Donatelli,Consumer,United States,Los Angeles,California,90045.0,  West  ,FUR-FU-10000732,furniture,Furnishings,Eldon 200 Class Desk Accessories,18.84,3,0.0,6.0288
8567,CA-2016-134110,17-Nov-2016,11/18/2016,First Class,BG-11035,Barry Gonzalez,  Consumer  ,United States,The Colony,Texas,75056.0,central,OFF-PA-10000697,office supplies,Paper,"TOPS Voice Message Log Book, Flash Format",15.23 USD,4,0.2,5.5216
3131,CA-2014-136399,2014/12/16 00:00:00,12/17/2014,FIRST CLASS,CC-12100,Chad Cunningham,Home Office,United States,Los Angeles,California,90049.0,  West  ,TEC-AC-10001142,TECHNOLOGY,Accessories,First Data FD10 PIN Pad,  $395.00  ,5,0.0,39.5
1419,CA-2015-126697,2015-09-21,9/24/2015,First Class,SV-20815,Stuart Van,Corporate,United States,Houston,Texas,77041.0,Central,FUR-FU-10001706,furniture,Furnishings,Longer-Life Soft White Bulbs,$ 4.93,4,0.6,$ -1.48
1019,CA-2015-108665,2015-07-06,7/10/2015,STANDARD CLASS,KM-16225,,Corporate,United States,New York City,New York,10011.0,East,TEC-PH-10004188,Technology,Phones,OtterBox Commuter Series Case - Samsung Galaxy S4,$ 124.95,5,0.0,$ 2.50
7839,CA-2015-149083,2015-09-25,9/30/2015,Standard Class,SH-19975,Sally Hughsby,Corporate,United States,Seattle,Washington,98103.0,west,TEC-AC-10002567,Technology,Accessories,Logitech G602 Wireless Gaming Mouse,$ 159.98,2,0.0,57.5928
6171,CA-2016-141523,12/19/2016,12/24/2016,second class,MH-17440,Mark Haberlin,  Corporate  ,United States,New York City,New York,10035.0,East,OFF-BI-10000948,  Office Supplies  ,Binders,"GBC Laser Imprintable Binding System Covers, Desert Sand",34.25 USD,3,0.2,$ 11.56
6086,US-2016-132577,11/22/2016,11/27/2016,standard class,JE-15475,Jeremy Ellison,consumer,United States,Houston,Texas,77095.0,  Central  ,OFF-LA-10000262,OFFICE SUPPLIES,Labels,Avery 494,$ 2.09,1,0.2,$ 0.68
8487,CA-2017-124716,03/27/2017,3/31/2017,Standard Class,BD-11560,Brendan Dodson,Home Office,United States,Fresno,California,93727.0,  West  ,OFF-PA-10001144,office supplies,Paper,Xerox 1913,  $110.96  ,2,0.0,53.2608
1104,US-2017-145863,2017-04-21,4/27/2017,Standard Class,RP-19390,Resi Pölking,Consumer,United States,Houston,Texas,,CENTRAL,OFF-BI-10002049,  Office Supplies  ,Binders,UniKeep View Case Binders,2.934,3,0.8,N/A
3687,CA-2016-102792,2016-12-13,12/19/2016,  Standard Class  ,JC-15340,Jasper Cacioppo,  Consumer  ,United States,Riverside,California,92503.0,WEST,OFF-AR-10004757,  Office Supplies  ,Art,Crayola Colored Pencils,$ 9.84,3,0.0,$ 3.25
7149,CA-2016-139941,12-Jun-2016,6/17/2016,STANDARD CLASS,CB-12415,Christy Brittain,consumer,United States,Long Beach,New York,11561.0,East,OFF-AP-10004036,Office Supplies,Appliances,Bionaire 99.97% HEPA Air Cleaner,52.56 USD,3,0.0,18.40 USD
3315,CA-2017-169978,12/24/2017,12/28/2017,  Standard Class  ,HG-15025,Hunter Glantz,Consumer,United States,Oceanside,New York,11572.0,  East  ,FUR-CH-10002602,  Furniture  ,Chairs,DMI Arturo Collection Mission-style Design Wood Chair,271.76 USD,2,0.1,$ 48.31
4462,US-2017-125717,28-Sep-2017,10/1/2017,  First Class  ,DS-13030,Darrin Sayre,Home Office,United States,Aurora,Colorado,80013.0,West,TEC-AC-10003657,Technology,Accessories,Lenovo 17-Key USB Numeric Keypad,54.384,2,0.2,  $1.36  
5441,US-2017-153633,13-Nov-2017,11/18/2017,Second Class,TC-21295,Toby Carlisle,consumer,United States,Jupiter,Florida,33458.0,South,OFF-AR-10002335,  Office Supplies  ,Art,DIXON Oriole Pencils,$ 2.06,1,0.2,0.1548
4428,US-2017-103226,22-Sep-2017,9/28/2017,standard class,DW-13195,David Wiener,Corporate,United States,Albuquerque,New Mexico,87105.0,West,OFF-PA-10002666,OFFICE SUPPLIES,Paper,Southworth 25% Cotton Linen-Finish Paper & Envelopes,27.18,3,0.0,  $12.23  
6484,CA-2017-113908,2017/06/03 00:00:00,6/9/2017,STANDARD CLASS,KN-16390,Katherine Nockton,corporate,United States,New York City,New York,10011.0,EAST,FUR-TA-10001932,FURNITURE,Tables,"Chromcraft 48"" x 96"" Racetrack Double Pedestal Table",  $384.77  ,2,0.4,-115.4304
3211,US-2017-108245,2017-09-22,9/27/2017,standard class,SH-19975,Sally Hughsby,corporate,United States,Pearland,Texas,,CENTRAL,OFF-EN-10001415,  Office Supplies  ,Envelopes,Staple envelope,13.39 USD,3,0.2,5.022
3388,CA-2017-148404,07-Oct-2017,10/11/2017,Standard Class,Dp-13240,Dean percer,  Home Office  ,United States,Charlotte,North Carolina,,south,TEC-PH-10004447,TECHNOLOGY,Phones,Toshiba IPT2010-SD IP Telephone,222.38 USD,2,0.2,16.6788
5467,CA-2014-107706,02/14/2014,2/19/2014,Second Class,ST-20530,Shui Tom,consumer,United States,Houston,Texas,77095.0,CENTRAL,OFF-PA-10000466,Office Supplies,Paper,"Memo Book, 100 Message Capacity, 5 3/8” x 11”",$ 16.18,3,0.2,$ 6.07
6946,CA-2016-106243,2016-09-30,10/4/2016,Standard Class,GM-14680,Greg Matthias,Consumer,United States,New York City,New York,10011.0,East,FUR-BO-10003034,Furniture,Bookcases,"O'Sullivan Elevations Bookcase, Cherry Finish",523.92,5,0.2,-
9341,CA-2014-155264,10/19/2014,10/22/2014,Second Class,RP-19270,,  Corporate  ,United States,San Francisco,California,94110.0,  West  ,OFF-LA-10002787,OFFICE SUPPLIES,Labels,Avery 480,  $18.75  ,5,0.0,9.00 USD
9414,CA-2016-132017,09/26/2016,9/27/2016,first class,MH-17620,Matt Hagelstein,CORPORATE,United States,Houston,Texas,77041.0,CENTRAL,OFF-BI-10004001,Office Supplies,Binders,GBC Recycled VeloBinder Covers,6.816,2,0.8,$ -11.59
1769,US-2014-158057,03/22/2014,3/26/2014,STANDARD CLASS,CC-12685,Craig Carroll,consumer,United States,Greensboro,North Carolina,27405.0,south,OFF-BI-10002735,Office Supplies,Binders,GBC Prestige Therm-A-Bind Covers,$ 51.47,5,0.7,-39.46 USD
218,CA-2016-130162,28-Oct-2016,11/1/2016,  Standard Class  ,JH-15910,Jonathan Howell,  Consumer  ,United States,Los Angeles,California,,West,OFF-ST-10001328,Office Supplies,Storage,"Personal Filing Tote with Lid, Black/Gray",  $93.06  ,6,0.0,26.0568
3551,CA-2016-152555,2016/03/29 00:00:00,4/2/2016,  Second Class  ,ME-17320,Maria Etezadi,Home Office,United States,Chicago,Illinois,60653.0,central,OFF-PA-10001295,office supplies,Paper,Computer Printout Paper with Letter-Trim Perforations,45.528,3,0.2,  $15.93  
7921,CA-2017-139822,15-Sep-2017,9/21/2017,STANDARD CLASS,Dp-13240,Dean percer,Home Office,United States,Waterbury,Connecticut,,East,TEC-AC-10001090,Technology,Accessories,Micro Innovations Wireless Classic Keyboard with Mouse,59.98 USD,2,0.0,10.80 USD
9352,CA-2016-159009,09/23/2016,9/27/2016,Standard Class,DP-13105,Dave Poirier,Corporate,United States,Seattle,Washington,98115.0,  West  ,FUR-CH-10003396,FURNITURE,Chairs,Global Deluxe Steno Chair,N/A,3,0.2,-20.7846
1035,CA-2016-109820,11/20/2016,11/22/2016,First Class,AG-10390,Allen Goldenen,CONSUMER,United States,Cincinnati,Ohio,45231.0,east,OFF-BI-10003460,  Office Supplies  ,Binders,Acco 3-Hole Punch,  $2.63  ,2,0.7,$ -1.93
9827,US-2014-164406,08/15/2014,8/19/2014,Standard Class,BD-11605,Brian Dahlen,  Consumer  ,United States,San Francisco,California,94122.0,WEST,FUR-CH-10003833,Furniture,Chairs,Novimex Fabric Task Chair,195.136,4,0.2,$ -12.20
2931,CA-2015-168564,2015-08-08,8/8/2015,SAME DAY,TT-21220,,CONSUMER,United States,San Francisco,California,,WEST,OFF-BI-10004970,Office Supplies,Binders,"ACCOHIDE 3-Ring Binder, Blue, 1""",6.608,2,0.2,$ 2.23
7365,CA-2016-127243,28-Nov-2016,12/4/2016,Standard Class,DS-13180,David Smith,Corporate,United States,Philadelphia,Pennsylvania,19140.0,East,OFF-FA-10004076,Office Supplies,Fasteners,Translucent Push Pins by OIC,12.672,8,0.2,2.69 USD
8819,CA-2015-144274,11/23/2015,11/25/2015,Second Class,PW-19240,Pierre Wener,  Consumer  ,United States,Wilmington,Delaware,19805.0,east,OFF-PA-10003441,Office Supplies,Paper,Xerox 226,38.88 USD,6,0.0,18.66 USD
4239,CA-2017-147144,03/26/2017,3/28/2017,first class,MZ-17335,Maria Zettner,home office,United States,Seattle,Washington,98105.0,WEST,OFF-AR-10004587,office supplies,Art,"Boston 1827 Commercial Additional Cutter, Drive Gear & Gear Rack for 1606",19.83,1,0.0,5.949
907,CA-2017-143259,12/30/2017,1/3/2018,  Standard Class  ,PO-18865,Patrick O'Donnell,Consumer,United States,New York City,New York,,East,FUR-BO-10003441,Furniture,Bookcases,"Bush Westfield Collection Bookcases, Fully Assembled",$ 323.14,4,0.2,12.1176
4418,CA-2017-112900,2017/04/09 00:00:00,4/12/2017,second class,KL-16645,Ken Lonsdale,consumer,United States,Detroit,Michigan,48205.0,Central,OFF-BI-10002867,OFFICE SUPPLIES,Binders,GBC Recycled Regency Composition Covers,-,8,0.0,219.9904
5357,CA-2016-138037,2016/09/29 00:00:00,10/3/2016,Standard Class,AR-10540,Andy Reiter,CONSUMER,United States,San Francisco,California,94109.0,  West  ,OFF-BI-10002982,office supplies,Binders,Avery Self-Adhesive Photo Pockets for Polaroid Photos,27.24 USD,5,0.2,N/A
5667,CA-2016-141957,07/21/2016,7/21/2016,Same Day,JG-15310,Jason Gross,CORPORATE,United States,Newark,Ohio,43055.0,  East  ,OFF-ST-10004340,Office Supplies,Storage,"Fellowes Mobile File Cart, Black",  $99.49  ,2,0.2,8.71 USD
4783,CA-2014-159310,2014/11/07 00:00:00,11/12/2014,STANDARD CLASS,SC-20725,Steven Cartwright,consumer,United States,Houston,Texas,77070.0,Central,OFF-SU-10004115,office supplies,Supplies,Acme Stainless Steel Office Snips,40.712,7,0.2,3.5623
6926,CA-2015-137925,30-Nov-2015,12/4/2015,Standard Class,JL-15235,Janet Lee,consumer,United States,New York City,New York,10035.0,East,FUR-BO-10001608,FURNITURE,Bookcases,"Hon Metal Bookcases, Black",681.41 USD,12,0.2,42.59 USD
7757,CA-2017-100902,2017/11/17 00:00:00,11/21/2017,  Standard Class  ,CK-12595,,  Consumer  ,United States,Charlotte,North Carolina,28205.0,South,TEC-AC-10003174,Technology,Accessories,Plantronics S12 Corded Telephone Headset System,431.16,5,0.2,$ 107.79
7594,CA-2016-158778,09/05/2016,9/9/2016,Standard Class,DB-13210,Dean Braden,Consumer,United States,Philadelphia,Pennsylvania,19134.0,East,FUR-CH-10000309,furniture,Chairs,Global Comet Stacking Arm Chair,N/A,3,0.3,$ -63.38
3398,US-2017-148362,2017/07/01 00:00:00,7/8/2017,Standard Class,KF-16285,Karen Ferguson,Home Office,United States,Indianapolis,Indiana,46203.0,Central,OFF-PA-10003441,Office Supplies,Paper,Xerox 226,25.92,4,0.0,12.4416
1596,CA-2017-149181,08-May-2017,5/12/2017,STANDARD CLASS,MD-17350,Maribeth Dona,Consumer,United States,Columbus,Ohio,43229.0,EAST,FUR-CH-10004540,furniture,Chairs,Global Chrome Stack Chair,$ 47.99,2,0.3,$ -2.06
8803,CA-2016-140935,2016-11-10,11/12/2016,FIRST CLASS,AB-10015,Aaron Bergman,CONSUMER,United States,Oklahoma City,Oklahoma,73120.0,  Central  ,FUR-BO-10003966,  Furniture  ,Bookcases,"Sauder Facets Collection Library, Sky Alder Finish",341.96 USD,2,0.0,54.7136
9710,CA-2016-161746,21-Oct-2016,10/27/2016,Standard Class,CS-11950,,Consumer,United States,Los Angeles,California,90045.0,west,OFF-ST-10002743,  Office Supplies  ,Storage,SAFCO Boltless Steel Shelving,$ 340.92,3,0.0,$ 3.41
4865,CA-2017-163531,26-Jun-2017,6/30/2017,  Standard Class  ,SC-20725,Steven Cartwright,Consumer,United States,New York City,New York,10024.0,east,TEC-PH-10001425,Technology,Phones,Mophie Juice Pack Helium for iPhone,$ 239.97,3,0.0,67.19 USD
853,CA-2016-113747,05/28/2016,6/4/2016,Standard Class,VD-21670,Valerie Dominguez,  Consumer  ,United States,Jackson,Mississippi,,South,OFF-AR-10003373,office supplies,Art,"Boston School Pro Electric Pencil Sharpener, 1670",185.88,6,0.0,50.1876
4732,US-2015-103996,2015/03/29 00:00:00,3/31/2015,SECOND CLASS,RB-19435,Richard Bierner,consumer,United States,San Diego,California,,West,OFF-PA-10001609,office supplies,Paper,Tops Wirebound Message Log Books,9.87 USD,3,0.0,$ 4.54
9779,CA-2014-169019,26-Jul-2014,7/30/2014,standard class,LF-17185,Luke Foster,Consumer,United States,San Antonio,Texas,78207.0,central,OFF-BI-10001679,OFFICE SUPPLIES,Binders,GBC Instant Index System for Binding Systems,  $8.88  ,5,0.8,$ -13.32
7794,CA-2015-127481,12-Dec-2015,12/15/2015,Second Class,JD-15895,Jonathan Doherty,Corporate,United States,Las Vegas,Nevada,89115.0,west,OFF-PA-10002036,  Office Supplies  ,Paper,Xerox 1930,32.40 USD,5,0.0,15.876
4760,CA-2014-121573,11/03/2014,11/7/2014,Standard Class,SG-20605,Speros Goranitis,Consumer,United States,New York City,New York,10009.0,EAST,OFF-BI-10000666,Office Supplies,Binders,Surelock Post Binders,$ 48.90,2,0.2,$ 18.34
3083,US-2017-132297,05/27/2017,6/2/2017,  Standard Class  ,DW-13480,Dianna Wilson,Home Office,United States,Louisville,Kentucky,40214.0,South,TEC-PH-10002834,TECHNOLOGY,Phones,Google Nexus 5,539.97,3,0.0,N/A
4924,CA-2017-114055,2017-12-25,12/29/2017,second class,MH-18115,Mick Hernandez,home office,United States,Huntsville,Alabama,35810.0,SOUTH,OFF-PA-10000994,  Office Supplies  ,Paper,Xerox 1915,N/A,6,0.0,  $301.97  
6456,CA-2017-161102,2017-07-31,8/3/2017,First Class,EC-14050,Erin Creighton,Consumer,United States,San Francisco,California,,West,FUR-FU-10003142,Furniture,Furnishings,"Master Big Foot Doorstop, Beige",36.96,7,0.0,11.46 USD
4886,CA-2014-151379,2014/12/16 00:00:00,12/20/2014,Standard Class,SC-20695,Steve Chapman,Corporate,United States,Detroit,Michigan,48227.0,central,OFF-PA-10000595,Office Supplies,Paper,Xerox 1929,$ 114.20,5,0.0,52.532
6312,CA-2014-112837,11-Sep-2014,9/16/2014,STANDARD CLASS,LW-17125,Liz Willingham,  Consumer  ,United States,Oxnard,California,93030.0,West,FUR-FU-10004006,FURNITURE,Furnishings,"Deflect-o DuraMat Lighweight, Studded, Beveled Mat for Low Pile Carpeting",127.95 USD,3,0.0,21.7515
7034,CA-2016-145548,11/11/2016,11/16/2016,Standard Class,EB-13750,,CORPORATE,United States,New York City,New York,10011.0,east,OFF-BI-10001510,Office Supplies,Binders,Deluxe Heavy-Duty Vinyl Round Ring Binder,55.008,3,0.2,17.19
748,CA-2014-124429,05/27/2014,5/27/2014,  Same Day  ,MH-17785,Maya Herman,CORPORATE,United States,San Diego,California,92105.0,  West  ,OFF-ST-10001809,  Office Supplies  ,Storage,Fellowes Officeware Wire Shelving,359.32 USD,4,0.0,  $7.19  
8876,US-2016-141264,08/13/2016,8/19/2016,standard class,CT-11995,Carol Triggs,consumer,United States,Irving,Texas,75061.0,  Central  ,OFF-SU-10003505,  Office Supplies  ,Supplies,Premier Electric Letter Opener,185.38 USD,2,0.2,-34.76 USD
348,CA-2017-134306,07/08/2017,7/12/2017,standard class,TD-20995,Tamara Dahlen,consumer,United States,Lowell,Massachusetts,1852.0,East,OFF-PA-10000249,Office Supplies,Paper,Easy-staple paper,-,2,0.0,$ 11.54
7660,CA-2017-146493,2017-06-01,6/5/2017,STANDARD CLASS,CV-12805,Cynthia Voltz,Corporate,United States,Fremont,Nebraska,68025.0,CENTRAL,OFF-BI-10003676,Office Supplies,Binders,"GBC Standard Recycled Report Covers, Clear Plastic Sheets",53.9,5,0.0,  $25.87  
5361,US-2017-126060,2017/04/14 00:00:00,4/18/2017,STANDARD CLASS,DW-13585,Dorothy Wardle,  Corporate  ,United States,Fayetteville,North Carolina,28314.0,South,FUR-BO-10003433,furniture,Bookcases,Sauder Cornerstone Collection Library,  $198.27  ,8,0.2,-32.22 USD
8658,CA-2014-142769,Pending,9/13/2014,  Same Day  ,RP-19390,Resi Pölking,Consumer,United States,Seattle,Washington,98103.0,west,OFF-AP-10004785,OFFICE SUPPLIES,Appliances,"Holmes Replacement Filter for HEPA Air Cleaner, Medium Room",22.66 USD,2,0.0,9.7438
6941,CA-2017-107132,06/26/2017,6/30/2017,Standard Class,SC-20260,Scott Cohen,CORPORATE,United States,New York City,New York,10009.0,EAST,OFF-SU-10002503,Office Supplies,Supplies,Acme Preferred Stainless Steel Scissors,$ 28.40,5,0.0,$ 8.24
1759,CA-2014-139017,2014-05-11,5/17/2014,standard class,RM-19375,Raymond Messe,  Consumer  ,United States,Houston,Texas,77095.0,  Central  ,TEC-AC-10001013,  Technology  ,Accessories,Logitech ClearChat Comfort/USB Headset H390,46.86 USD,2,0.2,-
2772,CA-2016-163986,09/03/2016,9/10/2016,Standard Class,JJ-15445,Jennifer Jackson,Consumer,United States,Waukesha,Wisconsin,53186.0,central,OFF-ST-10000918,OFFICE SUPPLIES,Storage,Crate-A-Files,54.5,5,0.0,  $14.17  
8566,CA-2016-134110,11/17/2016,11/18/2016,First Class,BG-11035,Barry Gonzalez,consumer,United States,The Colony,Texas,75056.0,Central,TEC-PH-10002350,  Technology  ,Phones,Apple EarPods with Remote and Mic,67.176,3,0.2,6.72 USD
8842,US-2016-112396,2016/02/09 00:00:00,2/13/2016,  Standard Class  ,JR-16210,Justin Ritter,CORPORATE,United States,San Francisco,California,94110.0,WEST,TEC-AC-10003628,Technology,Accessories,Logitech 910-002974 M325 Wireless Mouse for Web Scrolling,89.97 USD,3,0.0,39.5868
8711,CA-2014-119144,11/16/2014,11/18/2014,First Class,JD-16150,Justin Deggeller,CORPORATE,United States,Los Angeles,California,90008.0,West,OFF-ST-10000991,Office Supplies,Storage,Space Solutions HD Industrial Steel Shelving.,-,3,0.0,N/A
3022,CA-2015-123568,11/08/2015,11/14/2015,Standard Class,SC-20095,Sanjit Chand,Consumer,United States,West Jordan,Utah,84084.0,WEST,FUR-FU-10004090,FURNITURE,Furnishings,"Executive Impressions 14"" Contract Wall Clock",$ 66.69,3,0.0,22.0077
7676,CA-2017-133487,2017-05-06,5/9/2017,second class,TS-21655,Trudy Schmidt,  Consumer  ,United States,Rancho Cucamonga,California,,West,OFF-AP-10001271,office supplies,Appliances,Eureka The Boss Cordless Rechargeable Stick Vac,152.94,3,0.0,41.29 USD
5187,US-2015-154389,2015/11/27 00:00:00,12/3/2015,  Standard Class  ,EH-14125,Eugene Hildebrand,  Home Office  ,United States,Philadelphia,Pennsylvania,19140.0,East,TEC-PH-10002789,Technology,Phones,LG Exalt,  $748.75  ,8,0.4,$ -162.23
6106,CA-2015-147011,18-Jun-2015,6/22/2015,Standard Class,HR-14830,Harold Ryan,Corporate,United States,Miami,Florida,33178.0,south,OFF-AR-10002399,  Office Supplies  ,Art,"Dixon Prang Watercolor Pencils, 10-Color Set with Brush",13.63 USD,4,0.2,3.58 USD
2013,CA-2015-155761,11-Dec-2015,12/11/2015,  Same Day  ,SC-20800,Stuart Calhoun,  Consumer  ,United States,Houston,Texas,77041.0,  Central  ,OFF-ST-10000943,office supplies,Storage,Eldon ProFile File 'N Store Portable File Tub Letter/Legal Size Black,$ 46.34,3,0.2,4.63 USD
764,CA-2014-162775,01/13/2014,1/15/2014,second class,CS-12250,Chris Selesnick,Corporate,United States,Bossier City,Louisiana,71111.0,south,OFF-EN-10001990,OFFICE SUPPLIES,Envelopes,Staple envelope,$ 11.36,2,0.0,$ 5.34
9154,US-2015-106873,24-Sep-2015,9/29/2015,second class,KM-16720,Kunst Miller,consumer,United States,Avondale,Arizona,85323.0,West,OFF-AR-10001246,Office Supplies,Art,Newell 317,-,7,0.2,1.8522
4772,US-2014-167262,31-Oct-2014,11/3/2014,second class,AC-10450,Amy Cox,  Consumer  ,United States,Avondale,Arizona,85323.0,West,TEC-PH-10000486,TECHNOLOGY,Phones,Plantronics HL10 Handset Lifter,-,8,0.2,$ 83.51
1223,CA-2016-126004,12/04/2016,12/5/2016,First Class,BM-11140,Becky Martin,consumer,United States,New York City,New York,10024.0,EAST,FUR-FU-10001602,Furniture,Furnishings,"Eldon Delta Triangular Chair Mat, 52"" x 58"", Clear",113.79 USD,3,0.0,20.4822
4369,CA-2017-117044,2017-09-11,9/13/2017,SECOND CLASS,HA-14920,Helen Andreada,CONSUMER,United States,Chicago,Illinois,60623.0,  Central  ,OFF-PA-10003657,Office Supplies,Paper,Xerox 1927,  $20.54  ,6,0.2,6.42
3827,CA-2014-132801,2014/10/07 00:00:00,10/12/2014,  Standard Class  ,JG-15805,John Grady,  Corporate  ,United States,Dallas,Texas,75217.0,CENTRAL,OFF-ST-10001228,office supplies,Storage,"Fellowes Personal Hanging Folder Files, Navy",107.44,10,0.2,10.744
5551,US-2014-159618,11/12/2014,11/16/2014,Standard Class,DB-12970,Darren Budd,  Corporate  ,United States,Houston,Texas,77036.0,Central,OFF-AR-10003183,Office Supplies,Art,Avery Fluorescent Highlighter Four-Color Set,N/A,1,0.2,$ 0.33
4869,CA-2017-122490,2017-11-13,11/18/2017,Standard Class,TT-21070,Ted Trevino,CONSUMER,United States,Seattle,Washington,98103.0,West,OFF-LA-10001613,Office Supplies,Labels,Avery File Folder Labels,$ 8.64,3,0.0,$ 4.23
6339,CA-2017-143112,2017-10-05,10/9/2017,Standard Class,TS-21370,Todd Sumrall,CORPORATE,United States,New York City,New York,10035.0,  East  ,TEC-PH-10003095,Technology,Phones,Samsung HM1900 Bluetooth Headset,  $87.80  ,4,0.0,$ 43.90
3773,CA-2014-115357,06-Aug-2014,8/11/2014,SECOND CLASS,RF-19735,Roland Fjeld,Consumer,United States,Columbia,South Carolina,29203.0,South,TEC-AC-10000023,Technology,Accessories,"Maxell 74 Minute CD-R Spindle, 50/Pack",62.91,3,0.0,$ 22.65
2908,CA-2017-121615,2017/11/03 00:00:00,11/9/2017,Standard Class,DL-12925,Daniel Lacy,consumer,United States,Eagan,Minnesota,55122.0,  Central  ,OFF-ST-10001325,Office Supplies,Storage,Sterilite Officeware Hinged File Box,52.40 USD,5,0.0,14.148
709,CA-2014-112158,02-Dec-2014,12/4/2014,FIRST CLASS,DP-13165,David Philippe,consumer,United States,New York City,New York,10035.0,  East  ,FUR-BO-10003272,furniture,Bookcases,O'Sullivan Living Dimensions 5-Shelf Bookcases,883.92,5,0.2,  $-110.49  
510,CA-2015-145352,2015/03/16 00:00:00,3/22/2015,standard class,CM-12385,Christopher Martinez,  Consumer  ,United States,Atlanta,Georgia,30318.0,South,OFF-BI-10003527,office supplies,Binders,Fellowes PB500 Electric Punch Plastic Comb Binding Machine with Manual Bind,"$ 6,354.95",5,0.0,  $3177.47  
2949,CA-2017-169859,12/14/2017,12/18/2017,Standard Class,MP-18175,Mike Pelletier,home office,United States,San Diego,California,92024.0,West,OFF-EN-10000461,  Office Supplies  ,Envelopes,"#10- 4 1/8"" x 9 1/2"" Recycled Envelopes",43.7,5,0.0,$ 20.54
7522,CA-2016-162383,05-Sep-2016,9/11/2016,Standard Class,MD-17350,Maribeth Dona,Consumer,United States,Lancaster,Ohio,43130.0,East,OFF-BI-10002824,Office Supplies,Binders,Recycled Easel Ring Binders,$ 8.95,2,0.7,  $-7.46  
6327,CA-2014-167927,01/20/2014,1/26/2014,Standard Class,XP-21865,Xylona Preis,  Consumer  ,United States,Westland,Michigan,48185.0,CENTRAL,OFF-ST-10000760,  Office Supplies  ,Storage,Eldon Fold 'N Roll Cart System,-,1,0.0,  $4.05  
4238,CA-2017-104024,2017-08-29,9/3/2017,SECOND CLASS,MD-17860,Michael Dominguez,Corporate,United States,Philadelphia,Pennsylvania,19134.0,East,OFF-AR-10001972,Office Supplies,Art,Newell 323,9.408,7,0.2,$ 0.71
7744,CA-2016-133613,2016-06-17,6/22/2016,STANDARD CLASS,CP-12340,Christine Phan,corporate,United States,Waterbury,Connecticut,,  East  ,OFF-BI-10002003,Office Supplies,Binders,Ibico Presentation Index for Binding Systems,N/A,2,0.0,3.7412
2234,CA-2015-123232,12/14/2015,12/16/2015,SECOND CLASS,DJ-13630,Doug Jacobs,Consumer,United States,Portland,Oregon,97206.0,West,TEC-PH-10001051,Technology,Phones,HTC One,  $319.97  ,4,0.2,-
5205,CA-2015-102015,12-Sep-2015,9/18/2015,STANDARD CLASS,TM-21010,Tamara Manning,  Consumer  ,United States,Auburn,New York,13021.0,EAST,OFF-AR-10004685,  Office Supplies  ,Art,"Binney & Smith Crayola Metallic Colored Pencils, 8-Color Set",9.26 USD,2,0.0,3.06 USD
6816,CA-2014-144414,2014-06-17,6/21/2014,  Standard Class  ,GH-14425,Gary Hwang,CONSUMER,United States,Seattle,Washington,98105.0,West,FUR-FU-10003981,Furniture,Furnishings,Eldon Wave Desk Accessories,6.24 USD,3,0.0,$ 2.62
3606,CA-2017-112956,08/21/2017,8/27/2017,Standard Class,TH-21550,,HOME OFFICE,United States,Columbia,Maryland,21044.0,East,FUR-FU-10004960,Furniture,Furnishings,"Seth Thomas 12"" Clock w/ Goldtone Case",91.92 USD,4,0.0,31.2528
8774,CA-2015-132276,02/23/2015,2/28/2015,  Standard Class  ,LC-16960,Lindsay Castell,home office,United States,New York City,New York,10024.0,East,OFF-AP-10000804,OFFICE SUPPLIES,Appliances,Hoover Portapower Portable Vacuum,$ 26.88,6,0.0,6.72
3853,CA-2017-130526,2017/11/26 00:00:00,11/29/2017,FIRST CLASS,GT-14755,Guy Thornton,Consumer,United States,Rockford,Illinois,61107.0,Central,OFF-BI-10001524,Office Supplies,Binders,GBC Premium Transparent Covers with Diagonal Lined Pattern,  $33.57  ,8,0.8,$ -53.71
4030,CA-2017-124296,12/24/2017,12/28/2017,Standard Class,CS-12355,Christine Sundaresam,Consumer,United States,Lafayette,Louisiana,70506.0,South,TEC-MA-10003183,technology,Machines,DYMO CardScan Personal V9 Business Card Scanner,479.97,3,0.0,239.99 USD
712,CA-2017-146136,Pending,9/7/2017,  Standard Class  ,AP-10915,Arthur Prichep,  Consumer  ,United States,Palm Coast,Florida,32137.0,south,OFF-EN-10001219,  Office Supplies  ,Envelopes,"#10- 4 1/8"" x 9 1/2"" Security-Tint Envelopes",$ 24.45,4,0.2,8.8624
6467,CA-2017-153080,22-May-2017,5/25/2017,Second Class,EH-13945,Eric Hoffmann,Consumer,United States,Los Angeles,California,90008.0,West,TEC-AC-10002331,Technology,Accessories,"Maxell 74 Minute CDR, 10/Pack",68.46,7,0.0,$ 25.33
9124,US-2016-158288,11/26/2016,11/28/2016,second class,EH-13945,Eric Hoffmann,consumer,United States,Philadelphia,Pennsylvania,19120.0,East,OFF-BI-10003364,  Office Supplies  ,Binders,Binding Machine Supplies,  $78.76  ,9,0.7,  $-57.76  
1414,CA-2014-146640,2014-06-30,7/5/2014,standard class,HA-14905,Helen Abelman,Consumer,United States,New York City,New York,10024.0,East,OFF-BI-10002867,Office Supplies,Binders,GBC Recycled Regency Composition Covers,$ 334.77,7,0.2,108.7996
9584,CA-2017-116127,2017/06/25 00:00:00,6/27/2017,Second Class,SB-20185,Sarah Brown,consumer,United States,New York City,New York,10024.0,East,FUR-BO-10002213,furniture,Bookcases,DMI Eclipse Executive Suite Bookcases,400.78 USD,1,0.2,-5.0098
713,US-2017-100048,2017-05-19,5/24/2017,Standard Class,RS-19765,Roland Schwarz,  Corporate  ,United States,Mount Vernon,New York,10550.0,East,OFF-AP-10001154,Office Supplies,Appliances,Bionaire Personal Warm Mist Humidifier/Vaporizer,281.34,6,0.0,$ 109.72
5029,CA-2014-151792,02-Sep-2014,9/7/2014,second class,CV-12295,Christina VanderZanden,  Consumer  ,United States,Chicago,Illinois,60653.0,CENTRAL,TEC-AC-10001606,  Technology  ,Accessories,Logitech Wireless Performance Mouse MX for PC and Mac,239.976,3,0.2,$ 53.99
1246,CA-2014-168494,2014-12-12,12/14/2014,Second Class,NP-18700,Nora Preis,Consumer,United States,Fresno,California,93727.0,West,FUR-TA-10004619,Furniture,Tables,Hon Non-Folding Utility Tables,764.69 USD,6,0.2,$ 95.59
3356,US-2014-150434,19-Jul-2014,7/24/2014,Standard Class,CA-12310,Christine Abelman,corporate,United States,Bristol,Connecticut,6010.0,east,OFF-BI-10003694,  Office Supplies  ,Binders,"Avery 3 1/2"" Diskette Storage Pages, 10/Pack",  $20.88  ,2,0.0,9.60 USD
8127,CA-2015-137064,02/06/2015,2/13/2015,  Standard Class  ,TS-21655,Trudy Schmidt,consumer,United States,Houston,Texas,77070.0,  Central  ,TEC-AC-10003499,TECHNOLOGY,Accessories,Memorex Mini Travel Drive 8 GB USB 2.0 Flash Drive,  $18.53  ,2,0.2,4.40 USD
5124,CA-2014-149538,2014/04/04 00:00:00,4/8/2014,Standard Class,KB-16585,Ken Black,Corporate,United States,Lafayette,Louisiana,70506.0,  South  ,OFF-PA-10002195,  Office Supplies  ,Paper,Xerox 1966,12.96 USD,2,0.0,6.3504
716,CA-2014-153150,Pending,7/6/2014,SECOND CLASS,Dl-13600,Dorris liebe,CORPORATE,United States,Seattle,Washington,98105.0,west,OFF-BI-10003355,office supplies,Binders,Cardinal Holdit Business Card Pockets,  $19.92  ,5,0.2,6.97 USD
6383,CA-2016-127236,03/29/2016,4/2/2016,STANDARD CLASS,TB-21595,Troy Blackwell,consumer,United States,Springfield,Ohio,45503.0,East,TEC-PH-10000141,TECHNOLOGY,Phones,Clearsounds A400,$ 158.38,4,0.4,-
2233,CA-2017-132122,09-Jul-2017,7/14/2017,  Standard Class  ,JH-15820,John Huston,Consumer,United States,Chicago,Illinois,60610.0,Central,OFF-ST-10003692,office supplies,Storage,Recycled Steel Personal File for Hanging File Folders,$ 228.92,5,0.2,  $14.31  
9650,CA-2016-107104,26-Nov-2016,11/30/2016,standard class,MS-17365,Maribeth Schnelling,consumer,United States,Los Angeles,California,90045.0,West,FUR-BO-10002213,furniture,Bookcases,DMI Eclipse Executive Suite Bookcases,3406.664,8,0.15,160.3136
8798,CA-2016-106397,2016-07-07,7/13/2016,  Standard Class  ,MJ-17740,Max Jones,  Consumer  ,United States,Orem,Utah,84057.0,West,OFF-AR-10004602,  Office Supplies  ,Art,Boston KS Multi-Size Manual Pencil Sharpener,-,2,0.0,12.8744
3015,CA-2017-134845,2017-04-17,4/23/2017,STANDARD CLASS,SR-20425,Sharelle Roach,  Home Office  ,United States,Louisville,Colorado,80027.0,west,OFF-PA-10002005,Office Supplies,Paper,Xerox 225,20.736,4,0.2,7.2576
9748,US-2014-140914,2014-11-11,11/15/2014,STANDARD CLASS,BH-11710,Brosina Hoffman,consumer,United States,Chicago,Illinois,60653.0,  Central  ,FUR-FU-10000175,furniture,Furnishings,DAX Wood Document Frame.,10.984,2,0.6,-7.96 USD
213,CA-2015-146262,2015-01-02,1/9/2015,standard class,VW-21775,Victoria Wilson,Corporate,United States,Medina,Ohio,44256.0,East,OFF-LA-10004544,Office Supplies,Labels,Avery 505,  $23.68  ,2,0.2,8.88
6836,CA-2017-142643,15-Oct-2017,10/20/2017,Standard Class,DL-13495,Dionis Lloyd,Corporate,United States,Thousand Oaks,California,91360.0,West,OFF-LA-10003510,Office Supplies,Labels,"Avery 4027 File Folder Labels for Dot Matrix Printers, 5000 Labels per Box, White",  $152.65  ,5,0.0,70.219
7750,CA-2015-133242,18-Jun-2015,6/24/2015,  Standard Class  ,KH-16510,Keith Herrera,  Consumer  ,United States,Arlington,Virginia,22204.0,south,OFF-ST-10003716,Office Supplies,Storage,Tennsco Double-Tier Lockers,450.04,2,0.0,58.51 USD
1011,CA-2014-158540,Pending,11/26/2014,FIRST CLASS,VG-21790,Vivek Gonzalez,Consumer,United States,San Diego,California,92037.0,West,FUR-FU-10001602,Furniture,Furnishings,"Eldon Delta Triangular Chair Mat, 52"" x 58"", Clear",  $151.72  ,4,0.0,27.31 USD
324,CA-2016-162138,2016/04/23 00:00:00,4/27/2016,Standard Class,GK-14620,Grace Kelly,Corporate,United States,Hesperia,California,92345.0,West,OFF-BI-10004593,Office Supplies,Binders,Ibico Laser Imprintable Binding System Covers,251.52,6,0.2,81.74 USD
3299,CA-2017-136308,2017/11/16 00:00:00,11/16/2017,SAME DAY,MW-18235,Mitch Willingham,Corporate,United States,San Francisco,California,,  West  ,TEC-MA-10000488,Technology,Machines,Bady BDG101FRU Card Printer,1919.976,3,0.2,216.00 USD
6594,CA-2016-126795,Pending,6/16/2016,Second Class,GT-14710,Greg Tran,CONSUMER,United States,New York City,New York,10024.0,east,OFF-BI-10001989,Office Supplies,Binders,Premium Transparent Presentation Covers by GBC,33.57 USD,2,0.2,$ 11.75
9118,CA-2017-153045,01/19/2017,1/24/2017,second class,NS-18505,Neola Schneider,consumer,United States,Philadelphia,Pennsylvania,19140.0,east,FUR-CH-10000309,furniture,Chairs,Global Comet Stacking Arm Chair,-,3,0.3,-63.38 USD
335,CA-2015-137946,01-Sep-2015,9/4/2015,Second Class,DB-13615,Doug Bickford,Consumer,United States,Los Angeles,California,90045.0,West,OFF-BI-10001922,Office Supplies,Binders,Storex Dura Pro Binders,  $4.75  ,1,0.2,1.60 USD
6097,CA-2017-100111,2017/09/20 00:00:00,9/26/2017,  Standard Class  ,SV-20365,Seth Vernon,CONSUMER,United States,New York City,New York,10035.0,EAST,FUR-CH-10003061,furniture,Chairs,"Global Leather Task Chair, Black",80.99 USD,1,0.1,8.0991
2856,CA-2017-169810,07/25/2017,7/31/2017,STANDARD CLASS,RB-19360,Raymond Buch,CONSUMER,United States,Sioux Falls,South Dakota,57103.0,  Central  ,OFF-LA-10003663,OFFICE SUPPLIES,Labels,Avery 498,20.23,7,0.0,9.51 USD
1374,US-2014-157021,04/01/2014,4/6/2014,Second Class,KM-16720,Kunst Miller,Consumer,United States,Vallejo,California,94591.0,west,OFF-BI-10000042,  Office Supplies  ,Binders,"Pressboard Data Binder, Crimson, 12"" X 8 1/2""",17.088,4,0.2,5.5536
2226,CA-2016-106383,19-Mar-2016,3/21/2016,  Second Class  ,BT-11440,Bobby Trafton,consumer,United States,Littleton,Colorado,80122.0,  West  ,FUR-BO-10002202,FURNITURE,Bookcases,"Atlantic Metals Mobile 2-Shelf Bookcases, Custom Colors",$ 72.29,1,0.7,N/A
234,US-2017-100930,04/07/2017,4/12/2017,Standard Class,CS-12400,Christopher Schild,home office,United States,Tampa,Florida,33614.0,  South  ,OFF-BI-10001679,Office Supplies,Binders,GBC Instant Index System for Binding Systems,  $5.33  ,2,0.7,-3.552
5480,CA-2014-101770,2014/03/31 00:00:00,4/4/2014,STANDARD CLASS,KB-16240,Karen Bern,corporate,United States,Miami,Florida,33180.0,south,OFF-BI-10001097,  Office Supplies  ,Binders,Avery Hole Reinforcements,1.87 USD,1,0.7,-1.3083
6361,CA-2015-115693,2015-12-10,12/15/2015,Standard Class,FC-14245,Frank Carlisle,home office,United States,Los Angeles,California,90032.0,west,OFF-AR-10003582,Office Supplies,Art,"Boston Electric Pencil Sharpener, Model 1818, Charcoal Black",  $56.30  ,2,0.0,15.76 USD
6688,CA-2015-165162,2015-05-14,5/21/2015,Standard Class,HG-15025,Hunter Glantz,Consumer,United States,Los Angeles,California,90032.0,West,OFF-ST-10003470,  Office Supplies  ,Storage,"Tennsco Snap-Together Open Shelving Units, Starter Sets and Add-On Units",  $1117.92  ,4,0.0,N/A
9908,US-2015-129007,2015-09-13,9/15/2015,First Class,KD-16615,Ken Dana,  Corporate  ,United States,Anaheim,California,92804.0,West,FUR-CH-10000155,  Furniture  ,Chairs,Global Comet Stacking Armless Chair,717.72,3,0.2,N/A
2030,CA-2015-117961,Pending,11/30/2015,Standard Class,GP-14740,Guy Phonely,corporate,United States,Leominster,Massachusetts,1453.0,East,OFF-ST-10001172,OFFICE SUPPLIES,Storage,"Tennsco Lockers, Sand",104.90 USD,5,0.0,25.176
1836,CA-2014-141278,06/21/2014,6/24/2014,FIRST CLASS,RM-19375,Raymond Messe,  Consumer  ,United States,Meriden,Connecticut,6450.0,east,OFF-AR-10003056,  Office Supplies  ,Art,Newell 341,21.4,5,0.0,6.21 USD
1497,CA-2017-152485,2017/09/04 00:00:00,9/8/2017,Standard Class,JD-15790,John Dryer,Consumer,United States,Coppell,Texas,75019.0,  Central  ,OFF-ST-10004950,office supplies,Storage,Acco Perma 3000 Stacking Storage Drawers,16.784,1,0.2,  $-0.21  
2070,CA-2015-133452,04/13/2015,4/19/2015,standard class,ZC-21910,Zuschuss Carroll,CONSUMER,United States,Pomona,California,91767.0,West,FUR-TA-10003954,FURNITURE,Tables,Hon 94000 Series Round Tables,710.832,3,0.2,-97.7394
2485,CA-2017-126067,28-Aug-2017,9/3/2017,  Standard Class  ,KN-16705,Kristina Nunn,Home Office,United States,Seattle,Washington,,west,OFF-BI-10001658,office supplies,Binders,GBC Standard Therm-A-Bind Covers,99.68,5,0.2,  $32.40  
3465,CA-2017-128699,Pending,12/5/2017,Second Class,ND-18370,Natalie DeCherney,Consumer,United States,Jacksonville,Florida,32216.0,South,TEC-AC-10001990,  Technology  ,Accessories,Kensington Orbit Wireless Mobile Trackball for PC and Mac,47.992,1,0.2,7.1988
3264,CA-2014-140662,2014/11/17 00:00:00,11/19/2014,  First Class  ,TS-21205,Thomas Seio,Corporate,United States,San Francisco,California,94109.0,  West  ,OFF-AP-10001242,Office Supplies,Appliances,APC 7 Outlet Network SurgeArrest Surge Protector,241.44 USD,3,0.0,72.432
7402,CA-2016-110009,09/08/2016,9/13/2016,  Standard Class  ,TR-21325,Toby Ritter,Consumer,United States,Seattle,Washington,98103.0,  West  ,OFF-PA-10002615,office supplies,Paper,"Ampad Gold Fibre Wirebound Steno Books, 6"" x 9"", Gregg Ruled",30.87,7,0.0,14.2002
8892,CA-2016-162159,09/16/2016,9/18/2016,first class,CR-12625,Corey Roper,Home Office,United States,Columbus,Georgia,,South,FUR-CH-10001146,Furniture,Chairs,"Global Value Mid-Back Manager's Chair, Gray",121.78,2,0.0,30.45 USD
775,CA-2017-104220,2017/01/30 00:00:00,2/5/2017,standard class,BV-11245,Benjamin Venier,Corporate,United States,Des Moines,Iowa,50315.0,Central,OFF-AR-10004648,Office Supplies,Art,Boston 19500 Mighty Mite Electric Pencil Sharpener,40.30 USD,2,0.0,10.881
4845,US-2014-128685,04/04/2014,4/5/2014,  First Class  ,MZ-17515,Mary Zewe,  Corporate  ,United States,Los Angeles,California,90008.0,West,OFF-BI-10004140,OFFICE SUPPLIES,Binders,Avery Non-Stick Binders,7.18 USD,2,0.2,2.245
872,CA-2015-131128,2015/10/19 00:00:00,10/20/2015,First Class,TB-21520,Tracy Blumstein,  Consumer  ,United States,Concord,New Hampshire,3301.0,east,OFF-PA-10003591,  Office Supplies  ,Paper,Southworth 100% Cotton The Best Paper,34.44,3,0.0,$ 17.22
8311,CA-2014-168312,2014-03-01,3/7/2014,  Standard Class  ,GW-14605,Giulietta Weimer,  Consumer  ,United States,Houston,Texas,77036.0,CENTRAL,FUR-TA-10001866,  Furniture  ,Tables,Bevis Round Conference Room Tables and Bases,376.509,3,0.3,-43.0296
1264,CA-2016-155992,2016/10/01 00:00:00,10/2/2016,First Class,CC-12220,Chris Cortes,consumer,United States,La Porte,Indiana,46350.0,  Central  ,TEC-PH-10000215,technology,Phones,Plantronics Cordless Phone Headset with In-line Volume - M214C,  $69.90  ,2,0.0,18.87 USD
4826,CA-2016-140018,2016-11-21,11/26/2016,Standard Class,CK-12205,Chloris Kastensmidt,CONSUMER,United States,Columbus,Ohio,43229.0,EAST,FUR-FU-10001876,FURNITURE,Furnishings,"Computer Room Manger, 14""",-,3,0.2,  $15.59  
9322,US-2016-111563,04-Nov-2016,11/8/2016,Standard Class,SM-20005,Sally Matthias,CONSUMER,United States,Houston,Texas,77041.0,  Central  ,FUR-FU-10002445,FURNITURE,Furnishings,"DAX Two-Tone Rosewood/Black Document Frame, Desktop, 5 x 7",11.38 USD,3,0.6,N/A
6560,CA-2016-160941,07/21/2016,7/26/2016,Standard Class,DK-12835,Damala Kotsonis,corporate,United States,Roseville,California,95661.0,WEST,OFF-EN-10003001,office supplies,Envelopes,Ames Color-File Green Diamond Border X-ray Mailers,419.9,5,0.0,197.353
5749,CA-2016-113733,12/08/2016,12/12/2016,  Standard Class  ,LH-16900,Lena Hernandez,  Consumer  ,United States,Greenville,North Carolina,27834.0,South,TEC-AC-10004877,Technology,Accessories,Imation 30456 USB Flash Drive 8GB,16.56 USD,3,0.2,$ -2.48
1892,CA-2014-157623,03/14/2014,3/18/2014,standard class,DK-13225,Dean Katz,CORPORATE,United States,Huntington Beach,California,92646.0,  West  ,OFF-AR-10003723,Office Supplies,Art,Avery Hi-Liter Fluorescent Desk Style Markers,$ 3.38,1,0.0,N/A
1221,CA-2014-110184,2014-07-12,7/16/2014,standard class,BF-11170,Ben Ferrer,home office,United States,Los Angeles,California,90036.0,  West  ,OFF-ST-10000107,Office Supplies,Storage,Fellowes Super Stor/Drawer,249.75,9,0.0,$ 44.95
1495,CA-2014-123925,17-Dec-2014,12/19/2014,  Second Class  ,RF-19840,Roy Französisch,CONSUMER,United States,Columbus,Georgia,,South,OFF-AR-10002952,Office Supplies,Art,Stanley Contemporary Battery Pencil Sharpeners,40.05,3,0.0,11.214
8144,CA-2016-100993,2016-02-05,2/10/2016,  Standard Class  ,AZ-10750,Annie Zypern,Consumer,United States,San Diego,California,92037.0,WEST,FUR-TA-10001095,furniture,Tables,Chromcraft Round Conference Tables,  $557.73  ,4,0.2,  $6.97  
409,CA-2017-117457,12/08/2017,12/12/2017,standard class,KH-16510,Keith Herrera,Consumer,United States,San Francisco,California,94110.0,west,FUR-TA-10002041,Furniture,Tables,"Bevis Round Conference Table Top, X-Base","$ 1,004.02",7,0.2,$ -112.95
2190,CA-2017-143063,08/10/2017,8/15/2017,STANDARD CLASS,IL-15100,,CONSUMER,United States,Columbus,Indiana,47201.0,  Central  ,TEC-PH-10003645,  Technology  ,Phones,Aastra 57i VoIP phone,"1,454.49 USD",9,0.0,378.1674
2237,CA-2015-145849,2015/09/15 00:00:00,9/17/2015,  Second Class  ,CT-11995,Carol Triggs,  Consumer  ,United States,Indianapolis,Indiana,46203.0,CENTRAL,OFF-AR-10000817,office supplies,Art,Manco Dry-Lighter Erasable Highlighter,24.32,8,0.0,8.2688
7442,CA-2015-120446,2015/11/16 00:00:00,11/18/2015,first class,JG-15805,John Grady,corporate,United States,San Diego,California,92105.0,west,OFF-LA-10003148,  Office Supplies  ,Labels,Avery 51,18.9,3,0.0,8.694
6293,CA-2015-151253,22-Apr-2015,4/26/2015,STANDARD CLASS,AZ-10750,Annie Zypern,  Consumer  ,United States,Los Angeles,California,90008.0,WEST,TEC-PH-10002923,  Technology  ,Phones,"Logitech B530 USB Headset - headset - Full size, Binaural",88.776,3,0.2,7.7679
1563,US-2017-102890,2017-06-30,6/30/2017,SAME DAY,SG-20470,Sheri Gordon,Consumer,United States,New York City,New York,10011.0,  East  ,FUR-TA-10000577,Furniture,Tables,Bretford CR4500 Series Slim Rectangular Table,"1,044.63 USD",5,0.4,-295.98 USD
8592,CA-2017-101700,2017/04/23 00:00:00,4/26/2017,First Class,SO-20335,Sean O'Donnell,CONSUMER,United States,Greeley,Colorado,80634.0,West,OFF-EN-10003134,OFFICE SUPPLIES,Envelopes,Staple envelope,18.688,2,0.2,7.008
9109,CA-2015-132941,2015-05-25,5/28/2015,First Class,MM-18280,Muhammed MacIntyre,  Corporate  ,United States,Haltom City,Texas,76117.0,  Central  ,OFF-PA-10002160,OFFICE SUPPLIES,Paper,Xerox 1978,32.368,7,0.2,11.7334
6537,CA-2014-169684,2014-10-20,10/23/2014,First Class,FH-14365,Fred Hopkins,Corporate,United States,Knoxville,Tennessee,37918.0,  South  ,FUR-TA-10003008,Furniture,Tables,"Lesro Round Back Collection Coffee Table, End Table",-,3,0.4,-147.87 USD
2886,US-2016-159856,18-Oct-2016,10/22/2016,STANDARD CLASS,EP-13915,Emily Phan,Consumer,United States,Tempe,Arizona,85281.0,West,FUR-CH-10003396,furniture,Chairs,Global Deluxe Steno Chair,N/A,5,0.2,$ -34.64
6070,CA-2017-166695,05/20/2017,5/24/2017,standard class,CC-12430,Chuck Clark,  Home Office  ,United States,Lakewood,California,90712.0,west,TEC-MA-10003176,Technology,Machines,Okidata B400 Printer,  $343.20  ,1,0.2,38.61
4059,CA-2015-124058,20-Nov-2015,11/24/2015,Standard Class,LC-16885,Lena Creighton,consumer,United States,Oakland,California,94601.0,West,TEC-PH-10004774,TECHNOLOGY,Phones,Gear Head AU3700S Headset,$ 72.74,7,0.2,$ -15.46
3182,CA-2017-152912,2017/11/09 00:00:00,11/12/2017,second class,BM-11650,Brian Moss,Corporate,United States,Columbia,Maryland,21044.0,east,OFF-BI-10004728,  Office Supplies  ,Binders,Wilson Jones Turn Tabs Binder Tool for Ring Binders,9.64,2,0.0,4.43 USD
2408,CA-2017-144589,20-Jan-2017,1/25/2017,Standard Class,TM-21010,Tamara Manning,  Consumer  ,United States,San Francisco,California,94122.0,West,OFF-AR-10003631,Office Supplies,Art,Staples in misc. colors,24.2,5,0.0,$ 7.99
9270,US-2017-102183,08/21/2017,8/28/2017,Standard Class,PK-19075,Pete Kriz,Consumer,United States,New York City,New York,10035.0,EAST,OFF-BI-10003476,office supplies,Binders,Avery Metallic Poly Binders,-,7,0.2,$ 11.23
1733,US-2016-131149,2016/07/10 00:00:00,7/14/2016,Standard Class,LH-17155,,consumer,United States,Dallas,Texas,75081.0,Central,OFF-ST-10000689,Office Supplies,Storage,"Fellowes Strictly Business Drawer File, Letter/Legal Size",  $338.04  ,3,0.2,$ -33.80
5598,CA-2017-151176,13-Feb-2017,2/20/2017,Standard Class,SV-20785,Stewart Visinsky,Consumer,United States,Baltimore,Maryland,21215.0,east,OFF-SU-10001165,  Office Supplies  ,Supplies,Acme Elite Stainless Steel Scissors,25.02,3,0.0,6.5052
9939,CA-2016-169824,12/12/2016,12/17/2016,  Standard Class  ,NS-18640,Noel Staavos,corporate,United States,New York City,New York,10009.0,east,FUR-FU-10004864,FURNITURE,Furnishings,Eldon 500 Class Desk Accessories,60.35 USD,5,0.0,19.9155
2021,CA-2016-168354,09/19/2016,9/21/2016,  First Class  ,RH-19510,Rick Huthwaite,Home Office,United States,Providence,Rhode Island,2908.0,East,OFF-ST-10001490,OFFICE SUPPLIES,Storage,"Hot File 7-Pocket, Floor Stand","$ 1,606.23",9,0.0,481.869
7069,CA-2016-114209,05/21/2016,5/26/2016,  Standard Class  ,AS-10285,Alejandro Savely,Corporate,United States,Dallas,Texas,75081.0,Central,OFF-PA-10003591,Office Supplies,Paper,Southworth 100% Cotton The Best Paper,82.656,9,0.2,  $31.00  
9774,CA-2016-160234,06/26/2016,7/3/2016,STANDARD CLASS,PF-19225,Phillip Flathmann,Consumer,United States,Atlanta,Georgia,30318.0,South,TEC-PH-10004434,  Technology  ,Phones,Cisco IP Phone 7961G VoIP phone - Dark gray,135.95,1,0.0,$ 39.43
1684,CA-2016-147585,11/07/2016,11/12/2016,standard class,CB-12535,Claudia Bergmann,corporate,United States,San Francisco,California,94110.0,West,FUR-FU-10002597,furniture,Furnishings,"C-Line Magnetic Cubicle Keepers, Clear Polypropylene",14.82 USD,3,0.0,6.2244
1607,US-2016-115819,2016/04/19 00:00:00,4/24/2016,Second Class,JO-15280,Jas O'Carroll,consumer,United States,Los Angeles,California,90049.0,  West  ,OFF-AR-10004456,OFFICE SUPPLIES,Art,Panasonic KP-4ABK Battery-Operated Pencil Sharpener,$ 73.20,5,0.0,21.228
5815,US-2015-106495,06/15/2015,6/17/2015,  First Class  ,AC-10450,Amy Cox,Consumer,United States,Tampa,Florida,33614.0,South,TEC-AC-10002718,  Technology  ,Accessories,Belkin Standard 104 key USB Keyboard,  $11.67  ,1,0.2,-
2109,CA-2015-164882,10/31/2015,10/31/2015,Same Day,SG-20080,Sandra Glassco,Consumer,United States,Redlands,California,92374.0,West,OFF-BI-10004519,office supplies,Binders,GBC DocuBind P100 Manual Binding Machine,398.35 USD,3,0.2,$ 124.48
3782,CA-2015-135314,2015-07-09,7/14/2015,Second Class,MC-17575,,Consumer,United States,Philadelphia,Pennsylvania,,East,TEC-PH-10003072,  Technology  ,Phones,Panasonic KX-TG9541B DECT 6.0 Digital 2-Line Expandable Cordless Phone With Digital Answering System,269.98 USD,3,0.4,$ 40.50
3873,CA-2015-132486,10/23/2015,10/27/2015,second class,JF-15355,Jay Fein,  Consumer  ,United States,San Diego,California,92105.0,West,FUR-CH-10001854,furniture,Chairs,Office Star - Professional Matrix Back Chair with 2-to-1 Synchro Tilt and Mesh Fabric Seat,842.35 USD,3,0.2,$ 42.12
7317,CA-2016-132066,Pending,10/20/2016,standard class,NB-18655,Nona Balk,  Corporate  ,United States,New York City,New York,10011.0,East,FUR-TA-10001539,Furniture,Tables,Chromcraft Rectangular Conference Tables,N/A,1,0.4,N/A
7840,US-2014-137869,03/28/2014,4/2/2014,Standard Class,CV-12295,Christina VanderZanden,  Consumer  ,United States,Des Moines,Iowa,50315.0,central,OFF-EN-10001509,Office Supplies,Envelopes,Poly String Tie Envelopes,6.12,3,0.0,2.8764
4171,CA-2015-100216,Pending,4/14/2015,  First Class  ,HJ-14875,Heather Jas,Home Office,United States,Mesa,Arizona,85204.0,  West  ,OFF-PA-10002968,office supplies,Paper,Xerox 1973,54.816,3,0.2,17.8152
4186,CA-2016-111493,2016-10-21,10/22/2016,FIRST CLASS,CM-12160,Charles McCrossin,consumer,United States,Baltimore,Maryland,,East,TEC-AC-10004510,Technology,Accessories,Logitech Desktop MK120 Mouse and keyboard Combo,98.16,6,0.0,-
5885,CA-2016-136301,03/13/2016,3/15/2016,second class,EH-13765,Edward Hooks,corporate,United States,San Francisco,California,94109.0,  West  ,OFF-SU-10000151,Office Supplies,Supplies,High Speed Automatic Electric Letter Opener,"$ 4,912.59",3,0.0,196.5036
4538,CA-2017-138464,07/08/2017,7/12/2017,  Standard Class  ,VF-21715,Vicky Freymann,Home Office,United States,Seattle,Washington,98115.0,West,OFF-AR-10003560,OFFICE SUPPLIES,Art,Zebra Zazzle Fluorescent Highlighters,18.24 USD,3,0.0,N/A
2261,CA-2015-117611,Pending,11/10/2015,second class,MZ-17335,Maria Zettner,HOME OFFICE,United States,San Diego,California,92024.0,West,TEC-AC-10002049,Technology,Accessories,Logitech G19 Programmable Gaming Keyboard,371.97 USD,3,0.0,66.9546
1661,CA-2017-127285,2017/10/30 00:00:00,11/6/2017,STANDARD CLASS,MM-18055,,  Consumer  ,United States,Seattle,Washington,98115.0,west,OFF-BI-10002072,Office Supplies,Binders,Cardinal Slant-D Ring Binders,13.904,2,0.2,5.21 USD
3650,CA-2015-168459,2015-11-22,11/27/2015,standard class,MC-17275,Marc Crier,CONSUMER,United States,Memphis,Tennessee,38109.0,south,OFF-FA-10004854,Office Supplies,Fasteners,"Vinyl Coated Wire Paper Clips in Organizer Box, 800/Box",55.10 USD,6,0.2,  $18.60  
6310,CA-2016-163328,04-Nov-2016,11/6/2016,SECOND CLASS,TP-21565,Tracy Poddar,corporate,United States,Eugene,Oregon,97405.0,West,OFF-LA-10003930,Office Supplies,Labels,"Dot Matrix Printer Tape Reel Labels, White, 5000/Box",629.18 USD,8,0.2,$ 228.08
746,US-2016-146710,2016-08-27,9/1/2016,Standard Class,SS-20875,Sung Shariari,  Consumer  ,United States,Dallas,Texas,75220.0,Central,OFF-SU-10004261,  Office Supplies  ,Supplies,"Fiskars 8"" Scissors, 2/Pack",55.168,4,0.2,6.2064
711,CA-2014-113887,2014-04-05,4/7/2014,First Class,TH-21550,Tracy Hopkins,Home Office,United States,New York City,New York,10035.0,East,OFF-PA-10004071,Office Supplies,Paper,"Eaton Premium Continuous-Feed Paper, 25% Cotton, Letter Size, White, 1000 Shts/Box",55.48,1,0.0,26.6304
380,CA-2015-130792,28-Apr-2015,5/5/2015,Standard Class,RA-19915,Russell Applegate,  Consumer  ,United States,Houston,Texas,77095.0,  Central  ,OFF-ST-10003327,office supplies,Storage,Akro-Mils 12-Gallon Tote,$ 23.83,3,0.2,2.68 USD
8696,CA-2017-127096,09/15/2017,9/17/2017,Second Class,CS-12400,Christopher Schild,Home Office,United States,San Francisco,California,94109.0,West,FUR-TA-10003473,furniture,Tables,Bretford Rectangular Conference Table Tops,300.90 USD,1,0.2,$ 11.28
4642,CA-2017-130141,2017-10-22,10/24/2017,SECOND CLASS,HA-14905,Helen Abelman,Consumer,United States,Fort Collins,Colorado,80525.0,West,OFF-BI-10000831,office supplies,Binders,Storex Flexible Poly Binders with Double Pockets,3.168,4,0.7,-2.5344
8853,CA-2014-119977,2014/10/08 00:00:00,10/13/2014,Second Class,DN-13690,Duane Noonan,consumer,United States,New York City,New York,,EAST,OFF-PA-10003823,OFFICE SUPPLIES,Paper,Xerox 197,$ 123.92,4,0.0,55.76 USD
7137,CA-2015-163965,2015-11-20,11/27/2015,standard class,SS-20875,Sung Shariari,Consumer,United States,Miami,Florida,33180.0,SOUTH,OFF-BI-10004728,OFFICE SUPPLIES,Binders,Wilson Jones Turn Tabs Binder Tool for Ring Binders,7.23,5,0.7,N/A
4217,CA-2015-111234,02/18/2015,2/22/2015,Standard Class,AB-10600,Ann Blume,Corporate,United States,Los Angeles,California,90004.0,WEST,OFF-LA-10002271,  Office Supplies  ,Labels,Smead Alpha-Z Color-Coded Second Alphabetical Labels and Starter Set,9.24 USD,3,0.0,4.4352
9678,CA-2016-144785,04/18/2016,4/23/2016,Standard Class,CS-12490,Cindy Schnelling,corporate,United States,New York City,New York,10009.0,east,OFF-AR-10001573,office supplies,Art,American Pencil,6.99,3,0.0,2.03 USD
3880,CA-2014-151001,04/05/2014,4/7/2014,First Class,JG-15805,John Grady,Corporate,United States,Decatur,Illinois,62521.0,central,OFF-ST-10001031,Office Supplies,Storage,Adjustable Personal File Tote,  $52.10  ,4,0.2,3.9072
6146,CA-2014-133543,2014-12-22,12/26/2014,Standard Class,KM-16660,Khloe Miller,CONSUMER,United States,San Jose,California,95123.0,West,OFF-AR-10003394,OFFICE SUPPLIES,Art,Newell 332,  $11.76  ,4,0.0,3.1752
2998,CA-2014-138317,2014-06-21,6/25/2014,  Standard Class  ,NW-18400,Natalie Webber,Consumer,United States,Philadelphia,Pennsylvania,19120.0,east,FUR-FU-10000550,furniture,Furnishings,Stacking Trays by OIC,3.984,1,0.2,0.6474
7937,CA-2017-166093,17-Aug-2017,8/24/2017,standard class,RW-19540,Rick Wilson,Corporate,United States,Brentwood,California,94513.0,West,OFF-BI-10000174,OFFICE SUPPLIES,Binders,"Wilson Jones Clip & Carry Folder Binder Tool for Ring Binders, Clear",13.92,3,0.2,4.87 USD
7050,CA-2014-141355,09/25/2014,9/30/2014,Standard Class,BF-11005,Barry Franz,  Home Office  ,United States,Aurora,Colorado,80013.0,west,OFF-AR-10003179,office supplies,Art,Dixon Ticonderoga Core-Lock Colored Pencils,14.58 USD,2,0.2,-
6635,CA-2017-144498,Pending,5/6/2017,same day,MB-18085,Mick Brown,Consumer,United States,Charlotte,North Carolina,28205.0,South,OFF-BI-10003982,Office Supplies,Binders,Wilson Jones Century Plastic Molded Ring Binders,N/A,11,0.7,-52.55 USD
8890,CA-2016-147256,10/17/2016,10/21/2016,Second Class,FC-14245,Frank Carlisle,Home Office,United States,Columbia,Missouri,65203.0,Central,TEC-PH-10003072,Technology,Phones,Panasonic KX-TG9541B DECT 6.0 Digital 2-Line Expandable Cordless Phone With Digital Answering System,449.97 USD,3,0.0,220.4853
1314,US-2016-134488,2016-09-24,10/1/2016,Standard Class,PK-19075,,  Consumer  ,United States,Columbus,Ohio,43229.0,EAST,FUR-CH-10003199,FURNITURE,Chairs,Office Star - Contemporary Task Swivel Chair,N/A,2,0.3,$ -13.32
5232,CA-2017-124436,03/19/2017,3/22/2017,second class,SA-20830,Sue Ann Reed,CONSUMER,United States,Fresno,California,93727.0,WEST,FUR-FU-10001185,furniture,Furnishings,"Advantus Employee of the Month Certificate Frame, 11 x 13-1/2",$ 30.93,1,0.0,12.6813
6595,CA-2015-146290,2015/05/04 00:00:00,5/11/2015,Standard Class,SV-20815,Stuart Van,  Corporate  ,United States,Indianapolis,Indiana,46203.0,Central,OFF-AR-10001897,  Office Supplies  ,Art,Model L Table or Wall-Mount Pencil Sharpener,125.93 USD,7,0.0,35.2604
4068,CA-2014-102673,11/01/2014,11/5/2014,Standard Class,KH-16630,Ken Heidel,Corporate,United States,Charlotte,North Carolina,28205.0,  South  ,OFF-LA-10001771,Office Supplies,Labels,Avery 513,$ 47.81,12,0.2,15.54 USD
6142,CA-2017-121083,2017-07-09,7/15/2017,standard class,JF-15190,Jamie Frazer,Consumer,United States,Manchester,Connecticut,6040.0,East,OFF-ST-10002554,OFFICE SUPPLIES,Storage,Tennsco Industrial Shelving,195.64,4,0.0,3.9128
4190,CA-2016-157714,09/26/2016,10/1/2016,second class,CS-12175,Charles Sheldon,corporate,United States,Iowa City,Iowa,52240.0,CENTRAL,OFF-PA-10004022,Office Supplies,Paper,Hammermill Color Copier Paper (28Lb. and 96 Bright),9.99,1,0.0,4.4955
1286,CA-2016-119445,2016-06-26,7/3/2016,  Standard Class  ,GM-14500,Gene McClure,Consumer,United States,Providence,Rhode Island,2908.0,EAST,OFF-ST-10000617,  Office Supplies  ,Storage,Woodgrain Magazine Files by Perma,$ 14.90,5,0.0,$ 1.04
4376,CA-2014-166954,2014-04-25,4/30/2014,STANDARD CLASS,BT-11305,Beth Thompson,home office,United States,San Gabriel,California,91776.0,West,FUR-FU-10003708,furniture,Furnishings,"Tenex Traditional Chairmats for Medium Pile Carpet, Standard Lip, 36"" x 48""",303.25,5,0.0,63.6825
8193,CA-2015-141327,30-Nov-2015,12/3/2015,first class,LR-16915,Lena Radford,consumer,United States,Durham,North Carolina,27707.0,SOUTH,OFF-BI-10000546,Office Supplies,Binders,Avery Durable Binders,N/A,7,0.7,$ -4.23
1350,CA-2014-118339,2014-03-17,3/24/2014,standard class,BN-11515,Bradley Nguyen,consumer,United States,Lakeville,Minnesota,55044.0,central,OFF-BI-10000136,OFFICE SUPPLIES,Binders,Avery Non-Stick Heavy Duty View Round Locking Ring Binders,35.88 USD,6,0.0,$ 17.22
7177,US-2017-141677,26-Mar-2017,3/30/2017,  Standard Class  ,HK-14890,Heather Kirkland,CORPORATE,United States,Houston,Texas,77070.0,central,OFF-ST-10000344,Office Supplies,Storage,"Neat Ideas Personal Hanging Folder Files, Black",$ 32.23,3,0.2,2.4174
9393,CA-2015-130848,2015-10-25,10/25/2015,Same Day,DG-13300,Deirdre Greer,corporate,United States,Denver,Colorado,80219.0,West,FUR-CH-10000422,Furniture,Chairs,Global Highback Leather Tilter in Burgundy,582.34 USD,8,0.2,-
4221,CA-2017-134565,06/11/2017,6/13/2017,Second Class,TB-21400,Tom Boeckenhauer,consumer,United States,Seattle,Washington,98103.0,west,OFF-BI-10001759,  Office Supplies  ,Binders,"Acco Pressboard Covers with Storage Hooks, 14 7/8"" x 11"", Dark Blue",18.288,6,0.2,6.6294
5618,CA-2017-125745,2017-06-30,7/4/2017,Standard Class,DV-13045,Darrin Van Huff,Corporate,United States,Memphis,Tennessee,38109.0,South,FUR-FU-10001591,Furniture,Furnishings,Advantus Panel Wall Certificate Holder - 8.5x11,N/A,2,0.2,-
428,CA-2014-101476,2014-09-12,9/13/2014,first class,SD-20485,Shirley Daniels,home office,United States,New Rochelle,New York,10801.0,east,TEC-MA-10000029,  Technology  ,Machines,"Epson WorkForce WF-2530 All-in-One Printer, Copier Scanner",69.99 USD,1,0.0,30.0957
654,CA-2017-140844,2017-06-19,6/23/2017,Standard Class,AR-10405,Allen Rosenblatt,Corporate,United States,New York City,New York,10035.0,EAST,TEC-AC-10001101,  Technology  ,Accessories,Sony 16GB Class 10 Micro SDHC R40 Memory Card,103.12 USD,8,0.0,10.312
7991,US-2016-117793,2016-08-23,8/29/2016,  Standard Class  ,MA-17560,Matt Abelman,  Home Office  ,United States,Sheboygan,Wisconsin,53081.0,Central,TEC-AC-10003433,Technology,Accessories,Maxell 4.7GB DVD+R 5/Pack,$ 1.98,2,0.0,$ 0.89
4503,CA-2014-116757,30-Jun-2014,7/4/2014,Standard Class,MS-17980,Michael Stewart,corporate,United States,Houston,Texas,77095.0,  Central  ,OFF-FA-10002815,  Office Supplies  ,Fasteners,Staples,21.312,6,0.2,7.19 USD
7721,CA-2015-108588,01/05/2015,1/10/2015,Standard Class,BG-11695,Brooke Gillingham,CORPORATE,United States,New York City,New York,10009.0,east,OFF-EN-10000461,office supplies,Envelopes,"#10- 4 1/8"" x 9 1/2"" Recycled Envelopes",17.48,2,0.0,8.2156
3239,US-2016-127971,11/20/2016,11/27/2016,STANDARD CLASS,DW-13195,David Wiener,corporate,United States,Houston,Texas,77095.0,central,FUR-CH-10003774,Furniture,Chairs,"Global Wood Trimmed Manager's Task Chair, Khaki",$ 318.43,5,0.3,  $-77.33  
7359,US-2014-115189,30-Dec-2014,1/3/2015,Second Class,AR-10345,Alex Russell,Corporate,United States,Philadelphia,Pennsylvania,19143.0,East,TEC-PH-10002170,technology,Phones,ClearSounds CSC500 Amplified Spirit Phone Corded phone,251.96 USD,6,0.4,-50.3928
8952,CA-2017-150910,2017-12-22,12/28/2017,Standard Class,JL-15130,Jack Lebron,  Consumer  ,United States,Jackson,Tennessee,38301.0,South,OFF-ST-10000918,Office Supplies,Storage,Crate-A-Files,$ 26.16,3,0.2,1.962
3708,CA-2014-120544,11/23/2014,11/27/2014,Standard Class,SS-20140,Saphhira Shifley,CORPORATE,United States,Mesquite,Texas,75150.0,  Central  ,FUR-FU-10001940,  Furniture  ,Furnishings,Staple-based wall hangings,6.37 USD,2,0.6,-2.5472
5372,US-2017-136721,04/08/2017,4/12/2017,STANDARD CLASS,NH-18610,Nicole Hansen,CORPORATE,United States,Oak Park,Michigan,48237.0,  Central  ,FUR-FU-10004188,FURNITURE,Furnishings,Luxo Professional Combination Clamp-On Lamps,-,3,0.0,79.794
2139,US-2017-157896,2017/11/16 00:00:00,11/16/2017,SAME DAY,CB-12415,Christy Brittain,Consumer,United States,New York City,New York,10009.0,EAST,OFF-PA-10004092,Office Supplies,Paper,Tops Green Bar Computer Printout Paper,N/A,3,0.0,73.41 USD
612,CA-2016-161816,04/28/2016,5/1/2016,first class,NB-18655,Nona Balk,CORPORATE,United States,Dallas,Texas,75217.0,Central,OFF-LA-10004345,OFFICE SUPPLIES,Labels,Avery 493,15.712,4,0.2,5.6956
3406,US-2014-150119,2014-04-23,4/27/2014,Standard Class,LB-16795,Laurel Beltran,  Home Office  ,United States,Columbus,Ohio,43229.0,EAST,FUR-CH-10002965,FURNITURE,Chairs,"Global Leather Highback Executive Chair with Pneumatic Height Adjustment, Black",281.37 USD,2,0.3,-12.06 USD
5653,CA-2017-109099,10/06/2017,10/11/2017,Standard Class,MM-18280,Muhammed MacIntyre,corporate,United States,New York City,New York,10009.0,  East  ,OFF-PA-10001033,Office Supplies,Paper,Xerox 1893,40.99,1,0.0,20.0851
8215,CA-2015-120845,Pending,10/2/2015,Standard Class,ML-17395,Marina Lichtenstein,Corporate,United States,Murfreesboro,Tennessee,37130.0,  South  ,OFF-PA-10004665,OFFICE SUPPLIES,Paper,Advantus Motivational Note Cards,$ 10.48,1,0.2,$ 3.80
6385,US-2017-104661,Pending,1/18/2017,  First Class  ,TB-21250,,Consumer,United States,Austin,Texas,78745.0,  Central  ,TEC-AC-10003628,  Technology  ,Accessories,Logitech 910-002974 M325 Wireless Mouse for Web Scrolling,47.984,2,0.2,N/A
7430,US-2014-164763,03/17/2014,3/21/2014,Standard Class,MH-17440,Mark Haberlin,Corporate,United States,Jackson,Mississippi,39212.0,  South  ,OFF-PA-10003349,  Office Supplies  ,Paper,Xerox 1957,12.96,2,0.0,N/A
9936,CA-2016-114405,04/07/2016,4/12/2016,STANDARD CLASS,AS-10240,Alan Shonely,Consumer,United States,Philadelphia,Pennsylvania,19120.0,east,OFF-ST-10001627,office supplies,Storage,Eldon Jumbo ProFile Portable File Boxes Graphite/Black,  $36.74  ,3,0.2,3.6744
555,CA-2017-100650,2017/06/29 00:00:00,7/3/2017,Second Class,DK-13225,Dean Katz,CORPORATE,United States,Anaheim,California,92804.0,West,OFF-ST-10001780,  Office Supplies  ,Storage,Tennsco 16-Compartment Lockers with Coat Rack,1295.78,2,0.0,310.99 USD
5915,US-2015-126977,17-Sep-2015,9/23/2015,STANDARD CLASS,PF-19120,Peter Fuller,CONSUMER,United States,New York City,New York,10035.0,  East  ,OFF-LA-10002762,office supplies,Labels,Avery 485,$ 87.71,7,0.0,41.22 USD
512,CA-2017-135307,2017-11-26,11/27/2017,  First Class  ,LS-17245,Lynn Smith,Consumer,United States,Gladstone,Missouri,64118.0,Central,TEC-AC-10002399,Technology,Accessories,SanDisk Cruzer 32 GB USB Flash Drive,$ 38.04,2,0.0,12.17 USD
1964,CA-2017-110905,09/10/2017,9/15/2017,Second Class,RW-19690,Robert Waldorf,  Consumer  ,United States,Springfield,Missouri,65807.0,central,OFF-PA-10002586,Office Supplies,Paper,Xerox 1970,24.9,5,0.0,N/A
8424,CA-2017-150091,Pending,10/16/2017,STANDARD CLASS,NP-18670,Nora Paige,Consumer,United States,Lakewood,New Jersey,8701.0,east,FUR-FU-10004053,furniture,Furnishings,DAX Two-Tone Silver Metal Document Frame,$ 40.48,2,0.0,17.4064
968,CA-2017-135279,2017-04-09,4/11/2017,first class,BS-11800,Bryan Spruell,  Home Office  ,United States,New York City,New York,,EAST,OFF-PA-10001281,Office Supplies,Paper,Computer Printout Paper with Letter-Trim Fine Perforations,191.6,4,0.0,91.968
6832,US-2017-123204,2017-07-21,7/27/2017,STANDARD CLASS,CS-11860,Cari Schnelling,  Consumer  ,United States,New York City,New York,10024.0,EAST,OFF-AP-10002287,Office Supplies,Appliances,"Eureka Sanitaire  Multi-Pro Heavy-Duty Upright, Disposable Bags",17.48 USD,4,0.0,  $4.54  
2964,CA-2017-137428,2017-12-16,12/21/2017,Second Class,AY-10555,Andy Yotov,  Corporate  ,United States,Oceanside,California,92054.0,  West  ,FUR-CH-10003817,furniture,Chairs,"Global Value Steno Chair, Gray",  $97.18  ,2,0.2,6.074
6763,CA-2016-144764,02-Sep-2016,9/8/2016,standard class,RL-19615,Rob Lucas,CONSUMER,United States,Chicago,Illinois,60623.0,Central,OFF-LA-10000240,office supplies,Labels,Self-Adhesive Address Labels for Typewriters by Universal,29.24 USD,5,0.2,9.8685
1804,CA-2017-158379,22-Sep-2017,9/26/2017,Second Class,JA-15970,Joseph Airdo,Consumer,United States,Philadelphia,Pennsylvania,19134.0,  East  ,OFF-SU-10002881,  Office Supplies  ,Supplies,Martin Yale Chadless Opener Electric Letter Opener,-,7,0.2,-1049.3406
7145,US-2017-141558,2017-03-11,3/16/2017,standard class,MH-17290,Marc Harrigan,home office,United States,Philadelphia,Pennsylvania,19140.0,  East  ,OFF-BI-10002794,OFFICE SUPPLIES,Binders,"Avery Trapezoid Ring Binder, 3"" Capacity, Black, 1040 sheets",$ 12.29,1,0.7,  $-8.61  
2466,CA-2017-148691,2017-12-03,12/9/2017,standard class,CS-12460,Chuck Sachs,  Consumer  ,United States,New York City,New York,10009.0,East,OFF-LA-10001317,office supplies,Labels,Avery 520,3.15,1,0.0,1.51 USD
4507,US-2014-138247,12/24/2014,12/29/2014,standard class,BF-11170,Ben Ferrer,Home Office,United States,Los Angeles,California,90045.0,WEST,TEC-PH-10001530,Technology,Phones,Cisco Unified IP Phone 7945G VoIP phone,818.38 USD,3,0.2,51.15 USD
6976,CA-2015-112144,2015-06-28,7/2/2015,  Standard Class  ,CY-12745,Craig Yedwab,  Corporate  ,United States,Gilbert,Arizona,85234.0,  West  ,OFF-LA-10000443,OFFICE SUPPLIES,Labels,Avery 501,5.904,2,0.2,1.9926
6415,CA-2017-142671,11/10/2017,11/14/2017,Second Class,DR-12940,Daniel Raglin,  Home Office  ,United States,Hollywood,Florida,33021.0,  South  ,OFF-BI-10004099,Office Supplies,Binders,GBC VeloBinder Strips,  $11.52  ,5,0.7,-7.68 USD
8162,CA-2015-120915,09/28/2015,10/3/2015,  Second Class  ,JJ-15445,Jennifer Jackson,CONSUMER,United States,New York City,New York,10035.0,East,OFF-AP-10002578,office supplies,Appliances,"Fellowes Premier Superior Surge Suppressor, 10-Outlet, With Phone and Remote",293.52,6,0.0,76.3152
4599,US-2017-169502,2017-08-28,9/1/2017,Standard Class,MG-17650,,  Home Office  ,United States,Milwaukee,Wisconsin,53209.0,CENTRAL,OFF-AP-10001947,Office Supplies,Appliances,Acco 6 Outlet Guardian Premium Plus Surge Suppressor,91.60 USD,5,0.0,26.56 USD
3654,CA-2017-109960,09-Dec-2017,12/11/2017,  Second Class  ,DB-13210,Dean Braden,consumer,United States,Detroit,Michigan,48234.0,Central,OFF-PA-10000349,OFFICE SUPPLIES,Paper,Easy-staple paper,14.94,3,0.0,$ 7.02
8094,CA-2017-133046,2017-07-27,8/1/2017,Second Class,DK-13375,Dennis Kane,Consumer,United States,Seattle,Washington,98115.0,west,FUR-FU-10001940,furniture,Furnishings,Staple-based wall hangings,23.88,3,0.0,10.5072
1110,US-2016-110156,11/19/2016,11/24/2016,STANDARD CLASS,EH-13945,Eric Hoffmann,Consumer,United States,Houston,Texas,77041.0,central,OFF-EN-10003798,office supplies,Envelopes,"Recycled Interoffice Envelopes with Re-Use-A-Seal Closure, 10 x 13",$ 40.97,3,0.2,13.8267
5719,CA-2015-124107,10/09/2015,10/12/2015,Second Class,BM-11650,Brian Moss,Corporate,United States,Ann Arbor,Michigan,48104.0,  Central  ,OFF-AP-10003971,Office Supplies,Appliances,Belkin 6 Outlet Metallic Surge Strip,$ 29.40,3,0.1,5.2272
5049,US-2014-104759,31-Mar-2014,4/4/2014,Standard Class,DD-13570,Dorothy Dickinson,consumer,United States,Chicago,Illinois,60610.0,Central,OFF-BI-10002071,Office Supplies,Binders,Fellowes Black Plastic Comb Bindings,8.13 USD,7,0.8,-13.8278
1039,CA-2017-121818,11/20/2017,11/21/2017,First Class,JH-15430,Jennifer Halladay,Consumer,United States,Burlington,North Carolina,27217.0,South,OFF-AR-10000203,office supplies,Art,Newell 336,23.968,7,0.2,  $2.70  
1195,US-2015-130519,2015-09-15,9/15/2015,  Same Day  ,NG-18355,Nat Gilpin,Corporate,United States,Coral Springs,Florida,33065.0,  South  ,FUR-FU-10002268,Furniture,Furnishings,Ultra Door Push Plate,-,4,0.2,$ 2.55
6805,CA-2014-152233,Pending,10/6/2014,First Class,KH-16510,Keith Herrera,CONSUMER,United States,Pomona,California,91767.0,  West  ,TEC-AC-10002800,technology,Accessories,Plantronics Audio 478 Stereo USB Headset,-,2,0.0,34.993
3498,CA-2016-107328,2016/08/08 00:00:00,8/15/2016,standard class,CA-12055,Cathy Armstrong,Home Office,United States,Los Angeles,California,90036.0,  West  ,OFF-AP-10004487,  Office Supplies  ,Appliances,Kensington 4 Outlet MasterPiece Compact Power Control Center,  $487.92  ,6,0.0,136.6176
4819,CA-2014-139598,12/26/2014,12/31/2014,  Standard Class  ,MG-17695,Maureen Gnade,Consumer,United States,Philadelphia,Pennsylvania,19134.0,East,OFF-ST-10001370,Office Supplies,Storage,Sensible Storage WireTech Storage Systems,227.136,4,0.2,-42.588
8570,CA-2016-162390,2016-12-06,12/12/2016,standard class,DP-13105,,CORPORATE,United States,Hempstead,New York,11550.0,east,OFF-BI-10001721,  Office Supplies  ,Binders,Trimflex Flexible Post Binders,222.352,13,0.2,-
9534,CA-2016-116596,2016/10/27 00:00:00,10/31/2016,Standard Class,BW-11200,Ben Wallace,consumer,United States,New York City,New York,10011.0,east,OFF-FA-10000134,Office Supplies,Fasteners,"Advantus Push Pins, Aluminum Head",$ 40.67,7,0.0,12.6077
2499,CA-2016-126935,2016/05/19 00:00:00,5/24/2016,Standard Class,BT-11395,,corporate,United States,San Francisco,California,94109.0,  West  ,OFF-BI-10004817,Office Supplies,Binders,GBC Personal VeloBind Strips,9.584,1,0.2,$ 3.35
935,CA-2016-140081,2016-06-20,6/24/2016,STANDARD CLASS,CG-12040,Catherine Glotzbach,Home Office,United States,Philadelphia,Pennsylvania,19120.0,  East  ,OFF-BI-10004826,Office Supplies,Binders,JM Magazine Binder,29.718,6,0.7,$ -21.79
3754,CA-2017-161956,08/27/2017,8/29/2017,  Second Class  ,DR-12880,Dan Reichenbach,  Corporate  ,United States,Inglewood,California,90301.0,west,OFF-BI-10003650,office supplies,Binders,GBC DocuBind 300 Electric Binding Machine,841.568,2,0.2,N/A
4682,CA-2016-169215,2016-07-14,7/18/2016,SECOND CLASS,RE-19450,Richard Eichhorn,consumer,United States,Auburn,New York,13021.0,EAST,OFF-FA-10000936,OFFICE SUPPLIES,Fasteners,Acco Hot Clips Clips to Go,29.61,9,0.0,13.3245
395,CA-2017-102946,2017-06-30,7/5/2017,Standard Class,VP-21730,Victor Preis,home office,United States,Las Vegas,Nevada,89115.0,West,OFF-BI-10004492,OFFICE SUPPLIES,Binders,Tuf-Vin Binders,75.792,3,0.2,25.5798
6606,CA-2016-148852,2016-05-26,5/31/2016,Standard Class,SV-20785,Stewart Visinsky,CONSUMER,United States,Santa Ana,California,92704.0,West,OFF-PA-10001293,Office Supplies,Paper,Xerox 1946,$ 45.36,7,0.0,21.7728
8077,CA-2015-106187,2015-06-23,6/29/2015,Standard Class,RF-19345,Randy Ferguson,CORPORATE,United States,East Point,Georgia,30344.0,  South  ,FUR-FU-10000794,furniture,Furnishings,"Eldon Stackable Tray, Side-Load, Legal, Smoke",27.42 USD,3,0.0,N/A
9160,CA-2016-118934,08/09/2016,8/14/2016,STANDARD CLASS,GH-14410,Gary Hansen,HOME OFFICE,United States,Hendersonville,Tennessee,37075.0,south,OFF-BI-10003314,OFFICE SUPPLIES,Binders,Tuff Stuff Recycled Round Ring Binders,$ 4.34,3,0.7,  $-3.04  
9409,CA-2017-162789,09/22/2017,9/24/2017,  Second Class  ,LC-17140,Logan Currie,Consumer,United States,New York City,New York,10035.0,East,FUR-FU-10004864,Furniture,Furnishings,Eldon 500 Class Desk Accessories,-,1,0.0,3.98 USD
9937,CA-2017-132955,2017-06-24,6/28/2017,Standard Class,SC-20575,Sonia Cooley,consumer,United States,Cranston,Rhode Island,2920.0,east,OFF-BI-10002735,Office Supplies,Binders,GBC Prestige Therm-A-Bind Covers,  $102.93  ,3,0.0,  $48.38  
4909,CA-2014-133809,Pending,11/23/2014,second class,MS-17530,MaryBeth Skach,  Consumer  ,United States,Fairfield,Ohio,45014.0,EAST,TEC-PH-10004875,technology,Phones,PNY Rapid USB Car Charger - Black,9.588,2,0.4,N/A
1298,CA-2017-115427,12/30/2017,1/3/2018,Standard Class,EB-13975,Erica Bern,Corporate,United States,Fairfield,California,94533.0,west,OFF-BI-10004632,Office Supplies,Binders,GBC Binding covers,  $20.72  ,2,0.2,$ 6.47
5036,CA-2014-169803,2014-04-06,4/12/2014,STANDARD CLASS,SC-20260,Scott Cohen,Corporate,United States,Seattle,Washington,98115.0,WEST,FUR-TA-10000688,Furniture,Tables,"Chromcraft Bull-Nose Wood Round Conference Table Top, Wood Base",653.55 USD,3,0.0,111.1035
1163,CA-2014-127964,2014-03-03,3/8/2014,Standard Class,AP-10720,Anne Pryor,HOME OFFICE,United States,New York City,New York,10035.0,  East  ,TEC-PH-10004700,Technology,Phones,PowerGen Dual USB Car Charger,9.99 USD,1,0.0,4.60 USD
7878,CA-2015-148705,2015-03-12,3/18/2015,  Standard Class  ,EB-14170,Evan Bailliet,  Consumer  ,United States,Charlotte,North Carolina,28205.0,  South  ,OFF-LA-10001641,Office Supplies,Labels,Avery 518,5.04 USD,2,0.2,1.764
3316,CA-2017-169978,24-Dec-2017,12/28/2017,standard class,HG-15025,Hunter Glantz,Consumer,United States,Oceanside,New York,,East,OFF-BI-10001900,Office Supplies,Binders,"DXL Angle-View Binders with Locking Rings, Black",14.376,3,0.2,  $4.85  
1528,CA-2016-122392,2016/07/22 00:00:00,7/27/2016,STANDARD CLASS,CJ-12010,Caroline Jumper,  Consumer  ,United States,Allentown,Pennsylvania,18103.0,  East  ,FUR-FU-10002456,Furniture,Furnishings,"Master Caster Door Stop, Large Neon Orange",11.65 USD,2,0.2,  $3.35  
4338,CA-2015-125234,27-Nov-2015,12/1/2015,Standard Class,SN-20710,Steve Nguyen,HOME OFFICE,United States,Los Angeles,California,90049.0,West,TEC-AC-10000158,  Technology  ,Accessories,Sony 64GB Class 10 Micro SDHC R40 Memory Card,107.97,3,0.0,$ 22.67
7608,CA-2017-121195,2017/12/24 00:00:00,12/27/2017,FIRST CLASS,NS-18505,Neola Schneider,consumer,United States,Dallas,Texas,75220.0,Central,OFF-ST-10000585,  Office Supplies  ,Storage,Economy Rollaway Files,$ 264.32,2,0.2,19.824
6761,CA-2017-100636,2017/06/26 00:00:00,6/30/2017,Standard Class,DO-13435,Denny Ordway,Consumer,United States,New York City,New York,10035.0,east,OFF-ST-10004123,OFFICE SUPPLIES,Storage,Safco Industrial Wire Shelving System,272.94,3,0.0,-
59,CA-2016-111682,06/17/2016,6/18/2016,First Class,TB-21055,Ted Butterfield,Consumer,United States,Troy,New York,12180.0,East,OFF-PA-10000587,office supplies,Paper,"Array Parchment Paper, Assorted Colors",$ 14.56,2,0.0,$ 6.99
2974,CA-2017-111808,12/16/2017,12/20/2017,Standard Class,AR-10510,Andrew Roberts,Consumer,United States,Tulsa,Oklahoma,74133.0,Central,OFF-BI-10004656,Office Supplies,Binders,Peel & Stick Add-On Corner Pockets,10.8,5,0.0,5.18 USD
4473,CA-2017-121300,09/29/2017,9/29/2017,  Same Day  ,MG-17680,Maureen Gastineau,home office,United States,Mentor,Ohio,44060.0,East,TEC-AC-10004571,Technology,Accessories,Logitech G700s Rechargeable Gaming Mouse,239.98 USD,3,0.2,65.9934
1966,CA-2017-110905,09/10/2017,9/15/2017,Second Class,RW-19690,Robert Waldorf,  Consumer  ,United States,Springfield,Missouri,65807.0,  Central  ,OFF-AP-10003281,Office Supplies,Appliances,Acco 6 Outlet Guardian Standard Surge Suppressor,24.18,2,0.0,7.254
4695,US-2015-138121,2015-12-17,12/17/2015,SAME DAY,JL-15835,John Lee,CONSUMER,United States,Detroit,Michigan,48205.0,Central,OFF-BI-10000320,OFFICE SUPPLIES,Binders,GBC Plastic Binding Combs,$ 29.52,4,0.0,$ 14.46
4278,US-2016-107440,2016-04-16,4/20/2016,standard class,BS-11365,Bill Shonely,Corporate,United States,Lakewood,New Jersey,8701.0,East,TEC-MA-10001047,Technology,Machines,"3D Systems Cube Printer, 2nd Generation, Magenta",9099.93,7,0.0,"2,365.98 USD"
3210,CA-2016-108882,2016-01-09,1/15/2016,Standard Class,LA-16780,Laura Armstrong,corporate,United States,Fresno,California,93727.0,West,TEC-PH-10002726,technology,Phones,netTALK DUO VoIP Telephone Service,377.93 USD,9,0.2,141.72 USD
6018,CA-2014-102652,2014/04/06 00:00:00,4/12/2014,STANDARD CLASS,AY-10555,Andy Yotov,Corporate,United States,Los Angeles,California,90049.0,  West  ,OFF-PA-10003309,  Office Supplies  ,Paper,Xerox 211,19.44,3,0.0,N/A
1776,CA-2014-118976,28-Apr-2014,5/3/2014,STANDARD CLASS,MY-18295,Muhammed Yedwab,CORPORATE,United States,Baltimore,Maryland,21215.0,  East  ,OFF-AR-10004752,Office Supplies,Art,Blackstonian Pencils,5.34,2,0.0,1.4952
8873,US-2014-105137,10/10/2014,10/10/2014,Same Day,RB-19435,Richard Bierner,  Consumer  ,United States,Columbus,Ohio,43229.0,EAST,TEC-MA-10002694,Technology,Machines,Hewlett-Packard Deskjet F4180 All-in-One Color Ink-jet - Printer / copier / scanner,101.994,2,0.7,-71.40 USD
9574,CA-2015-113131,09/24/2015,9/24/2015,SAME DAY,MB-17305,Maria Bertelson,  Consumer  ,United States,Columbus,Ohio,43229.0,east,OFF-AR-10003504,office supplies,Art,Newell 347,17.12,5,0.2,$ 1.93
6163,CA-2014-103989,03/19/2014,3/21/2014,First Class,MC-17605,Matt Connell,Corporate,United States,Lakeland,Florida,33801.0,  South  ,OFF-ST-10000918,OFFICE SUPPLIES,Storage,Crate-A-Files,26.16 USD,3,0.2,1.962
677,US-2017-119438,03/18/2017,3/23/2017,Standard Class,CD-11980,Carol Darley,  Consumer  ,United States,Tyler,Texas,75701.0,Central,OFF-AP-10000804,  Office Supplies  ,Appliances,Hoover Portapower Portable Vacuum,2.688,3,0.8,-7.392
8988,CA-2015-123092,12/03/2015,12/7/2015,STANDARD CLASS,JG-15115,Jack Garza,consumer,United States,Jacksonville,North Carolina,28540.0,South,TEC-PH-10001700,Technology,Phones,Panasonic KX-TG6844B Expandable Digital Cordless Telephone,105.584,2,0.2,$ 9.24
3644,CA-2014-156594,2014/12/20 00:00:00,12/23/2014,SECOND CLASS,MC-17845,Michael Chen,  Consumer  ,United States,Los Angeles,California,90008.0,West,OFF-AR-10001725,Office Supplies,Art,Boston Home & Office Model 2000 Electric Pencil Sharpeners,N/A,2,0.0,N/A
7039,CA-2017-161970,09/22/2017,9/27/2017,standard class,PB-19105,Peter Bühler,Consumer,United States,Smyrna,Georgia,30080.0,South,OFF-AR-10003896,office supplies,Art,"Stride Job 150 Highlighters, Chisel Tip, Assorted Colors",17.94,3,0.0,6.4584
9494,CA-2016-105207,01/03/2016,1/8/2016,  Standard Class  ,BO-11350,Bill Overfelt,Corporate,United States,Broken Arrow,Oklahoma,74012.0,Central,FUR-TA-10000617,furniture,Tables,"Hon Practical Foundations 30 x 60 Training Table, Light Gray/Charcoal",1592.85,7,0.0,350.427
3008,CA-2014-130729,10/24/2014,10/29/2014,STANDARD CLASS,AA-10375,Allen Armold,consumer,United States,Rancho Cucamonga,California,91730.0,West,OFF-BI-10002706,office supplies,Binders,Avery Premier Heavy-Duty Binder with Round Locking Rings,-,3,0.2,$ 11.14
6523,CA-2017-138289,16-Jan-2017,1/18/2017,Second Class,AR-10540,Andy Reiter,Consumer,United States,Jackson,Michigan,49201.0,central,OFF-PA-10001260,  Office Supplies  ,Paper,"TOPS Money Receipt Book, Consecutively Numbered in Red,",$ 56.07,7,0.0,$ 25.23
2516,CA-2014-106572,2014/09/05 00:00:00,9/10/2014,standard class,NP-18700,Nora Preis,Consumer,United States,Bowling Green,Ohio,43402.0,East,OFF-ST-10000585,  Office Supplies  ,Storage,Economy Rollaway Files,$ 264.32,2,0.2,19.824
2128,CA-2015-134859,2015-10-04,10/9/2015,STANDARD CLASS,JK-16120,Julie Kriz,HOME OFFICE,United States,Philadelphia,Pennsylvania,19134.0,  East  ,FUR-FU-10003623,Furniture,Furnishings,"DataProducts Ampli Magnifier Task Lamp, Black,",N/A,3,0.2,6.4944
9784,CA-2015-149748,2015/05/31 00:00:00,6/2/2015,second class,EM-13825,Elizabeth Moffitt,CORPORATE,United States,Paterson,New Jersey,,  East  ,OFF-ST-10004340,Office Supplies,Storage,"Fellowes Mobile File Cart, Black",62.18,1,0.0,16.7886
6370,CA-2016-103919,2016/10/03 00:00:00,10/7/2016,Standard Class,TP-21565,Tracy Poddar,Corporate,United States,Grand Prairie,Texas,75051.0,CENTRAL,FUR-FU-10001756,furniture,Furnishings,"Eldon Expressions Desk Accessory, Wood Photo Frame, Mahogany",38.08,5,0.6,$ -29.51
5965,CA-2017-119011,2017-08-20,8/25/2017,Standard Class,LR-17035,Lisa Ryan,CORPORATE,United States,San Francisco,California,94109.0,WEST,OFF-SU-10004768,office supplies,Supplies,Acme Kleencut Forged Steel Scissors,17.22,3,0.0,5.166
7564,CA-2017-157672,2017-10-05,10/7/2017,first class,RB-19795,Ross Baird,HOME OFFICE,United States,Denver,Colorado,80219.0,West,TEC-AC-10001714,Technology,Accessories,Logitech MX Performance Wireless Mouse,63.824,2,0.2,13.5626
867,CA-2014-149020,2014-01-10,1/15/2014,Standard Class,AJ-10780,Anthony Jacobs,CORPORATE,United States,Springfield,Virginia,22153.0,SOUTH,FUR-FU-10000965,  Furniture  ,Furnishings,"Howard Miller 11-1/2"" Diameter Ridgewood Wall Clock",51.94 USD,1,0.0,21.30 USD
3602,CA-2014-159835,11/17/2014,11/24/2014,Standard Class,RB-19330,Randy Bradley,CONSUMER,United States,Philadelphia,Pennsylvania,19143.0,EAST,OFF-PA-10002137,Office Supplies,Paper,"Southworth 100% Résumé Paper, 24lb.",  $12.45  ,2,0.2,3.89 USD
5023,CA-2016-133795,2016-12-18,12/24/2016,Standard Class,JE-15475,Jeremy Ellison,  Consumer  ,United States,San Diego,California,92037.0,West,TEC-AC-10003832,technology,Accessories,Logitech P710e Mobile Speakerphone,772.47,3,0.0,146.7693
4561,CA-2015-118871,12/04/2015,12/9/2015,second class,HM-14860,Harry Marie,Corporate,United States,Los Angeles,California,90049.0,West,OFF-EN-10003296,Office Supplies,Envelopes,Tyvek Side-Opening Peel & Seel Expanding Envelopes,$ 271.44,3,0.0,122.15 USD
6511,CA-2017-102197,12/20/2017,12/26/2017,standard class,DK-13150,David Kendrick,Corporate,United States,New York City,New York,10009.0,  East  ,OFF-PA-10004156,Office Supplies,Paper,Xerox 188,-,3,0.0,$ 16.67
2997,CA-2014-138317,2014/06/21 00:00:00,6/25/2014,Standard Class,NW-18400,Natalie Webber,  Consumer  ,United States,Philadelphia,Pennsylvania,19120.0,East,OFF-EN-10001539,office supplies,Envelopes,Staple envelope,24.896,4,0.2,$ 8.40
1594,CA-2014-117317,Pending,10/19/2014,same day,JF-15490,Jeremy Farry,CONSUMER,United States,Los Angeles,California,90032.0,West,OFF-PA-10004519,office supplies,Paper,Spiral Phone Message Books with Labels by Adams,N/A,3,0.0,6.59 USD
6276,US-2016-139087,07/17/2016,7/22/2016,second class,DK-13375,Dennis Kane,consumer,United States,Seattle,Washington,,West,FUR-FU-10004164,  Furniture  ,Furnishings,"Eldon 300 Class Desk Accessories, Black",24.75 USD,5,0.0,-
4017,CA-2015-165624,08/23/2015,8/28/2015,Standard Class,FH-14350,Fred Harton,consumer,United States,Atlanta,Georgia,30318.0,South,OFF-PA-10003893,  Office Supplies  ,Paper,Xerox 1962,$ 21.40,5,0.0,$ 9.63
5666,CA-2016-141957,Pending,7/21/2016,SAME DAY,JG-15310,Jason Gross,Corporate,United States,Newark,Ohio,43055.0,East,OFF-ST-10002276,Office Supplies,Storage,Safco Steel Mobile File Cart,$ 66.69,1,0.2,-
5059,CA-2016-120796,2016-04-03,4/7/2016,  Standard Class  ,CS-11950,Carlos Soltero,CONSUMER,United States,Philadelphia,Pennsylvania,19140.0,East,OFF-BI-10004330,Office Supplies,Binders,"GBC Velobind Prepunched Cover Sets, Regency Series",99.846,9,0.7,-
8850,CA-2015-140718,2015-07-02,7/4/2015,First Class,FA-14230,Frank Atkinson,CORPORATE,United States,Raleigh,North Carolina,27604.0,South,FUR-FU-10000076,Furniture,Furnishings,24-Hour Round Wall Clock,159.84,10,0.2,45.954
9695,CA-2017-130148,Pending,9/28/2017,Second Class,NK-18490,Neil Knudson,  Home Office  ,United States,San Francisco,California,94110.0,WEST,OFF-SU-10001574,Office Supplies,Supplies,Acme Value Line Scissors,$ 7.30,2,0.0,$ 2.19
6501,CA-2015-103135,24-Jul-2015,7/28/2015,STANDARD CLASS,SS-20515,Shirley Schmidt,HOME OFFICE,United States,Louisville,Kentucky,40214.0,SOUTH,OFF-BI-10000069,OFFICE SUPPLIES,Binders,"GBC Prepunched Paper, 19-Hole, for Binding Systems, 24-lb",90.06,6,0.0,41.43 USD
5191,US-2017-136679,2017-11-14,11/18/2017,standard class,XP-21865,Xylona Preis,Consumer,United States,Pasadena,Texas,77506.0,Central,OFF-AR-10003582,Office Supplies,Art,"Boston Electric Pencil Sharpener, Model 1818, Charcoal Black",45.04,2,0.2,-
1211,CA-2016-137050,07/14/2016,7/18/2016,SECOND CLASS,SW-20755,Steven Ward,  Corporate  ,United States,New York City,New York,10009.0,east,OFF-BI-10001031,  Office Supplies  ,Binders,Pressboard Data Binders by Wilson Jones,$ 8.54,2,0.2,2.8836
7580,CA-2015-123113,2015/11/23 00:00:00,11/27/2015,Second Class,AT-10735,,CONSUMER,United States,Morristown,New Jersey,7960.0,east,OFF-AP-10000275,office supplies,Appliances,"Sanyo Counter Height Refrigerator with Crisper, 3.6 Cubic Foot, Stainless Steel/Black","$ 2,625.12",8,0.0,735.03 USD
4470,CA-2017-168641,2017/11/24 00:00:00,12/1/2017,STANDARD CLASS,KA-16525,Kelly Andreada,Consumer,United States,New York City,New York,10035.0,East,OFF-PA-10001972,  Office Supplies  ,Paper,Xerox 214,12.96,2,0.0,6.2208
2179,CA-2016-125738,10/15/2016,10/21/2016,  Standard Class  ,PB-18805,Patrick Bzostek,Home Office,United States,Salt Lake City,Utah,84106.0,WEST,OFF-PA-10001509,office supplies,Paper,"Recycled Desk Saver Line ""While You Were Out"" Book, 5 1/2"" X 4""",71.60 USD,8,0.0,N/A
3903,US-2015-119312,10/02/2015,10/7/2015,Second Class,CS-12400,Christopher Schild,HOME OFFICE,United States,Los Angeles,California,90045.0,West,OFF-ST-10000943,  Office Supplies  ,Storage,Eldon ProFile File 'N Store Portable File Tub Letter/Legal Size Black,$ 270.34,14,0.0,-
4514,CA-2016-145240,2016-09-06,9/8/2016,  First Class  ,BG-11740,Bruce Geld,consumer,United States,Houston,Texas,77070.0,Central,OFF-ST-10001590,office supplies,Storage,"Tenex Personal Project File with Scoop Front Design, Black",$ 10.78,1,0.2,0.8088
9261,CA-2017-167976,11/11/2017,11/14/2017,Second Class,JL-15505,Jeremy Lonsdale,  Consumer  ,United States,Aberdeen,South Dakota,,CENTRAL,OFF-SU-10004661,Office Supplies,Supplies,Acme Titanium Bonded Scissors,25.50 USD,3,0.0,6.63 USD
9598,CA-2017-104619,2017-01-24,1/29/2017,Standard Class,KD-16495,Keith Dawkins,CORPORATE,United States,San Jose,California,95123.0,West,TEC-PH-10000193,  Technology  ,Phones,Jensen SMPS-640 - speaker phone,110.352,3,0.2,8.2764
3330,CA-2014-165309,11/11/2014,11/15/2014,standard class,KD-16270,Karen Daniels,consumer,United States,Houston,Texas,77095.0,  Central  ,TEC-PH-10003505,Technology,Phones,Geemarc AmpliPOWER60,  $148.48  ,2,0.2,16.70 USD
2957,CA-2017-123638,06/27/2017,7/4/2017,  Standard Class  ,MA-17995,Michelle Arnett,Home Office,United States,Watertown,New York,13601.0,East,FUR-CH-10002647,  Furniture  ,Chairs,"Situations Contoured Folding Chairs, 4/Set",  $191.65  ,3,0.1,$ 31.94
8340,CA-2017-135076,2017-04-13,4/17/2017,standard class,YS-21880,Yana Sorensen,CORPORATE,United States,Hesperia,California,92345.0,  West  ,FUR-CH-10003774,Furniture,Chairs,"Global Wood Trimmed Manager's Task Chair, Khaki",436.704,6,0.2,-38.2116
618,CA-2017-117947,08/18/2017,8/23/2017,second class,NG-18355,Nat Gilpin,Corporate,United States,New York City,New York,10011.0,East,FUR-FU-10000010,Furniture,Furnishings,"DAX Value U-Channel Document Frames, Easel Back",9.94 USD,2,0.0,3.08 USD
8813,US-2016-140172,03/08/2016,3/13/2016,STANDARD CLASS,SP-20650,Stephanie Phelps,Corporate,United States,Jackson,Michigan,49201.0,  Central  ,OFF-AR-10002766,office supplies,Art,Prang Drawing Pencil Set,13.90 USD,5,0.0,  $3.75  
5217,US-2017-159562,09/09/2017,9/15/2017,Standard Class,JB-16000,Joy Bell-,  Consumer  ,United States,Roseville,Michigan,48066.0,  Central  ,OFF-EN-10000461,Office Supplies,Envelopes,"#10- 4 1/8"" x 9 1/2"" Recycled Envelopes",$ 17.48,2,0.0,8.22 USD
5616,CA-2016-158001,08/23/2016,8/27/2016,Standard Class,JP-15460,Jennifer Patt,Corporate,United States,New York City,New York,10035.0,EAST,OFF-AP-10002118,office supplies,Appliances,"1.7 Cubic Foot Compact ""Cube"" Office Refrigerators","$ 1,040.80",5,0.0,  $281.02  
3060,CA-2017-131492,2017/10/19 00:00:00,10/24/2017,Second Class,HH-15010,Hilary Holden,  Corporate  ,United States,San Francisco,California,94110.0,West,FUR-TA-10003837,FURNITURE,Tables,Anderson Hickey Conga Table Tops & Accessories,24.37 USD,2,0.2,-3.3506
767,CA-2014-162775,2014/01/13 00:00:00,1/15/2014,  Second Class  ,CS-12250,Chris Selesnick,corporate,United States,Bossier City,Louisiana,71111.0,south,OFF-BI-10004187,OFFICE SUPPLIES,Binders,3-ring staple pack,$ 5.64,3,0.0,$ 2.71
4716,US-2015-122910,05/12/2015,5/16/2015,Standard Class,LT-16765,Larry Tron,consumer,United States,Louisville,Colorado,80027.0,west,TEC-PH-10000441,technology,Phones,VTech DS6151,201.584,2,0.2,$ 20.16
5270,CA-2017-144484,2017/09/11 00:00:00,9/11/2017,same day,CB-12025,Cassandra Brandow,Consumer,United States,San Francisco,California,94110.0,WEST,FUR-FU-10000260,  Furniture  ,Furnishings,"6"" Cubicle Wall Clock, Black",32.36 USD,4,0.0,N/A
3273,CA-2015-146038,2015/02/09 00:00:00,2/16/2015,Standard Class,SJ-20215,Sarah Jordon,consumer,United States,Los Angeles,California,90049.0,WEST,FUR-CH-10002774,FURNITURE,Chairs,"Global Deluxe Stacking Chair, Gray",203.92,5,0.2,$ 22.94
1145,CA-2014-146969,09/29/2014,10/3/2014,STANDARD CLASS,AP-10915,Arthur Prichep,consumer,United States,Los Angeles,California,90045.0,West,TEC-MA-10004241,TECHNOLOGY,Machines,Star Micronics TSP800 TSP847IIU Receipt Printer,686.32,2,0.2,$ 223.05
8661,CA-2017-124765,11/25/2017,11/30/2017,STANDARD CLASS,HZ-14950,Henia Zydlo,consumer,United States,Fort Lauderdale,Florida,33311.0,South,FUR-BO-10003965,Furniture,Bookcases,O'Sullivan Manor Hill 2-Door Library in Brianna Oak,-,5,0.2,$ -81.44
9621,CA-2014-115133,2014/09/26 00:00:00,9/30/2014,STANDARD CLASS,DA-13450,Dianna Arnett,home office,United States,Lancaster,Ohio,43130.0,East,OFF-AP-10001634,Office Supplies,Appliances,Hoover Commercial Lightweight Upright Vacuum,16.70 USD,6,0.2,1.2528
463,CA-2016-109869,04/22/2016,4/29/2016,Standard Class,TN-21040,Tanja Norvell,  Home Office  ,United States,Phoenix,Arizona,85023.0,WEST,FUR-FU-10000023,furniture,Furnishings,Eldon Wave Desk Accessories,N/A,5,0.2,7.068
2927,CA-2017-128629,07/10/2017,7/14/2017,second class,BP-11155,Becky Pak,Consumer,United States,Columbus,Georgia,31907.0,South,FUR-FU-10000771,FURNITURE,Furnishings,"Eldon 200 Class Desk Accessories, Smoke",  $18.84  ,3,0.0,$ 7.91
5900,CA-2017-108000,2017-01-12,1/16/2017,Standard Class,LS-16945,Linda Southworth,  Corporate  ,United States,San Francisco,California,94110.0,West,OFF-EN-10002621,Office Supplies,Envelopes,Staple envelope,  $9.78  ,1,0.0,$ 4.89
3845,CA-2014-101931,2014-10-28,10/31/2014,first class,TS-21370,Todd Sumrall,corporate,United States,Los Angeles,California,,west,OFF-SU-10000646,OFFICE SUPPLIES,Supplies,Premier Automatic Letter Opener,480.74,2,0.0,14.4222
3709,CA-2014-120544,11/23/2014,11/27/2014,  Standard Class  ,SS-20140,Saphhira Shifley,  Corporate  ,United States,Mesquite,Texas,75150.0,  Central  ,OFF-AP-10004336,Office Supplies,Appliances,"Conquest 14 Commercial Heavy-Duty Upright Vacuum, Collection System, Accessory Kit",34.176,3,0.8,-87.1488
6993,CA-2015-109386,2015/11/08 00:00:00,11/13/2015,second class,RH-19600,Rob Haberlin,CONSUMER,United States,Hampton,Virginia,23666.0,South,FUR-FU-10000308,Furniture,Furnishings,Deflect-o Glass Clear Studded Chair Mats,186.54,3,0.0,41.04 USD
5291,CA-2014-146283,09/08/2014,9/15/2014,STANDARD CLASS,KT-16465,Kean Takahito,  Consumer  ,United States,Houston,Texas,77036.0,Central,FUR-CH-10004287,Furniture,Chairs,SAFCO Arco Folding Chair,  $966.70  ,5,0.3,-13.81 USD
7353,CA-2017-152135,16-Mar-2017,3/18/2017,  Second Class  ,MG-17650,Matthew Grinstein,  Home Office  ,United States,Lakewood,Ohio,,EAST,TEC-PH-10003505,Technology,Phones,Geemarc AmpliPOWER60,445.44 USD,8,0.4,-81.664
8822,CA-2017-100622,2017-11-03,11/7/2017,Standard Class,DK-13090,Dave Kipp,consumer,United States,Orlando,Florida,32839.0,South,OFF-BI-10002982,Office Supplies,Binders,Avery Self-Adhesive Photo Pockets for Polaroid Photos,4.086,2,0.7,-2.9964
8418,CA-2017-118199,2017-05-09,5/11/2017,First Class,LB-16795,Laurel Beltran,home office,United States,Seattle,Washington,98105.0,WEST,OFF-ST-10000604,Office Supplies,Storage,Home/Office Personal File Carts,104.28 USD,3,0.0,  $26.07  
6243,CA-2014-134621,12/21/2014,12/28/2014,STANDARD CLASS,DP-13390,Dennis Pardue,  Home Office  ,United States,Columbia,Tennessee,38401.0,South,OFF-BI-10000977,Office Supplies,Binders,Ibico Plastic Spiral Binding Combs,18.24,2,0.7,-14.592
7074,CA-2016-112256,2016/07/23 00:00:00,7/28/2016,Standard Class,CK-12205,Chloris Kastensmidt,  Consumer  ,United States,Mcallen,Texas,78501.0,central,OFF-AR-10001953,OFFICE SUPPLIES,Art,Boston 1645 Deluxe Heavier-Duty Electric Pencil Sharpener,$ 175.92,5,0.2,  $15.39  
829,CA-2017-126956,2017-08-21,8/28/2017,Standard Class,GT-14710,Greg Tran,  Consumer  ,United States,Lakeville,Minnesota,55044.0,central,OFF-EN-10004459,office supplies,Envelopes,Security-Tint Envelopes,  $15.28  ,2,0.0,  $7.49  
6475,CA-2014-149524,2014/01/14 00:00:00,1/15/2014,  First Class  ,BS-11590,Brendan Sweed,CORPORATE,United States,Philadelphia,Pennsylvania,,  East  ,FUR-BO-10003433,furniture,Bookcases,Sauder Cornerstone Collection Library,N/A,4,0.5,-53.2856
4681,CA-2014-114510,Pending,3/19/2014,standard class,JF-15295,Jason Fortune-,Consumer,United States,Logan,Utah,84321.0,West,OFF-BI-10003007,office supplies,Binders,"Premium Transparent Presentation Covers, No Pattern/Clear, 8 1/2"" x 11""",62.048,2,0.2,$ 20.17
2535,US-2017-117723,15-Aug-2017,8/18/2017,  Second Class  ,DL-13495,Dionis Lloyd,corporate,United States,Philadelphia,Pennsylvania,19120.0,East,OFF-ST-10004459,Office Supplies,Storage,Tennsco Single-Tier Lockers,"$ 1,801.63",6,0.2,  $-337.81  
5737,CA-2014-148614,20-Jan-2014,1/25/2014,Standard Class,MV-17485,Mark Van Huff,Consumer,United States,Los Angeles,California,90049.0,  West  ,OFF-PA-10002893,  Office Supplies  ,Paper,"Wirebound Service Call Books, 5 1/2"" x 4""",19.36,2,0.0,  $9.29  
3112,CA-2016-121671,2016-07-17,7/22/2016,STANDARD CLASS,AA-10480,Andrew Allen,Consumer,United States,Springfield,Missouri,65807.0,Central,OFF-ST-10000078,  Office Supplies  ,Storage,Tennsco 6- and 18-Compartment Lockers,  $265.17  ,1,0.0,47.7306
9611,CA-2016-130638,Pending,5/19/2016,Second Class,SC-20095,Sanjit Chand,  Consumer  ,United States,Los Angeles,California,90045.0,  West  ,OFF-LA-10002195,  Office Supplies  ,Labels,Avery 481,27.72,9,0.0,$ 13.31
4032,CA-2016-169957,09/26/2016,9/30/2016,standard class,SN-20710,Steve Nguyen,Home Office,United States,Covington,Washington,98042.0,west,OFF-AP-10000576,OFFICE SUPPLIES,Appliances,Belkin 7 Outlet SurgeMaster II,$ 236.88,6,0.0,66.33 USD
2834,CA-2017-134649,01/26/2017,1/31/2017,second class,CA-11965,Carol Adams,Corporate,United States,Hoover,Alabama,35244.0,SOUTH,OFF-AR-10001547,office supplies,Art,Newell 311,$ 15.47,7,0.0,4.18 USD
5468,CA-2016-122448,06/09/2016,6/14/2016,STANDARD CLASS,DB-13210,Dean Braden,Consumer,United States,San Francisco,California,94109.0,west,FUR-CH-10002774,  Furniture  ,Chairs,"Global Deluxe Stacking Chair, Gray",122.35 USD,3,0.2,$ 13.76
21,CA-2014-143336,27-Aug-2014,9/1/2014,SECOND CLASS,ZD-21925,Zuschuss Donatelli,Consumer,United States,San Francisco,California,94109.0,  West  ,OFF-BI-10002215,  Office Supplies  ,Binders,"Wilson Jones Hanging View Binder, White, 1""",  $22.72  ,4,0.2,7.384
6831,CA-2016-140438,12/24/2016,12/27/2016,Second Class,PW-19030,Pauline Webber,Corporate,United States,New York City,New York,10009.0,EAST,TEC-PH-10001750,  Technology  ,Phones,Samsung Rugby III,197.97 USD,3,0.0,  $53.45  
3079,CA-2014-104780,05/21/2014,5/25/2014,Standard Class,BT-11530,Bradley Talbott,Home Office,United States,San Diego,California,,West,OFF-AR-10003514,office supplies,Art,4009 Highlighters by Sanford,31.84,8,0.0,  $10.51  
7287,CA-2016-149965,06/20/2016,6/25/2016,STANDARD CLASS,BS-11365,Bill Shonely,corporate,United States,Oklahoma City,Oklahoma,73120.0,Central,TEC-AC-10004877,technology,Accessories,Imation 30456 USB Flash Drive 8GB,-,1,0.0,0.552
6909,US-2017-135503,10-Dec-2017,12/15/2017,Standard Class,JE-16165,Justin Ellison,Corporate,United States,North Charleston,South Carolina,29406.0,south,FUR-FU-10002364,FURNITURE,Furnishings,"Eldon Expressions Wood Desk Accessories, Oak",$ 14.76,2,0.0,  $4.28  
4405,CA-2015-164336,07/05/2015,7/10/2015,Standard Class,MW-18220,Mitch Webber,consumer,United States,Philadelphia,Pennsylvania,,east,TEC-AC-10002345,TECHNOLOGY,Accessories,HP Standard 104 key PS/2 Keyboard,34.8,3,0.2,-
1296,CA-2015-138898,25-May-2015,5/29/2015,STANDARD CLASS,JH-16180,Justin Hirsh,Consumer,United States,Pueblo,Colorado,81001.0,west,OFF-AP-10004487,Office Supplies,Appliances,Kensington 4 Outlet MasterPiece Compact Power Control Center,845.728,13,0.2,84.57 USD
3938,CA-2015-118955,06/16/2015,6/20/2015,Standard Class,LS-17230,Lycoris Saunders,consumer,United States,Grand Prairie,Texas,,Central,OFF-PA-10004156,OFFICE SUPPLIES,Paper,Xerox 188,27.216,3,0.2,N/A
592,US-2016-156986,03/20/2016,3/24/2016,Standard Class,ZC-21910,Zuschuss Carroll,  Consumer  ,United States,Salem,Oregon,97301.0,West,OFF-PA-10004101,OFFICE SUPPLIES,Paper,Xerox 1894,10.368,2,0.2,$ 3.63
1407,US-2014-118486,2014/04/06 00:00:00,4/8/2014,First Class,SD-20485,Shirley Daniels,  Home Office  ,United States,Philadelphia,Pennsylvania,19143.0,east,TEC-AC-10004659,  Technology  ,Accessories,Imation Secure+ Hardware Encrypted USB 2.0 Flash Drive; 16GB,$ 116.78,2,0.2,  $21.90  
222,CA-2015-169397,2015-12-24,12/27/2015,FIRST CLASS,JB-15925,Joni Blumstein,Consumer,United States,Dublin,Ohio,43017.0,East,OFF-BI-10002852,OFFICE SUPPLIES,Binders,Ibico Standard Transparent Covers,$ 19.78,4,0.7,-13.8432
9796,CA-2016-125920,21-May-2016,5/28/2016,STANDARD CLASS,SH-19975,Sally Hughsby,corporate,United States,Chicago,Illinois,60610.0,central,OFF-BI-10003429,OFFICE SUPPLIES,Binders,"Cardinal HOLDit! Binder Insert Strips,Extra Strips",-,3,0.8,-5.8869
8464,CA-2014-100881,28-Mar-2014,4/1/2014,standard class,DR-12940,Daniel Raglin,HOME OFFICE,United States,Albuquerque,New Mexico,87105.0,West,TEC-PH-10003273,  Technology  ,Phones,AT&T TR1909W,$ 302.38,3,0.2,22.68 USD
6931,CA-2016-140382,06/23/2016,6/25/2016,second class,RD-19900,Ruben Dartt,  Consumer  ,United States,San Francisco,California,94109.0,WEST,OFF-PA-10001019,  Office Supplies  ,Paper,Xerox 1884,19.98,1,0.0,9.3906
859,CA-2017-161984,04/10/2017,4/15/2017,STANDARD CLASS,SJ-20125,Sanjit Jacobs,home office,United States,New Brunswick,New Jersey,8901.0,East,OFF-PA-10004569,office supplies,Paper,"Wirebound Message Books, Two 4 1/4"" x 5"" Forms per Page",7.61 USD,1,0.0,N/A
7627,US-2015-159499,Pending,11/23/2015,  Second Class  ,EM-14095,Eudokia Martin,Corporate,United States,Phoenix,Arizona,85023.0,  West  ,OFF-AP-10002867,  Office Supplies  ,Appliances,Fellowes Command Center 5-outlet power strip,  $325.63  ,6,0.2,$ 28.49
9769,CA-2017-142328,12/07/2017,12/14/2017,Standard Class,TC-21535,Tracy Collins,home office,United States,San Francisco,California,,WEST,OFF-PA-10000380,  Office Supplies  ,Paper,"REDIFORM Incoming/Outgoing Call Register, 11"" X 8 1/2"", 100 Messages",50.04,6,0.0,$ 25.02
6940,CA-2017-107132,26-Jun-2017,6/30/2017,STANDARD CLASS,SC-20260,Scott Cohen,Corporate,United States,New York City,New York,10009.0,East,OFF-BI-10001071,Office Supplies,Binders,GBC ProClick Punch Binding System,102.368,2,0.2,37.1084
7978,CA-2014-166051,31-May-2014,6/5/2014,STANDARD CLASS,JK-15625,Jim Karlsson,Consumer,United States,Jackson,Mississippi,39212.0,  South  ,TEC-PH-10002680,Technology,Phones,Samsung Galaxy Note 3,659.97,3,0.0,  $197.99  
1742,CA-2017-152807,10/30/2017,11/3/2017,STANDARD CLASS,MC-18100,Mick Crebagga,Consumer,United States,Philadelphia,Pennsylvania,19140.0,  East  ,OFF-PA-10004355,Office Supplies,Paper,Xerox 231,20.74 USD,4,0.2,$ 7.26
4583,CA-2016-121993,06/10/2016,6/12/2016,first class,JB-16000,Joy Bell-,  Consumer  ,United States,Philadelphia,Pennsylvania,19140.0,east,OFF-LA-10003720,OFFICE SUPPLIES,Labels,Avery 487,23.62 USD,8,0.2,$ 7.97
6059,CA-2014-107524,03/02/2014,3/8/2014,STANDARD CLASS,KN-16705,Kristina Nunn,  Home Office  ,United States,New York City,New York,10009.0,EAST,OFF-PA-10000587,office supplies,Paper,"Array Parchment Paper, Assorted Colors",36.4,5,0.0,-
7256,CA-2016-152730,05/30/2016,6/4/2016,STANDARD CLASS,EM-14140,Eugene Moren,  Home Office  ,United States,Superior,Wisconsin,54880.0,CENTRAL,OFF-ST-10000876,OFFICE SUPPLIES,Storage,Eldon Simplefile Box Office,$ 49.76,4,0.0,N/A
995,CA-2014-117639,05/21/2014,5/25/2014,STANDARD CLASS,MW-18235,Mitch Willingham,CORPORATE,United States,Virginia Beach,Virginia,23464.0,  South  ,OFF-BI-10003925,OFFICE SUPPLIES,Binders,Fellowes PB300 Plastic Comb Binding Machine,  $2715.93  ,7,0.0,N/A
5852,CA-2015-121783,Pending,11/14/2015,  Standard Class  ,PO-19180,Philisse Overcash,home office,United States,Roseville,Minnesota,55113.0,central,OFF-BI-10001658,  Office Supplies  ,Binders,GBC Standard Therm-A-Bind Covers,74.76 USD,3,0.0,34.39 USD
731,US-2016-150861,03-Dec-2016,12/6/2016,First Class,EG-13900,Emily Grady,Consumer,United States,Oceanside,New York,11572.0,  East  ,FUR-CH-10002965,Furniture,Chairs,"Global Leather Highback Executive Chair with Pneumatic Height Adjustment, Black",-,3,0.1,102.50 USD
3937,CA-2015-118955,2015/06/16 00:00:00,6/20/2015,Standard Class,LS-17230,Lycoris Saunders,  Consumer  ,United States,Grand Prairie,Texas,75051.0,central,OFF-EN-10001028,Office Supplies,Envelopes,Staple envelope,  $28.75  ,3,0.2,9.34 USD
4573,CA-2017-126662,07/17/2017,7/21/2017,STANDARD CLASS,AB-10255,Alejandro Ballentine,Home Office,United States,Los Angeles,California,90036.0,west,TEC-CO-10004202,  Technology  ,Copiers,Brother DCP1000 Digital 3 in 1 Multifunction Machine,479.984,2,0.2,  $90.00  
6307,CA-2016-163328,2016-11-04,11/6/2016,second class,TP-21565,Tracy Poddar,CORPORATE,United States,Eugene,Oregon,97405.0,west,FUR-CH-10003298,  Furniture  ,Chairs,"Office Star - Contemporary Task Swivel chair with Loop Arms, Charcoal",104.784,1,0.2,-14.4078
8880,US-2015-107944,2015/03/23 00:00:00,3/25/2015,First Class,AM-10360,Alice McCarthy,  Corporate  ,United States,Los Angeles,California,90008.0,West,OFF-PA-10000659,  Office Supplies  ,Paper,"TOPS Carbonless Receipt Book, Four 2-3/4 x 7-1/4 Money Receipts per Page",192.72,11,0.0,92.5056
7276,CA-2015-144519,11/13/2015,11/17/2015,STANDARD CLASS,AW-10930,,Home Office,United States,Helena,Montana,,West,FUR-FU-10000794,Furniture,Furnishings,"Eldon Stackable Tray, Side-Load, Legal, Smoke",$ 63.98,7,0.0,$ 21.75
6863,CA-2017-128965,04/17/2017,4/22/2017,STANDARD CLASS,PS-18760,Pamela Stobb,consumer,United States,Los Angeles,California,90008.0,WEST,FUR-CH-10003774,Furniture,Chairs,"Global Wood Trimmed Manager's Task Chair, Khaki",218.352,3,0.2,-19.1058
7485,CA-2017-135111,12/28/2017,1/2/2018,Standard Class,CS-12400,Christopher Schild,HOME OFFICE,United States,Fargo,North Dakota,58103.0,CENTRAL,OFF-AR-10004707,office supplies,Art,Staples in misc. colors,N/A,1,0.0,$ 0.87
7384,CA-2016-105732,09/13/2016,9/18/2016,STANDARD CLASS,AG-10270,Alejandro Grove,Consumer,United States,Omaha,Nebraska,68104.0,CENTRAL,OFF-PA-10002250,  Office Supplies  ,Paper,Things To Do Today Pad,17.61,3,0.0,$ 8.45
466,CA-2016-109869,04/22/2016,4/29/2016,Standard Class,TN-21040,Tanja Norvell,HOME OFFICE,United States,Phoenix,Arizona,85023.0,West,OFF-SU-10003505,OFFICE SUPPLIES,Supplies,Premier Electric Letter Opener,185.376,2,0.2,-34.758
6699,CA-2017-145429,07/21/2017,7/25/2017,standard class,SW-20455,Shaun Weien,  Consumer  ,United States,San Diego,California,92024.0,West,OFF-PA-10003205,office supplies,Paper,"Wirebound Message Forms, Four 2 3/4 x 5 Forms per Page, Pink Paper",$ 16.34,2,0.0,  $7.68  
6747,CA-2017-159156,2017/11/13 00:00:00,11/16/2017,First Class,KB-16600,Ken Brennan,corporate,United States,New York City,New York,,  East  ,TEC-PH-10004389,technology,Phones,Nokia Lumia 925,629.95,5,0.0,$ 163.79
7976,US-2015-126753,2015-08-16,8/20/2015,standard class,SP-20860,Sung Pak,Corporate,United States,Philadelphia,Pennsylvania,19134.0,East,OFF-BI-10003727,office supplies,Binders,Avery Durable Slant Ring Binders With Label Holder,$ 3.76,3,0.7,-2.7588
158,CA-2014-104269,03/01/2014,3/6/2014,SECOND CLASS,DB-13060,Dave Brooks,Consumer,United States,Seattle,Washington,98115.0,west,FUR-CH-10004063,FURNITURE,Chairs,Global Deluxe High-Back Manager's Chair,457.568,2,0.2,$ 51.48
7349,CA-2014-130421,03/03/2014,3/7/2014,Standard Class,SC-20020,Sam Craven,CONSUMER,United States,Houston,Texas,77095.0,Central,OFF-AP-10002534,office supplies,Appliances,3.6 Cubic Foot Counter Height Office Refrigerator,176.772,3,0.8,-459.61 USD
2287,CA-2017-165687,17-Nov-2017,11/23/2017,  Standard Class  ,CS-12355,Christine Sundaresam,consumer,United States,Salem,Virginia,,SOUTH,OFF-AP-10004036,OFFICE SUPPLIES,Appliances,Bionaire 99.97% HEPA Air Cleaner,  $35.04  ,2,0.0,12.264
3150,US-2014-109036,20-Dec-2014,12/25/2014,Standard Class,KH-16510,Keith Herrera,CONSUMER,United States,Seattle,Washington,98103.0,WEST,OFF-LA-10002043,office supplies,Labels,Avery 489,31.05,3,0.0,14.904
186,CA-2016-105018,11/28/2016,12/2/2016,STANDARD CLASS,SK-19990,Sally Knutson,consumer,United States,Fairfield,Connecticut,6824.0,East,OFF-BI-10001890,office supplies,Binders,Avery Poly Binder Pockets,$ 7.16,2,0.0,3.44 USD
1003,CA-2015-124891,31-Jul-2015,7/31/2015,Same Day,RH-19495,Rick Hansen,consumer,United States,New York City,New York,10024.0,  East  ,FUR-TA-10002903,Furniture,Tables,"Bevis Round Bullnose 29"" High Table Top",  $1090.78  ,7,0.4,-
2909,CA-2017-121615,2017/11/03 00:00:00,11/9/2017,  Standard Class  ,DL-12925,Daniel Lacy,CONSUMER,United States,Eagan,Minnesota,55122.0,central,OFF-LA-10001771,office supplies,Labels,Avery 513,14.94,3,0.0,  $6.87  
9171,US-2016-155768,2016-12-01,12/1/2016,SAME DAY,LB-16795,Laurel Beltran,  Home Office  ,United States,Oxnard,California,93030.0,WEST,FUR-FU-10000448,Furniture,Furnishings,Tenex Chairmats For Use With Carpeted Floors,31.96 USD,2,0.0,  $1.60  
401,CA-2016-108987,2016/09/08 00:00:00,9/10/2016,second class,AG-10675,Anna Gayman,consumer,United States,Houston,Texas,77036.0,Central,OFF-ST-10000934,OFFICE SUPPLIES,Storage,"Contico 72""H Heavy-Duty Storage System",131.136,4,0.2,-32.784
8172,CA-2016-146150,2016-02-14,2/19/2016,STANDARD CLASS,FM-14380,Fred McMath,  Consumer  ,United States,Jackson,Mississippi,39212.0,South,OFF-AR-10002240,office supplies,Art,Panasonic KP-150 Electric Pencil Sharpener,264.18,7,0.0,68.6868
2767,CA-2017-167752,2017/01/15 00:00:00,1/18/2017,first class,RW-19690,Robert Waldorf,CONSUMER,United States,Philadelphia,Pennsylvania,19134.0,  East  ,OFF-AP-10000159,office supplies,Appliances,Belkin F9M820V08 8 Outlet Surge,$ 34.38,1,0.2,3.8682
3129,CA-2014-136399,2014/12/16 00:00:00,12/17/2014,First Class,CC-12100,Chad Cunningham,HOME OFFICE,United States,Los Angeles,California,90049.0,  West  ,FUR-FU-10004090,Furniture,Furnishings,"Executive Impressions 14"" Contract Wall Clock",44.46,2,0.0,14.67 USD
9062,CA-2015-136420,2015/11/20 00:00:00,11/21/2015,  First Class  ,CS-12250,Chris Selesnick,  Corporate  ,United States,San Diego,California,92024.0,  West  ,OFF-LA-10002762,OFFICE SUPPLIES,Labels,Avery 485,$ 50.12,4,0.0,23.5564
3964,CA-2017-134838,19-Feb-2017,2/20/2017,First Class,ED-13885,Emily Ducich,Home Office,United States,Los Angeles,California,90045.0,  West  ,FUR-FU-10004018,FURNITURE,Furnishings,Tensor Computer Mounted Lamp,44.67,3,0.0,12.06 USD
6728,CA-2017-145443,2017-08-10,8/15/2017,Second Class,SC-20695,Steve Chapman,Corporate,United States,Richmond,Indiana,,central,OFF-PA-10003302,office supplies,Paper,Xerox 1906,  $177.20  ,5,0.0,83.284
4885,CA-2017-104080,2017/03/08 00:00:00,3/15/2017,Standard Class,AH-10210,Alan Hwang,  Consumer  ,United States,Anaheim,California,92804.0,WEST,OFF-AR-10001972,  Office Supplies  ,Art,Newell 323,3.36,2,0.0,0.8736
5181,US-2015-120502,04/13/2015,4/19/2015,  Standard Class  ,BT-11395,Bill Tyler,Corporate,United States,Los Angeles,California,90036.0,West,OFF-AP-10004980,Office Supplies,Appliances,3M Replacement Filter for Office Air Cleaner for 20' x 33' Room,$ 75.84,2,0.0,29.58 USD
1251,CA-2017-115602,12/18/2017,12/24/2017,  Standard Class  ,DJ-13630,Doug Jacobs,CONSUMER,United States,New York City,New York,10009.0,east,OFF-AP-10000891,Office Supplies,Appliances,Kensington 7 Outlet MasterPiece HOMEOFFICE Power Control Center,1704.56,13,0.0,511.368
4380,CA-2015-140830,2015-11-30,12/2/2015,  Second Class  ,PS-18970,Paul Stevenson,Home Office,United States,Henderson,Kentucky,42420.0,  South  ,OFF-EN-10002831,  Office Supplies  ,Envelopes,"Tyvek  Top-Opening Peel & Seel  Envelopes, Gray",$ 71.88,2,0.0,32.346
2738,CA-2015-115798,11/13/2015,11/19/2015,STANDARD CLASS,KL-16645,Ken Lonsdale,consumer,United States,Newark,Delaware,19711.0,East,FUR-BO-10004467,Furniture,Bookcases,Bestar Classic Bookcase,$ 299.97,3,0.0,56.9943
60,CA-2016-111682,2016/06/17 00:00:00,6/18/2016,First Class,TB-21055,Ted Butterfield,Consumer,United States,Troy,New York,12180.0,EAST,TEC-AC-10002167,TECHNOLOGY,Accessories,Imation 8gb Micro Traveldrive Usb 2.0 Flash Drive,30.0,2,0.0,  $3.30  
6409,CA-2017-161774,14-May-2017,5/15/2017,First Class,GT-14710,Greg Tran,Consumer,United States,Houston,Texas,77041.0,Central,OFF-AR-10001446,  Office Supplies  ,Art,Newell 309,  $46.20  ,5,0.2,5.78 USD
1114,CA-2017-140585,12/18/2017,12/23/2017,second class,RA-19915,Russell Applegate,  Consumer  ,United States,Encinitas,California,92024.0,West,OFF-BI-10003364,Office Supplies,Binders,Binding Machine Supplies,  $46.67  ,2,0.2,$ 16.34
9624,CA-2017-137449,06/29/2017,6/30/2017,First Class,ME-17725,Max Engle,Consumer,United States,Dallas,Texas,,CENTRAL,OFF-AP-10000240,OFFICE SUPPLIES,Appliances,Belkin F9G930V10-GRY 9 Outlet Surge,21.392,2,0.8,-54.5496
3482,CA-2014-124023,2014/04/07 00:00:00,4/10/2014,  First Class  ,PJ-19015,Pauline Johnson,Consumer,United States,Mobile,Alabama,36608.0,  South  ,FUR-FU-10004415,Furniture,Furnishings,"Stacking Tray, Side-Loading, Legal, Smoke",8.96 USD,2,0.0,2.7776
1329,CA-2017-106033,2017-10-15,10/18/2017,Second Class,FG-14260,Frank Gastineau,Home Office,United States,San Francisco,California,94110.0,  West  ,OFF-AR-10002818,Office Supplies,Art,Panasonic KP-310 Heavy-Duty Electric Pencil Sharpener,N/A,4,0.0,$ 26.38
2073,CA-2016-129693,26-Nov-2016,12/2/2016,Standard Class,TC-20980,Tamara Chand,Corporate,United States,Seattle,Washington,98105.0,  West  ,OFF-BI-10002954,Office Supplies,Binders,Newell 3-Hole Punched Plastic Slotted Magazine Holders for Binders,$ 7.31,2,0.2,2.56 USD
6670,CA-2017-122175,12-May-2017,5/14/2017,Second Class,CA-12775,Cynthia Arntzen,Consumer,United States,Vineland,New Jersey,8360.0,East,TEC-AC-10004859,TECHNOLOGY,Accessories,"Maxell Pro 80 Minute CD-R, 10/Pack",N/A,5,0.0,$ 34.96
2068,CA-2014-106439,31-Oct-2014,11/4/2014,  Standard Class  ,GG-14650,Greg Guthrie,CORPORATE,United States,Los Angeles,California,,west,OFF-AR-10001419,OFFICE SUPPLIES,Art,Newell 325,12.39,3,0.0,3.717
9221,CA-2017-103212,2017-10-13,10/14/2017,  First Class  ,MH-18025,Michelle Huthwaite,CONSUMER,United States,Lafayette,Louisiana,70506.0,SOUTH,OFF-LA-10000248,OFFICE SUPPLIES,Labels,Avery 52,N/A,3,0.0,5.2029
4140,CA-2017-127313,Pending,12/4/2017,First Class,RA-19285,Ralph Arnett,Consumer,United States,Philadelphia,Pennsylvania,19120.0,EAST,OFF-ST-10001228,  Office Supplies  ,Storage,Personal File Boxes with Fold-Down Carry Handle,37.39 USD,3,0.2,2.34 USD
3046,CA-2017-125290,11/06/2017,11/10/2017,Second Class,CC-12430,Chuck Clark,HOME OFFICE,United States,Minneapolis,Minnesota,55407.0,Central,OFF-AR-10001216,Office Supplies,Art,Newell 339,13.9,5,0.0,3.614
6884,CA-2015-137113,Pending,12/5/2015,Second Class,TW-21025,Tamara Willingham,  Home Office  ,United States,Seattle,Washington,98105.0,WEST,OFF-PA-10002222,Office Supplies,Paper,"Xerox Color Copier Paper, 11"" x 17"", Ream",$ 114.20,5,0.0,52.532
7552,CA-2014-140396,11/20/2014,11/25/2014,STANDARD CLASS,KH-16330,Katharine Harms,Corporate,United States,New York City,New York,10024.0,East,TEC-PH-10004447,Technology,Phones,Toshiba IPT2010-SD IP Telephone,833.94 USD,6,0.0,216.82 USD
2795,CA-2014-154599,12-Apr-2014,4/17/2014,STANDARD CLASS,KN-16450,Kean Nguyen,CORPORATE,United States,Redondo Beach,California,,West,TEC-PH-10000576,Technology,Phones,AT&T 1080 Corded phone,$ 438.37,4,0.2,  $38.36  
1551,US-2017-124926,2017/11/13 00:00:00,11/18/2017,Second Class,ME-17320,Maria Etezadi,Home Office,United States,Houston,Texas,77095.0,Central,OFF-AP-10004868,Office Supplies,Appliances,Hoover Commercial Soft Guard Upright Vacuum And Disposable Filtration Bags,$ 9.32,6,0.8,-24.7086
1010,CA-2017-135034,2017-08-01,8/3/2017,FIRST CLASS,AT-10735,Annie Thurman,  Consumer  ,United States,Chicago,Illinois,60653.0,Central,TEC-PH-10003931,Technology,Phones,JBL Micro Wireless Portable Bluetooth Speaker,  $95.98  ,2,0.2,$ 6.00
8507,CA-2016-130400,2016/03/08 00:00:00,3/12/2016,  Standard Class  ,SJ-20125,Sanjit Jacobs,Home Office,United States,Dallas,Texas,75217.0,Central,TEC-AC-10004633,Technology,Accessories,"Verbatim 25 GB 6x Blu-ray Single Layer Recordable Disc, 3/Pack",N/A,5,0.2,8.388
7557,CA-2017-159506,27-Nov-2017,12/2/2017,  Standard Class  ,JR-16210,,CORPORATE,United States,Columbus,Indiana,47201.0,central,OFF-PA-10003641,Office Supplies,Paper,Xerox 1909,158.28 USD,6,0.0,$ 72.81
7779,CA-2014-166961,27-Dec-2014,12/31/2014,standard class,CD-12790,Cynthia Delaney,HOME OFFICE,United States,Moreno Valley,California,92553.0,WEST,OFF-BI-10002353,Office Supplies,Binders,GBC VeloBind Cover Sets,37.06 USD,3,0.2,13.896
4986,CA-2014-125171,Pending,9/3/2014,SAME DAY,AG-10390,Allen Goldenen,  Consumer  ,United States,New York City,New York,10009.0,East,OFF-LA-10001175,  Office Supplies  ,Labels,Avery 514,14.4,5,0.0,7.056
3667,CA-2014-129364,2014/12/08 00:00:00,12/13/2014,STANDARD CLASS,TB-21250,Tim Brockman,Consumer,United States,Salem,Oregon,97301.0,West,TEC-PH-10003095,Technology,Phones,Samsung HM1900 Bluetooth Headset,52.68 USD,3,0.2,19.755
2685,CA-2017-137085,06/29/2017,7/6/2017,standard class,CT-11995,Carol Triggs,  Consumer  ,United States,Los Angeles,California,90004.0,  West  ,OFF-BI-10000632,Office Supplies,Binders,Satellite Sectional Post Binders,  $312.55  ,9,0.2,$ 101.58
8807,CA-2016-113082,2016/09/12 00:00:00,9/16/2016,STANDARD CLASS,MC-17590,Matt Collister,Corporate,United States,Utica,New York,13501.0,  East  ,FUR-FU-10002813,furniture,Furnishings,"DAX Contemporary Wood Frame with Silver Metal Mat, Desktop, 11 x 14 Size",40.48,2,0.0,14.5728
2253,CA-2016-117849,04/15/2016,4/17/2016,Second Class,JK-16120,Julie Kriz,Home Office,United States,San Diego,California,92105.0,WEST,OFF-PA-10004327,  Office Supplies  ,Paper,Xerox 1911,143.7,3,0.0,68.976
5840,CA-2015-134992,22-Sep-2015,9/26/2015,Second Class,MG-17875,Michael Grace,Home Office,United States,Arlington,Virginia,22204.0,South,OFF-PA-10001972,  Office Supplies  ,Paper,Xerox 214,$ 32.40,5,0.0,  $15.55  
9484,CA-2014-122679,2014-07-22,7/28/2014,Standard Class,AB-10255,Alejandro Ballentine,HOME OFFICE,United States,Los Angeles,California,90008.0,West,OFF-AR-10004757,  Office Supplies  ,Art,Crayola Colored Pencils,$ 19.68,6,0.0,6.49 USD
1196,US-2015-130519,2015/09/15 00:00:00,9/15/2015,Same Day,NG-18355,Nat Gilpin,Corporate,United States,Coral Springs,Florida,33065.0,SOUTH,OFF-ST-10001321,Office Supplies,Storage,"Decoflex Hanging Personal Folder File, Blue",24.67 USD,2,0.2,2.16 USD
9045,CA-2017-137463,16-Dec-2017,12/20/2017,Second Class,KM-16225,Kalyca Meade,  Corporate  ,United States,Sunnyvale,California,94086.0,west,OFF-BI-10003196,Office Supplies,Binders,Accohide Poly Flexible Ring Binders,-,2,0.2,2.24 USD
880,CA-2017-111689,2017/11/30 00:00:00,12/2/2017,SECOND CLASS,HP-14815,Harold Pawlan,home office,United States,New York City,New York,10024.0,East,OFF-BI-10003984,office supplies,Binders,Lock-Up Easel 'Spel-Binder',$ 68.47,3,0.2,23.11 USD
2407,CA-2017-108574,2017-10-07,10/11/2017,STANDARD CLASS,MG-18145,Mike Gockenbach,Consumer,United States,Los Angeles,California,90045.0,WEST,TEC-PH-10000702,Technology,Phones,"Square Credit Card Reader, 4 1/2"" x 4 1/2"" x 1"", White",  $79.92  ,10,0.2,26.973
9401,CA-2015-167696,09/16/2015,9/21/2015,Standard Class,BD-11500,Bradley Drucker,  Consumer  ,United States,Newport News,Virginia,23602.0,South,OFF-EN-10001539,  Office Supplies  ,Envelopes,Staple envelope,  $31.12  ,4,0.0,$ 14.63
6655,CA-2017-135937,20-Feb-2017,2/27/2017,standard class,KM-16375,Katherine Murray,HOME OFFICE,United States,Gilbert,Arizona,85234.0,  West  ,TEC-PH-10004447,technology,Phones,Toshiba IPT2010-SD IP Telephone,333.576,3,0.2,25.02 USD
9169,CA-2016-140571,2016-03-15,3/19/2016,standard class,SJ-20125,Sanjit Jacobs,Home Office,United States,Jackson,Mississippi,39212.0,South,OFF-PA-10001954,OFFICE SUPPLIES,Paper,Xerox 1964,$ 319.76,14,0.0,147.0896
7182,CA-2016-138667,2016-12-27,12/30/2016,second class,MW-18220,Mitch Webber,CONSUMER,United States,Lancaster,Ohio,43130.0,East,TEC-AC-10003063,TECHNOLOGY,Accessories,Micro Innovations USB RF Wireless Keyboard with Mouse,$ 40.00,2,0.2,0.5
7093,CA-2015-119480,01/09/2015,1/13/2015,standard class,CC-12685,Craig Carroll,Consumer,United States,Henderson,Kentucky,42420.0,south,OFF-AR-10004691,Office Supplies,Art,Boston 1730 StandUp Electric Pencil Sharpener,42.76,2,0.0,  $11.12  
7040,CA-2017-103443,17-Dec-2017,12/23/2017,Standard Class,AT-10735,Annie Thurman,  Consumer  ,United States,New York City,New York,10009.0,East,OFF-ST-10002276,Office Supplies,Storage,Safco Steel Mobile File Cart,$ 166.72,2,0.0,$ 41.68
1738,CA-2015-130204,2015-09-03,9/9/2015,STANDARD CLASS,DB-13120,David Bremer,Corporate,United States,San Francisco,California,94122.0,  West  ,OFF-ST-10001325,office supplies,Storage,Sterilite Officeware Hinged File Box,$ 31.44,3,0.0,$ 8.49
884,CA-2016-165148,10/22/2016,10/24/2016,first class,PM-19135,Peter McVee,  Home Office  ,United States,Detroit,Michigan,48227.0,Central,FUR-FU-10000732,FURNITURE,Furnishings,Eldon 200 Class Desk Accessories,  $31.40  ,5,0.0,10.05 USD
2289,CA-2017-143343,10-Jun-2017,6/13/2017,First Class,BW-11200,Ben Wallace,  Consumer  ,United States,Los Angeles,California,90032.0,west,OFF-AR-10002375,  Office Supplies  ,Art,Newell 351,$ 16.40,5,0.0,N/A
6609,CA-2016-148852,05/26/2016,5/31/2016,Standard Class,SV-20785,Stewart Visinsky,Consumer,United States,Santa Ana,California,,west,TEC-MA-10002428,  Technology  ,Machines,Fellowes Powershred HS-440 4-Sheet High Security Shredder,371.976,3,0.2,116.2425
5849,CA-2015-121783,10-Nov-2015,11/14/2015,STANDARD CLASS,PO-19180,Philisse Overcash,Home Office,United States,Roseville,Minnesota,55113.0,Central,OFF-AP-10003849,Office Supplies,Appliances,Hoover Shoulder Vac Commercial Portable Vacuum,715.64 USD,2,0.0,178.91
212,CA-2015-101007,2015-02-09,2/13/2015,  Second Class  ,MS-17980,Michael Stewart,corporate,United States,Dallas,Texas,75220.0,CENTRAL,TEC-AC-10001266,Technology,Accessories,Memorex Micro Travel Drive 8 GB,20.80 USD,2,0.2,  $6.50  
8687,CA-2016-144015,2016-06-26,6/26/2016,  Same Day  ,AH-10075,Adam Hart,Corporate,United States,Los Angeles,California,90036.0,West,OFF-SU-10003505,Office Supplies,Supplies,Premier Electric Letter Opener,231.72 USD,2,0.0,11.59 USD
6424,CA-2015-149650,10/24/2015,10/27/2015,first class,RD-19660,Robert Dilbeck,HOME OFFICE,United States,Oakland,California,94601.0,WEST,FUR-CH-10003956,  Furniture  ,Chairs,Novimex High-Tech Fabric Mesh Task Chair,  $454.27  ,8,0.2,$ -73.82
2928,CA-2017-158106,2017-06-04,6/10/2017,standard class,CT-11995,Carol Triggs,CONSUMER,United States,Apple Valley,Minnesota,,central,OFF-AR-10002255,Office Supplies,Art,Newell 346,$ 8.64,3,0.0,2.5056
2302,CA-2014-162362,14-Nov-2014,11/18/2014,STANDARD CLASS,JL-15505,Jeremy Lonsdale,Consumer,United States,Midland,Michigan,48640.0,  Central  ,OFF-BI-10000546,Office Supplies,Binders,Avery Durable Binders,11.52,4,0.0,5.64 USD
9829,CA-2017-169999,Pending,6/26/2017,Standard Class,JS-15685,Jim Sink,Corporate,United States,New York City,New York,10035.0,  East  ,OFF-BI-10004728,Office Supplies,Binders,Wilson Jones Turn Tabs Binder Tool for Ring Binders,$ 11.57,3,0.2,  $3.76  
9157,CA-2014-134215,08/04/2014,8/8/2014,Standard Class,ML-17395,Marina Lichtenstein,corporate,United States,Bangor,Maine,4401.0,EAST,OFF-AP-10001271,Office Supplies,Appliances,Eureka The Boss Cordless Rechargeable Stick Vac,  $101.96  ,2,0.0,$ 27.53
1439,CA-2015-139731,15-Oct-2015,10/15/2015,  Same Day  ,JE-15745,Joel Eaton,Consumer,United States,Amarillo,Texas,79109.0,CENTRAL,FUR-CH-10002024,furniture,Chairs,HON 5400 Series Task Chairs for Big and Tall,2453.43,5,0.3,-350.49
468,US-2015-101399,2015-01-17,1/24/2015,Standard Class,JS-15940,Joni Sundaresam,Home Office,United States,Park Ridge,Illinois,60068.0,CENTRAL,FUR-FU-10002918,Furniture,Furnishings,Eldon ClusterMat Chair Mat with Cordless Antistatic Protection,254.74 USD,7,0.6,$ -312.06
5457,CA-2017-130631,2017-12-29,1/2/2018,STANDARD CLASS,BS-11755,Bruce Stewart,consumer,United States,Edmonds,Washington,98026.0,  West  ,OFF-FA-10000089,office supplies,Fasteners,Acco Glide Clips,19.60 USD,5,0.0,-
2329,CA-2017-138422,23-Sep-2017,9/26/2017,First Class,KN-16705,Kristina Nunn,  Home Office  ,United States,Fort Collins,Colorado,80525.0,WEST,OFF-EN-10004147,OFFICE SUPPLIES,Envelopes,Wausau Papers Astrobrights Colored Envelopes,N/A,3,0.2,5.20 USD
4541,CA-2015-104129,2015-02-27,3/2/2015,STANDARD CLASS,ES-14080,Erin Smith,corporate,United States,Providence,Rhode Island,2908.0,East,FUR-TA-10004152,furniture,Tables,"Barricks 18"" x 48"" Non-Folding Utility Table with Bottom Storage Shelf",$ 493.92,7,0.3,-28.224
8602,CA-2014-141110,2014-11-26,12/1/2014,STANDARD CLASS,LS-17200,Luke Schmidt,Corporate,United States,Fresno,California,93727.0,WEST,OFF-BI-10001553,office supplies,Binders,SpineVue Locking Slant-D Ring Binders by Cardinal,  $7.31  ,1,0.2,  $2.56  
697,CA-2015-119291,2015-05-14,5/17/2015,FIRST CLASS,JO-15550,Jesus Ocampo,  Home Office  ,United States,Chester,Pennsylvania,19013.0,East,OFF-EN-10000927,OFFICE SUPPLIES,Envelopes,Jet-Pak Recycled Peel 'N' Seal Padded Mailers,$ 200.98,7,0.2,$ 62.81
6454,CA-2015-125710,2015-10-08,10/13/2015,STANDARD CLASS,BT-11680,Brian Thompson,Consumer,United States,Houston,Texas,77036.0,Central,OFF-AR-10000657,OFFICE SUPPLIES,Art,"Binney & Smith inkTank Desk Highlighter, Chisel Tip, Yellow, 12/Box",3.44 USD,2,0.2,$ 0.56
9139,CA-2014-123400,02/02/2014,2/9/2014,Standard Class,EB-13930,Eric Barreto,consumer,United States,Saint Petersburg,Florida,33710.0,South,TEC-PH-10002890,technology,Phones,AT&T 17929 Lendline Telephone,$ 180.96,5,0.2,$ 13.57
9758,CA-2017-113705,2017-03-27,3/29/2017,Second Class,LC-16870,Lena Cacioppo,  Consumer  ,United States,Richmond,Virginia,23223.0,South,TEC-PH-10004006,Technology,Phones,Panasonic KX - TS880B Telephone,206.10 USD,5,0.0,55.647
6861,CA-2017-128965,04/17/2017,4/22/2017,Standard Class,PS-18760,Pamela Stobb,CONSUMER,United States,Los Angeles,California,90008.0,  West  ,TEC-AC-10001383,TECHNOLOGY,Accessories,Logitech Wireless Touch Keyboard K400,274.89,11,0.0,46.73 USD
1315,CA-2016-145919,12/18/2016,12/23/2016,standard class,HG-14965,Henry Goldwyn,Corporate,United States,Los Angeles,California,90032.0,WEST,OFF-PA-10003072,Office Supplies,Paper,"Eureka Recycled Copy Paper 8 1/2"" x 11"", Ream",38.88 USD,6,0.0,-
3483,CA-2014-124688,2014-08-27,8/29/2014,First Class,CC-12610,Corey Catlett,CORPORATE,United States,Springfield,Virginia,22153.0,  South  ,TEC-PH-10000455,TECHNOLOGY,Phones,GE 30522EE2,579.95,5,0.0,N/A
8398,US-2014-120236,2014/09/03 00:00:00,9/4/2014,FIRST CLASS,MR-17545,Mathew Reese,Home Office,United States,Houston,Texas,77095.0,CENTRAL,OFF-BI-10004099,Office Supplies,Binders,GBC VeloBinder Strips,7.68,5,0.8,$ -11.52
9020,CA-2014-100706,12/16/2014,12/18/2014,Second Class,LE-16810,Laurel Elliston,Consumer,United States,Springfield,Virginia,22153.0,south,TEC-AC-10001314,Technology,Accessories,Case Logic 2.4GHz Wireless Keyboard,N/A,2,0.0,-
3657,CA-2017-158036,2017-09-08,9/14/2017,Standard Class,DB-13555,Dorothy Badders,Corporate,United States,Dublin,Ohio,,EAST,TEC-AC-10002558,  Technology  ,Accessories,Imation Swivel Flash Drive USB flash drive - 8 GB,$ 9.10,1,0.2,1.7055
915,CA-2017-102519,11/27/2017,11/29/2017,FIRST CLASS,BM-11650,,  Corporate  ,United States,Milwaukee,Wisconsin,53209.0,Central,TEC-AC-10001772,Technology,Accessories,Memorex Mini Travel Drive 16 GB USB 2.0 Flash Drive,143.73,9,0.0,56.0547
13,CA-2017-114412,2017/04/15 00:00:00,4/20/2017,Standard Class,AA-10480,Andrew Allen,consumer,United States,Concord,North Carolina,28027.0,South,OFF-PA-10002365,OFFICE SUPPLIES,Paper,Xerox 1967,15.552,3,0.2,5.4432
2456,CA-2017-140949,17-Mar-2017,3/22/2017,second class,DB-13405,Denny Blanton,consumer,United States,New York City,New York,10011.0,  East  ,OFF-ST-10000344,Office Supplies,Storage,"Neat Ideas Personal Hanging Folder Files, Black",$ 107.44,8,0.0,27.9344
9520,US-2017-104451,2017-05-08,5/12/2017,second class,MM-18055,,CONSUMER,United States,San Francisco,California,94110.0,West,OFF-AP-10000692,  Office Supplies  ,Appliances,Fellowes Mighty 8 Compact Surge Protector,$ 81.08,4,0.0,22.7024
1537,CA-2016-112389,2016-10-29,11/2/2016,STANDARD CLASS,JM-15655,Jim Mitchum,corporate,United States,Bridgeton,New Jersey,8302.0,east,OFF-AP-10001626,OFFICE SUPPLIES,Appliances,"Commercial WindTunnel Clean Air Upright Vacuum, Replacement Belts, Filtration Bags",11.67,3,0.0,$ 3.03
737,CA-2017-131954,01/21/2017,1/25/2017,Standard Class,DS-13030,Darrin Sayre,Home Office,United States,Seattle,Washington,98115.0,West,FUR-BO-10001619,Furniture,Bookcases,O'Sullivan Cherrywood Estates Traditional Bookcase,$ 84.98,1,0.0,18.70 USD
3033,US-2016-114293,21-Nov-2016,11/26/2016,Standard Class,JH-16180,Justin Hirsh,Consumer,United States,Gresham,Oregon,97030.0,  West  ,FUR-CH-10003833,  Furniture  ,Chairs,Novimex Fabric Task Chair,195.136,4,0.2,$ -12.20
8862,CA-2015-125934,2015/09/11 00:00:00,9/18/2015,standard class,SN-20560,Skye Norling,  Home Office  ,United States,Paterson,New Jersey,7501.0,East,FUR-FU-10002107,FURNITURE,Furnishings,Eldon Pizzaz Desk Accessories,8.92 USD,4,0.0,N/A
454,CA-2017-147277,2017-10-20,10/24/2017,Standard Class,EB-13705,Ed Braxton,  Corporate  ,United States,Akron,Ohio,44312.0,East,FUR-TA-10001539,FURNITURE,Tables,Chromcraft Rectangular Conference Tables,$ 284.36,2,0.4,-75.8304
5472,CA-2017-116946,19-Dec-2017,12/23/2017,STANDARD CLASS,TS-21505,,CONSUMER,United States,Parker,Colorado,80134.0,West,FUR-FU-10000320,FURNITURE,Furnishings,OIC Stacking Trays,N/A,5,0.2,  $4.01  
928,CA-2015-115091,2015-10-05,10/9/2015,  Standard Class  ,JJ-15760,Joel Jenkins,HOME OFFICE,United States,Springfield,Virginia,22153.0,  South  ,OFF-AR-10000658,Office Supplies,Art,Newell 324,46.2,4,0.0,  $12.94  
4943,CA-2015-156482,2015-02-06,2/13/2015,STANDARD CLASS,IL-15100,Ivan Liston,Consumer,United States,Wilmington,Delaware,19805.0,EAST,OFF-AR-10001022,OFFICE SUPPLIES,Art,SANFORD Liquid Accent Tank-Style Highlighters,5.68,2,0.0,$ 1.76
4440,CA-2016-162726,27-Dec-2016,1/2/2017,standard class,MT-17815,Meg Tillman,Consumer,United States,Port Arthur,Texas,77642.0,Central,OFF-PA-10004041,office supplies,Paper,"It's Hot Message Books with Stickers, 2 3/4"" x 5""",$ 23.68,4,0.2,7.4
3326,CA-2014-165309,11-Nov-2014,11/15/2014,standard class,KD-16270,Karen Daniels,Consumer,United States,Houston,Texas,77095.0,central,OFF-BI-10001267,  Office Supplies  ,Binders,"Universal Recycled Hanging Pressboard Report Binders, Letter Size",1.234,1,0.8,  $-1.97  
6462,US-2017-133361,05/14/2017,5/17/2017,First Class,AJ-10780,Anthony Jacobs,CORPORATE,United States,Baltimore,Maryland,21215.0,EAST,TEC-AC-10003280,Technology,Accessories,Belkin F8E887 USB Wired Ergonomic Keyboard,N/A,3,0.0,$ 18.89
38,CA-2015-117415,2015-12-27,12/31/2015,Standard Class,SN-20710,Steve Nguyen,home office,United States,Houston,Texas,77041.0,central,OFF-EN-10002986,Office Supplies,Envelopes,"#10-4 1/8"" x 9 1/2"" Premium Diagonal Seam Envelopes",113.328,9,0.2,35.415
6453,US-2015-110261,12/19/2015,12/23/2015,Second Class,PR-18880,Patrick Ryan,Consumer,United States,Glenview,Illinois,60025.0,CENTRAL,TEC-PH-10001750,Technology,Phones,Samsung Rugby III,158.38 USD,3,0.2,13.86 USD
4555,CA-2016-101448,2016/02/27 00:00:00,3/1/2016,SECOND CLASS,EB-13930,Eric Barreto,Consumer,United States,La Crosse,Wisconsin,54601.0,  Central  ,OFF-BI-10004738,OFFICE SUPPLIES,Binders,Flexible Leather- Look Classic Collection Ring Binder,56.82 USD,3,0.0,28.41 USD
7617,CA-2016-144309,2016/12/10 00:00:00,12/16/2016,STANDARD CLASS,CM-12235,Chris McAfee,  Consumer  ,United States,Watertown,New York,13601.0,  East  ,OFF-PA-10001776,Office Supplies,Paper,"Wirebound Message Books, Four 2 3/4"" x 5"" Forms per Page, 600 Sets per Book",18.54 USD,2,0.0,-
9993,CA-2017-121258,2017-02-26,3/3/2017,standard class,DB-13060,Dave Brooks,Consumer,United States,Costa Mesa,California,92627.0,West,OFF-PA-10004041,office supplies,Paper,"It's Hot Message Books with Stickers, 2 3/4"" x 5""",$ 29.60,4,0.0,$ 13.32
9876,CA-2015-130855,12/29/2015,1/5/2016,Standard Class,RF-19840,Roy Französisch,consumer,United States,New York City,New York,10035.0,EAST,OFF-SU-10003936,OFFICE SUPPLIES,Supplies,Acme Serrated Blade Letter Opener,$ 6.36,2,0.0,0.0636
941,CA-2016-105760,06/19/2016,6/20/2016,first class,KC-16255,Karen Carlisle,Corporate,United States,San Francisco,California,94110.0,WEST,OFF-PA-10000350,Office Supplies,Paper,"Message Book, Standard Line ""While You Were Out"", 5 1/2"" X 4"", 200 Sets/Book",17.12,2,0.0,N/A
4634,CA-2015-130456,21-Aug-2015,8/26/2015,Standard Class,DS-13180,David Smith,corporate,United States,San Francisco,California,94122.0,  West  ,FUR-BO-10003893,Furniture,Bookcases,Sauder Camden County Collection Library,586.398,6,0.15,N/A
6399,CA-2017-151981,2017-08-06,8/12/2017,Standard Class,GM-14455,Gary Mitchum,HOME OFFICE,United States,Concord,New Hampshire,3301.0,East,TEC-PH-10003601,Technology,Phones,"Ativa D5772 2-Line 5.8GHz Digital Expandable Corded/Cordless Phone System with Answering & Caller ID/Call Waiting, Black/Silver",  $824.95  ,5,0.0,247.485
9472,CA-2017-102925,2017/11/05 00:00:00,11/10/2017,second class,CD-12280,Christina DeMoss,CONSUMER,United States,New York City,New York,10024.0,  East  ,OFF-BI-10002706,Office Supplies,Binders,Avery Premier Heavy-Duty Binder with Round Locking Rings,N/A,1,0.2,$ 3.71
9051,CA-2015-165554,05/18/2015,5/22/2015,Standard Class,AJ-10780,Anthony Jacobs,Corporate,United States,Los Angeles,California,,West,OFF-PA-10003724,Office Supplies,Paper,"Wirebound Message Book, 4 per Page",10.86 USD,2,0.0,N/A
3048,CA-2014-137351,2014-09-30,10/4/2014,STANDARD CLASS,DB-13615,Doug Bickford,CONSUMER,United States,Seattle,Washington,98105.0,WEST,OFF-BI-10003910,  Office Supplies  ,Binders,DXL Angle-View Binders with Locking Rings by Samsill,N/A,7,0.2,13.4925
8673,CA-2017-163265,16-Feb-2017,2/21/2017,standard class,JS-16030,Joy Smith,consumer,United States,Decatur,Illinois,62521.0,  Central  ,OFF-FA-10004854,Office Supplies,Fasteners,"Vinyl Coated Wire Paper Clips in Organizer Box, 800/Box",18.37 USD,2,0.2,6.1992
5658,CA-2016-145261,2016/12/18 00:00:00,12/21/2016,first class,AH-10120,Adrian Hane,home office,United States,Salem,Oregon,,  West  ,TEC-AC-10000991,  Technology  ,Accessories,Sony Micro Vault Click 8 GB USB 2.0 Flash Drive,112.78 USD,3,0.2,-
739,CA-2014-132500,2014/09/08 00:00:00,9/12/2014,  Standard Class  ,GZ-14470,Gary Zandusky,Consumer,United States,San Francisco,California,94110.0,West,TEC-AC-10001383,  Technology  ,Accessories,Logitech Wireless Touch Keyboard K400,49.98,2,0.0,  $8.50  
539,CA-2015-134894,2015/12/07 00:00:00,12/11/2015,Standard Class,DK-12985,Darren Koutras,CONSUMER,United States,Henderson,Kentucky,42420.0,South,OFF-AP-10001271,office supplies,Appliances,Eureka The Boss Cordless Rechargeable Stick Vac,N/A,3,0.0,  $41.29  
3318,CA-2015-165057,09/11/2015,9/15/2015,standard class,SC-20725,Steven Cartwright,  Consumer  ,United States,Redlands,California,92374.0,  West  ,OFF-AR-10004648,  Office Supplies  ,Art,Boston 19500 Mighty Mite Electric Pencil Sharpener,181.35,9,0.0,$ 48.96
7479,CA-2014-167199,2014-01-06,1/10/2014,Standard Class,ME-17320,Maria Etezadi,  Home Office  ,United States,Henderson,Kentucky,42420.0,SOUTH,TEC-PH-10004539,Technology,Phones,Wireless Extenders zBoost YX545 SOHO Signal Booster,755.96,4,0.0,204.11 USD
1401,CA-2016-159212,2016/11/01 00:00:00,11/5/2016,Standard Class,KM-16375,Katherine Murray,Home Office,United States,Salem,Virginia,24153.0,South,TEC-PH-10003988,TECHNOLOGY,Phones,"LF Elite 3D Dazzle Designer Hard Case Cover, Lf Stylus Pen and Wiper For Apple Iphone 5c Mini Lite",21.80 USD,2,0.0,6.10 USD
9394,CA-2014-125997,20-Sep-2014,9/23/2014,  First Class  ,MW-18220,Mitch Webber,CONSUMER,United States,New York City,New York,10011.0,East,TEC-PH-10003484,technology,Phones,Ooma Telo VoIP Home Phone System,629.95,5,0.0,157.4875
8509,CA-2015-135853,2015/12/11 00:00:00,12/14/2015,First Class,CA-12775,Cynthia Arntzen,  Consumer  ,United States,Detroit,Michigan,48205.0,CENTRAL,TEC-AC-10004761,  Technology  ,Accessories,Maxell 4.7GB DVD+RW 3/Pack,-,11,0.0,61.33 USD
2076,CA-2014-131051,2014-12-01,12/5/2014,  Standard Class  ,TR-21325,Toby Ritter,CONSUMER,United States,San Francisco,California,94122.0,WEST,FUR-FU-10001861,  Furniture  ,Furnishings,"Floodlight Indoor Halogen Bulbs, 1 Bulb per Pack, 60 Watts",58.20 USD,3,0.0,$ 28.52
9431,CA-2015-166219,08/28/2015,9/1/2015,standard class,BP-11185,,  Corporate  ,United States,Dallas,Texas,,Central,FUR-TA-10004607,Furniture,Tables,Hon 2111 Invitation Series Straight Table,  $103.48  ,1,0.3,-16.26 USD
5941,CA-2017-112431,2017-10-12,10/14/2017,second class,RW-19690,Robert Waldorf,CONSUMER,United States,Los Angeles,California,90049.0,WEST,TEC-AC-10001465,TECHNOLOGY,Accessories,SanDisk Cruzer 64 GB USB Flash Drive,N/A,12,0.0,$ 130.75
6483,CA-2017-140872,2017-06-03,6/10/2017,STANDARD CLASS,NR-18550,Nick Radford,CONSUMER,United States,Pembroke Pines,Florida,33024.0,SOUTH,TEC-AC-10002942,Technology,Accessories,WD My Passport Ultra 1TB Portable External Hard Drive,$ 110.40,2,0.2,$ -4.14
1865,US-2016-100839,2016-10-13,10/17/2016,Standard Class,NC-18625,Noah Childs,Corporate,United States,Aurora,Colorado,80013.0,  West  ,FUR-FU-10001617,Furniture,Furnishings,"Executive Impressions 8-1/2"" Career Panel/Partition Cubicle Clock",$ 24.96,3,0.2,$ 4.37
5366,CA-2016-107790,11/20/2016,11/24/2016,Standard Class,EH-13990,Erica Hackney,  Consumer  ,United States,Houston,Texas,77041.0,  Central  ,TEC-PH-10004539,Technology,Phones,Wireless Extenders zBoost YX545 SOHO Signal Booster,$ 151.19,1,0.2,13.23 USD
3603,CA-2014-159835,2014-11-17,11/24/2014,STANDARD CLASS,RB-19330,Randy Bradley,CONSUMER,United States,Philadelphia,Pennsylvania,19143.0,  East  ,FUR-CH-10004997,  Furniture  ,Chairs,Hon Every-Day Series Multi-Task Chairs,657.93 USD,5,0.3,$ -93.99
4419,CA-2014-160157,12/20/2014,12/27/2014,  Standard Class  ,MH-17455,Mark Hamilton,consumer,United States,Hamilton,Ohio,45011.0,East,FUR-FU-10003773,furniture,Furnishings,Eldon Cleatmat Plus Chair Mats for High Pile Carpets,190.848,3,0.2,N/A
9371,CA-2015-111339,2015-05-29,5/31/2015,First Class,VP-21760,Victoria Pisteka,  Corporate  ,United States,Columbus,Ohio,43229.0,East,FUR-FU-10002506,  Furniture  ,Furnishings,"Tensor ""Hersey Kiss"" Styled Floor Lamp",41.568,4,0.2,-4.16 USD
6105,US-2017-132381,2017-08-22,8/24/2017,first class,Dp-13240,Dean percer,HOME OFFICE,United States,Philadelphia,Pennsylvania,19143.0,EAST,FUR-TA-10002356,Furniture,Tables,Bevis Boat-Shaped Conference Table,314.532,2,0.4,-83.88 USD
8234,CA-2014-158225,Pending,9/28/2014,  Standard Class  ,SE-20110,Sanjit Engle,consumer,United States,San Jose,California,95123.0,West,OFF-ST-10002301,OFFICE SUPPLIES,Storage,Tennsco Commercial Shelving,40.68 USD,2,0.0,0.41 USD
3980,CA-2014-114517,23-Dec-2014,12/27/2014,standard class,TH-21235,Tiffany House,Corporate,United States,New York City,New York,10024.0,east,FUR-TA-10001676,Furniture,Tables,Hon 61000 Series Interactive Training Tables,53.316,2,0.4,-
8535,CA-2015-169677,13-Jan-2015,1/15/2015,Second Class,KS-16300,Karen Seio,Corporate,United States,Columbus,Georgia,31907.0,South,OFF-LA-10003223,Office Supplies,Labels,Avery 508,9.82,2,0.0,  $4.81  
3519,US-2016-113649,08/09/2016,8/12/2016,FIRST CLASS,HA-14920,Helen Andreada,  Consumer  ,United States,Fayetteville,North Carolina,28314.0,  South  ,OFF-AP-10002518,Office Supplies,Appliances,Kensington 7 Outlet MasterPiece Power Center,$ 569.54,4,0.2,-
6640,CA-2014-108609,2014-10-31,11/2/2014,second class,AJ-10780,Anthony Jacobs,Corporate,United States,Lorain,Ohio,44052.0,EAST,FUR-TA-10003954,FURNITURE,Tables,Hon 94000 Series Round Tables,"1,421.66 USD",8,0.4,-734.5264
7947,CA-2017-134194,12/25/2017,1/1/2018,standard class,GA-14725,Guy Armstrong,Consumer,United States,Dallas,Texas,75081.0,Central,OFF-BI-10001116,OFFICE SUPPLIES,Binders,"Wilson Jones 1"" Hanging DublLock Ring Binders",3.17 USD,3,0.8,-5.0688
8421,CA-2017-118199,05/09/2017,5/11/2017,First Class,LB-16795,Laurel Beltran,Home Office,United States,Seattle,Washington,98105.0,west,TEC-AC-10004171,technology,Accessories,Razer Kraken 7.1 Surround Sound Over Ear USB Gaming Headset,199.98,2,0.0,$ 87.99
2692,US-2016-144211,2016-08-28,9/2/2016,standard class,CS-12130,Chad Sievert,Consumer,United States,Englewood,Colorado,80112.0,WEST,OFF-PA-10002246,OFFICE SUPPLIES,Paper,"Wirebound Four 2-3/4 x 5 Forms per Page, 400 Sets per Book",$ 15.48,3,0.2,5.6115
9346,CA-2017-109085,02/17/2017,2/20/2017,FIRST CLASS,CK-12325,Christine Kargatis,  Home Office  ,United States,Troy,Ohio,45373.0,East,TEC-PH-10000526,Technology,Phones,Vtech CS6719,57.59 USD,1,0.4,-11.5188
3132,CA-2014-136399,12/16/2014,12/17/2014,first class,CC-12100,Chad Cunningham,Home Office,United States,Los Angeles,California,90049.0,West,TEC-PH-10004977,technology,Phones,GE 30524EE4,627.17 USD,4,0.2,70.5564
5423,US-2016-163258,12/29/2016,1/2/2017,Standard Class,PF-19225,,Consumer,United States,Los Angeles,California,90045.0,West,OFF-BI-10000138,office supplies,Binders,Acco Translucent Poly Ring Binders,11.232,3,0.2,3.9312
9561,CA-2016-129280,03-May-2016,5/5/2016,first class,SM-20905,Susan MacKendrick,CONSUMER,United States,Newark,Ohio,43055.0,East,FUR-FU-10001876,  Furniture  ,Furnishings,"Computer Room Manger, 14""",$ 51.97,2,0.2,10.39 USD
7244,CA-2017-118892,08/17/2017,8/22/2017,Second Class,TP-21415,Tom Prescott,Consumer,United States,Philadelphia,Pennsylvania,19134.0,East,FUR-CH-10002024,FURNITURE,Chairs,HON 5400 Series Task Chairs for Big and Tall,4416.174,9,0.3,-630.882
4685,CA-2016-159912,29-Aug-2016,9/3/2016,Standard Class,GB-14530,George Bell,Corporate,United States,Philadelphia,Pennsylvania,19120.0,East,FUR-BO-10002853,Furniture,Bookcases,O'Sullivan 5-Shelf Heavy-Duty Bookcases,163.88 USD,4,0.5,$ -81.94
1740,CA-2015-130204,03-Sep-2015,9/9/2015,STANDARD CLASS,DB-13120,David Bremer,Corporate,United States,San Francisco,California,94122.0,West,TEC-AC-10003590,Technology,Accessories,"TRENDnet 56K USB 2.0 Phone, Internet and Fax Modem",  $129.45  ,5,0.0,$ 46.60
3380,CA-2017-142867,2017/03/17 00:00:00,3/21/2017,standard class,PO-19180,Philisse Overcash,HOME OFFICE,United States,Houston,Texas,,Central,OFF-PA-10004610,Office Supplies,Paper,Xerox 1900,10.27 USD,3,0.2,N/A
5082,US-2015-137533,12/18/2015,12/18/2015,  Same Day  ,JK-15640,Jim Kriz,  Home Office  ,United States,Cleveland,Ohio,44105.0,east,OFF-PA-10003441,Office Supplies,Paper,Xerox 226,$ 20.74,4,0.2,$ 7.26
8282,CA-2017-134810,05/09/2017,5/10/2017,FIRST CLASS,MC-17605,Matt Connell,corporate,United States,Jacksonville,North Carolina,28540.0,south,FUR-CH-10001270,Furniture,Chairs,Harbour Creations Steel Folding Chair,$ 207.00,3,0.2,N/A
2153,CA-2015-123505,2015-11-22,11/26/2015,  Standard Class  ,AR-10540,Andy Reiter,consumer,United States,Quincy,Massachusetts,2169.0,EAST,OFF-PA-10002586,Office Supplies,Paper,Xerox 1970,$ 14.94,3,0.0,7.02 USD
5131,CA-2014-160766,14-Sep-2014,9/14/2014,SAME DAY,DM-13015,Darrin Martin,Consumer,United States,New York City,New York,10009.0,east,OFF-PA-10000213,  Office Supplies  ,Paper,Xerox 198,44.82,9,0.0,$ 21.07
5307,US-2016-168410,02/21/2016,2/26/2016,STANDARD CLASS,BV-11245,Benjamin Venier,corporate,United States,Oceanside,New York,11572.0,  East  ,OFF-ST-10000036,Office Supplies,Storage,"Recycled Data-Pak for Archival Bound Computer Printouts, 12-1/2 x 12-1/2 x 16",  $296.37  ,3,0.0,80.0199
6552,CA-2017-161578,2017-12-16,12/21/2017,Second Class,RB-19465,Rick Bensley,HOME OFFICE,United States,Los Angeles,California,90036.0,West,OFF-PA-10002986,  Office Supplies  ,Paper,Xerox 1898,N/A,2,0.0,$ 6.41
2649,CA-2014-131002,07-Sep-2014,9/12/2014,  Second Class  ,TB-21400,Tom Boeckenhauer,Consumer,United States,Tulsa,Oklahoma,74133.0,  Central  ,FUR-FU-10004665,FURNITURE,Furnishings,"3M Polarizing Task Lamp with Clamp Arm, Light Gray",$ 821.88,6,0.0,213.6888
5822,CA-2017-117632,2017/05/12 00:00:00,5/18/2017,  Standard Class  ,CS-12175,Charles Sheldon,  Corporate  ,United States,San Francisco,California,94122.0,West,OFF-AP-10004868,Office Supplies,Appliances,Hoover Commercial Soft Guard Upright Vacuum And Disposable Filtration Bags,$ 7.77,1,0.0,2.10 USD
2361,US-2014-148838,2014-03-17,3/21/2014,Standard Class,CP-12340,,Corporate,United States,New York City,New York,10024.0,East,OFF-PA-10002960,  Office Supplies  ,Paper,Xerox 1926,34.86,7,0.0,16.38 USD
4054,CA-2014-122931,2014/09/29 00:00:00,10/3/2014,  Standard Class  ,SM-20950,Suzanne McNair,  Corporate  ,United States,Philadelphia,Pennsylvania,19134.0,east,OFF-LA-10002945,OFFICE SUPPLIES,Labels,"Permanent Self-Adhesive File Folder Labels for Typewriters, 1 1/8 x 3 1/2, White",$ 55.44,11,0.2,18.02 USD
2824,CA-2017-131016,18-Sep-2017,9/20/2017,First Class,DC-12850,Dan Campbell,Consumer,United States,Arlington,Texas,76017.0,  Central  ,OFF-ST-10000352,office supplies,Storage,Acco Perma 2700 Stacking Storage Drawers,47.58 USD,2,0.2,-2.97 USD
2046,CA-2016-131835,17-Jul-2016,7/21/2016,Standard Class,MC-17590,Matt Collister,  Corporate  ,United States,Perth Amboy,New Jersey,8861.0,east,OFF-AP-10004487,Office Supplies,Appliances,Kensington 4 Outlet MasterPiece Compact Power Control Center,$ 162.64,2,0.0,45.54 USD
6374,CA-2017-143035,2017-10-03,10/5/2017,second class,CC-12430,Chuck Clark,  Home Office  ,United States,New York City,New York,10009.0,east,TEC-AC-10002049,TECHNOLOGY,Accessories,Logitech G19 Programmable Gaming Keyboard,  $371.97  ,3,0.0,66.9546
5629,CA-2017-148810,2017-06-26,7/1/2017,  Standard Class  ,DR-12880,Dan Reichenbach,Corporate,United States,Miami,Florida,33180.0,south,FUR-CH-10001545,  Furniture  ,Chairs,Hon Comfortask Task/Swivel Chairs,$ 273.55,3,0.2,-13.6776
7883,CA-2017-118017,2017/12/03 00:00:00,12/6/2017,Second Class,LC-16870,Lena Cacioppo,Consumer,United States,Thornton,Colorado,80229.0,West,TEC-AC-10002006,Technology,Accessories,Memorex Micro Travel Drive 16 GB,N/A,8,0.2,14.07 USD
3685,CA-2015-132626,09-Jul-2015,7/14/2015,Standard Class,BT-11680,Brian Thompson,Consumer,United States,Clinton,Maryland,20735.0,East,OFF-BI-10001634,Office Supplies,Binders,Wilson Jones Active Use Binders,43.68,6,0.0,  $21.40  
5407,US-2016-143280,2016-02-22,2/26/2016,STANDARD CLASS,TZ-21580,Tracy Zic,Consumer,United States,Los Angeles,California,90045.0,west,OFF-FA-10000992,office supplies,Fasteners,"Acco Clips to Go Binder Clips, 24 Clips in Two Sizes",-,3,0.0,-
4920,CA-2016-160304,02-Jan-2016,1/7/2016,Standard Class,BM-11575,Brendan Murry,  Corporate  ,United States,Gaithersburg,Maryland,20877.0,EAST,TEC-PH-10000455,Technology,Phones,GE 30522EE2,231.98 USD,2,0.0,  $67.27  
7656,CA-2015-107685,2015-11-30,12/2/2015,second class,JM-15865,John Murray,CONSUMER,United States,Las Vegas,Nevada,89115.0,WEST,OFF-PA-10003848,Office Supplies,Paper,Xerox 1997,$ 25.92,4,0.0,12.4416
2752,CA-2014-158029,2014-05-26,5/30/2014,STANDARD CLASS,HF-14995,Herbert Flentye,Consumer,United States,Los Angeles,California,90008.0,WEST,FUR-CH-10000988,Furniture,Chairs,Hon Olson Stacker Stools,225.30 USD,2,0.2,22.53 USD
9918,CA-2017-160927,2017-01-29,1/31/2017,Second Class,TM-21010,Tamara Manning,Consumer,United States,Marion,Iowa,52302.0,  Central  ,FUR-FU-10000010,Furniture,Furnishings,"DAX Value U-Channel Document Frames, Easel Back",$ 14.91,3,0.0,4.6221
5585,CA-2017-105333,11/30/2017,12/4/2017,STANDARD CLASS,VP-21730,Victor Preis,Home Office,United States,New York City,New York,10011.0,  East  ,OFF-ST-10002182,OFFICE SUPPLIES,Storage,"Iris 3-Drawer Stacking Bin, Black",83.56 USD,4,0.0,1.67 USD
7513,US-2017-161935,07/14/2017,7/18/2017,Standard Class,JL-15835,John Lee,CONSUMER,United States,Columbus,Ohio,43229.0,EAST,OFF-ST-10001837,Office Supplies,Storage,"SAFCO Mobile Desk Side File, Wire Frame",239.456,7,0.2,N/A
8951,CA-2017-150910,2017/12/22 00:00:00,12/28/2017,  Standard Class  ,JL-15130,Jack Lebron,Consumer,United States,Jackson,Tennessee,38301.0,south,TEC-AC-10001013,Technology,Accessories,Logitech ClearChat Comfort/USB Headset H390,46.86 USD,2,0.2,N/A
4225,CA-2016-108644,30-Sep-2016,10/3/2016,First Class,SJ-20215,Sarah Jordon,  Consumer  ,United States,Quincy,Illinois,62301.0,CENTRAL,OFF-BI-10000343,  Office Supplies  ,Binders,"Pressboard Covers with Storage Hooks, 9 1/2"" x 11"", Light Blue",1.964,2,0.8,-
4343,CA-2017-105410,2017-03-19,3/22/2017,FIRST CLASS,ND-18370,Natalie DeCherney,consumer,United States,San Francisco,California,94110.0,West,OFF-BI-10004970,OFFICE SUPPLIES,Binders,"ACCOHIDE 3-Ring Binder, Blue, 1""",19.824,6,0.2,  $6.69  
9172,US-2016-155768,12/01/2016,12/1/2016,  Same Day  ,LB-16795,Laurel Beltran,Home Office,United States,Oxnard,California,,  West  ,OFF-PA-10001357,Office Supplies,Paper,Xerox 1886,N/A,1,0.0,22.992
1347,CA-2014-118339,2014-03-17,3/24/2014,  Standard Class  ,BN-11515,Bradley Nguyen,  Consumer  ,United States,Lakeville,Minnesota,55044.0,Central,OFF-PA-10000466,Office Supplies,Paper,"Memo Book, 100 Message Capacity, 5 3/8” x 11”",47.18,7,0.0,$ 23.59
7073,CA-2016-112256,2016-07-23,7/28/2016,Standard Class,CK-12205,Chloris Kastensmidt,consumer,United States,Mcallen,Texas,78501.0,CENTRAL,OFF-PA-10004355,Office Supplies,Paper,Xerox 231,5.184,1,0.2,1.81 USD
8942,CA-2016-159023,03-Nov-2016,11/5/2016,FIRST CLASS,NW-18400,Natalie Webber,Consumer,United States,Portland,Oregon,97206.0,West,OFF-BI-10002813,Office Supplies,Binders,Avery Reinforcements for Hole-Punch Pages,4.158,7,0.7,-3.465
5642,CA-2017-106355,Pending,4/5/2017,First Class,AT-10435,Alyssa Tate,Home Office,United States,Meriden,Connecticut,6450.0,EAST,OFF-AR-10000246,Office Supplies,Art,Newell 318,  $11.12  ,4,0.0,2.89 USD
8066,CA-2016-132997,2016/11/07 00:00:00,11/9/2016,First Class,LW-17215,Luke Weiss,consumer,United States,Rochester,New York,14609.0,East,OFF-ST-10003479,OFFICE SUPPLIES,Storage,"Eldon Base for stackable storage shelf, platinum",116.82,3,0.0,5.841
1792,CA-2014-120474,2014/12/01 00:00:00,12/3/2014,  First Class  ,RP-19390,Resi Pölking,  Consumer  ,United States,Madison,Wisconsin,53711.0,Central,FUR-CH-10001854,FURNITURE,Chairs,Office Star - Professional Matrix Back Chair with 2-to-1 Synchro Tilt and Mesh Fabric Seat,"2,807.84 USD",8,0.0,673.88 USD
3161,US-2014-150924,09/12/2014,9/16/2014,Second Class,PT-19090,Pete Takahito,Consumer,United States,Houston,Texas,77070.0,Central,OFF-BI-10004040,  Office Supplies  ,Binders,Wilson Jones Impact Binders,5.18 USD,5,0.8,$ -8.03
4478,CA-2017-130211,2017/10/22 00:00:00,10/22/2017,SAME DAY,BD-11620,Brian DeCherney,Consumer,United States,Lawton,Oklahoma,73505.0,CENTRAL,OFF-ST-10000129,OFFICE SUPPLIES,Storage,Fellowes Recycled Storage Drawers,-,3,0.0,23.32 USD
8675,CA-2017-163265,02/16/2017,2/21/2017,STANDARD CLASS,JS-16030,Joy Smith,consumer,United States,Decatur,Illinois,62521.0,Central,OFF-ST-10000642,OFFICE SUPPLIES,Storage,"Tennsco Lockers, Gray",  $50.35  ,3,0.2,-8.1822
9492,CA-2017-111738,01/03/2017,1/7/2017,standard class,CM-12385,Christopher Martinez,consumer,United States,San Francisco,California,94110.0,WEST,OFF-AR-10000817,Office Supplies,Art,Manco Dry-Lighter Erasable Highlighter,9.12 USD,3,0.0,-
8187,CA-2015-136728,09/13/2015,9/17/2015,Second Class,AG-10900,Arthur Gainer,Consumer,United States,Chicago,Illinois,60623.0,Central,FUR-CH-10003817,Furniture,Chairs,"Global Value Steno Chair, Gray",$ 170.07,4,0.3,-
5272,CA-2017-125913,2017-01-16,1/16/2017,SAME DAY,JO-15145,Jack O'Briant,Corporate,United States,Los Angeles,California,90008.0,WEST,FUR-FU-10001487,FURNITURE,Furnishings,"Eldon Expressions Wood and Plastic Desk Accessories, Cherry Wood",-,4,0.0,8.10 USD
3435,CA-2017-131212,12/05/2017,12/9/2017,standard class,AB-10165,Alan Barnes,CONSUMER,United States,Bellevue,Washington,98006.0,west,OFF-BI-10000145,  Office Supplies  ,Binders,Zipper Ring Binder Pockets,14.976,6,0.2,5.4288
4751,CA-2016-127649,2016-10-07,10/9/2016,  First Class  ,DL-13495,Dionis Lloyd,Corporate,United States,Spokane,Washington,99207.0,west,TEC-MA-10001972,  Technology  ,Machines,Okidata C331dn Printer,837.6,3,0.2,$ 62.82
834,CA-2016-165316,07/23/2016,7/27/2016,STANDARD CLASS,JB-15400,Jennifer Braxton,corporate,United States,Tampa,Florida,33614.0,south,OFF-AR-10002956,office supplies,Art,Boston 16801 Nautilus Battery Pencil Sharpener,35.216,2,0.2,2.6412
6487,CA-2015-120621,2015/03/21 00:00:00,3/26/2015,STANDARD CLASS,JW-16075,Julia West,consumer,United States,Jacksonville,North Carolina,28540.0,  South  ,OFF-AP-10002945,OFFICE SUPPLIES,Appliances,Honeywell Enviracaire Portable HEPA Air Cleaner for 17' x 22' Room,962.08 USD,4,0.2,156.338
3838,CA-2014-126760,26-Jul-2014,8/2/2014,Standard Class,KM-16720,Kunst Miller,Consumer,United States,North Las Vegas,Nevada,89031.0,West,TEC-PH-10001363,technology,Phones,Apple iPhone 5S,-,2,0.2,  $114.00  
8934,CA-2016-102134,14-Mar-2016,3/19/2016,Standard Class,SP-20545,Sibella Parks,CORPORATE,United States,Green Bay,Wisconsin,54302.0,CENTRAL,FUR-FU-10003724,Furniture,Furnishings,Westinghouse Clip-On Gooseneck Lamps,16.74,2,0.0,$ 4.35
2146,US-2016-152051,2016/06/25 00:00:00,6/29/2016,  Standard Class  ,TS-21160,Theresa Swint,CORPORATE,United States,York,Pennsylvania,17403.0,EAST,FUR-CH-10002965,  Furniture  ,Chairs,"Global Leather Highback Executive Chair with Pneumatic Height Adjustment, Black",422.06 USD,3,0.3,$ -18.09
4013,CA-2015-153612,22-Dec-2015,12/27/2015,Standard Class,BT-11305,Beth Thompson,HOME OFFICE,United States,Superior,Wisconsin,54880.0,CENTRAL,OFF-AR-10000203,Office Supplies,Art,Newell 336,17.12,4,0.0,4.96 USD
5028,US-2017-130953,07/29/2017,8/3/2017,STANDARD CLASS,RF-19735,Roland Fjeld,  Consumer  ,United States,Oklahoma City,Oklahoma,73120.0,central,FUR-CH-10004626,  Furniture  ,Chairs,Office Star Flex Back Scooter Chair with Aluminum Finish Frame,302.67,3,0.0,72.64 USD
5050,US-2014-104759,31-Mar-2014,4/4/2014,Standard Class,DD-13570,Dorothy Dickinson,  Consumer  ,United States,Chicago,Illinois,60610.0,Central,TEC-AC-10004901,Technology,Accessories,Kensington SlimBlade Notebook Wireless Mouse with Nano Receiver ,79.984,2,0.2,13.9972
4303,CA-2014-123253,22-Aug-2014,8/25/2014,Second Class,DE-13255,Deanra Eno,Home Office,United States,Lakewood,Ohio,44107.0,EAST,OFF-AR-10002804,OFFICE SUPPLIES,Art,Faber Castell Col-Erase Pencils,$ 3.91,1,0.2,1.03 USD
4339,CA-2015-125234,11/27/2015,12/1/2015,STANDARD CLASS,SN-20710,Steve Nguyen,  Home Office  ,United States,Los Angeles,California,90049.0,WEST,OFF-PA-10000482,  Office Supplies  ,Paper,"Snap-A-Way Black Print Carbonless Ruled Speed Letter, Triplicate",$ 113.82,3,0.0,53.50 USD
6962,CA-2017-162096,2017-11-10,11/10/2017,SAME DAY,TB-21190,Thomas Brumley,Home Office,United States,Riverside,California,92503.0,West,OFF-AR-10002221,  Office Supplies  ,Art,12 Colored Short Pencils,N/A,3,0.0,2.106
9872,CA-2017-146269,2017-10-06,10/6/2017,Same Day,MH-17455,Mark Hamilton,  Consumer  ,United States,Chicago,Illinois,60623.0,Central,OFF-ST-10003208,office supplies,Storage,Adjustable Depth Letter/Legal Cart,290.336,2,0.2,32.66 USD
9038,CA-2015-166492,2015-04-07,4/10/2015,First Class,RP-19390,Resi Pölking,  Consumer  ,United States,New York City,New York,,east,OFF-ST-10002214,Office Supplies,Storage,X-Rack File for Hanging Folders,$ 22.58,2,0.0,N/A
4632,CA-2017-168396,08/03/2017,8/8/2017,second class,BD-11725,Bruce Degenhardt,  Consumer  ,United States,San Francisco,California,,West,OFF-LA-10001297,Office Supplies,Labels,Avery 473,51.75,5,0.0,24.84
5063,CA-2015-136798,2015-05-08,5/12/2015,Standard Class,DL-12925,Daniel Lacy,CONSUMER,United States,Minneapolis,Minnesota,55407.0,central,TEC-PH-10000441,  Technology  ,Phones,VTech DS6151,$ 377.97,3,0.0,105.8316
7415,US-2016-114013,2016/03/13 00:00:00,3/15/2016,SECOND CLASS,SC-20770,Stewart Carmichael,Corporate,United States,Philadelphia,Pennsylvania,19134.0,EAST,FUR-CH-10004287,FURNITURE,Chairs,SAFCO Arco Folding Chair,386.68,2,0.3,-
7169,CA-2014-117464,22-Jul-2014,7/24/2014,Second Class,NP-18325,Naresj Patel,consumer,United States,San Francisco,California,94122.0,WEST,OFF-ST-10003058,  Office Supplies  ,Storage,Eldon Mobile Mega Data Cart  Mega Stackable  Add-On Trays,$ 236.50,10,0.0,68.58 USD
5194,CA-2014-101560,2014-11-28,12/1/2014,Second Class,CS-12250,Chris Selesnick,corporate,United States,Columbia,South Carolina,29203.0,South,OFF-PA-10001363,Office Supplies,Paper,Xerox 1933,85.96,7,0.0,$ 40.40
1198,CA-2016-130946,2016/04/08 00:00:00,4/12/2016,Standard Class,ZC-21910,Zuschuss Carroll,CONSUMER,United States,Houston,Texas,77041.0,  Central  ,TEC-AC-10001990,  Technology  ,Accessories,Kensington Orbit Wireless Mobile Trackball for PC and Mac,431.93 USD,9,0.2,64.7892
2184,CA-2016-128818,Pending,5/11/2016,Standard Class,CJ-12010,Caroline Jumper,  Consumer  ,United States,New York City,New York,10009.0,  East  ,TEC-AC-10001767,TECHNOLOGY,Accessories,SanDisk Ultra 64 GB MicroSDHC Class 10 Memory Card,  $199.95  ,5,0.0,$ 21.99
5295,CA-2017-144883,Pending,8/19/2017,Standard Class,BO-11350,Bill Overfelt,Corporate,United States,Roseville,Minnesota,55113.0,central,OFF-LA-10000305,OFFICE SUPPLIES,Labels,Avery 495,50.40 USD,8,0.0,23.184
3961,CA-2015-113901,10/19/2015,10/24/2015,Standard Class,NH-18610,Nicole Hansen,Corporate,United States,Detroit,Michigan,48227.0,Central,OFF-BI-10001249,  Office Supplies  ,Binders,Avery Heavy-Duty EZD View Binder with Locking Rings,$ 38.28,6,0.0,17.6088
6330,CA-2014-167927,2014-01-20,1/26/2014,Standard Class,XP-21865,Xylona Preis,  Consumer  ,United States,Westland,Michigan,48185.0,  Central  ,OFF-AP-10002311,OFFICE SUPPLIES,Appliances,"Holmes Replacement Filter for HEPA Air Cleaner, Very Large Room, HEPA Filter",$ 247.72,4,0.1,$ 93.58
1430,US-2015-164448,10/31/2015,11/4/2015,SECOND CLASS,DK-12835,Damala Kotsonis,Corporate,United States,Salinas,California,93905.0,WEST,OFF-LA-10003510,Office Supplies,Labels,"Avery 4027 File Folder Labels for Dot Matrix Printers, 5000 Labels per Box, White",  $427.42  ,14,0.0,$ 196.61
1938,CA-2016-112109,07/08/2016,7/12/2016,STANDARD CLASS,JE-15715,Joe Elijah,Consumer,United States,Broomfield,Colorado,80020.0,West,OFF-BI-10002082,OFFICE SUPPLIES,Binders,GBC Twin Loop Wire Binding Elements,$ 19.97,2,0.7,-13.312
3640,CA-2016-145177,11/10/2016,11/14/2016,STANDARD CLASS,PP-18955,Paul Prost,  Home Office  ,United States,Springfield,Ohio,45503.0,East,OFF-PA-10000682,  Office Supplies  ,Paper,Xerox 1924,4.62 USD,1,0.2,$ 1.68
3205,CA-2014-158372,10-Nov-2014,11/16/2014,Standard Class,RD-19900,Ruben Dartt,  Consumer  ,United States,San Diego,California,92037.0,West,FUR-FU-10000397,furniture,Furnishings,Luxo Economy Swing Arm Lamp,39.88,2,0.0,$ 11.17
3756,CA-2016-116799,2016/03/03 00:00:00,3/6/2016,  First Class  ,JG-15310,Jason Gross,  Corporate  ,United States,Odessa,Texas,79762.0,CENTRAL,OFF-PA-10001892,Office Supplies,Paper,"Rediform Wirebound ""Phone Memo"" Message Book, 11 x 5-3/4",$ 42.78,7,0.2,15.5092
6088,CA-2015-114048,12/14/2015,12/18/2015,Standard Class,EH-13945,Eric Hoffmann,consumer,United States,Costa Mesa,California,,West,FUR-FU-10004351,  Furniture  ,Furnishings,Staple-based wall hangings,$ 29.22,3,0.0,12.86 USD
6381,US-2014-163797,08-Apr-2014,4/13/2014,standard class,PC-19000,Pauline Chand,Home Office,United States,Chandler,Arizona,85224.0,WEST,OFF-FA-10001883,Office Supplies,Fasteners,"Alliance Super-Size Bands, Assorted Sizes",49.792,8,0.2,$ -11.83
1154,CA-2017-160395,31-Dec-2016,1/6/2017,  Standard Class  ,KL-16555,Kelly Lampkin,Corporate,United States,Reno,Nevada,89502.0,West,OFF-BI-10003984,office supplies,Binders,Lock-Up Easel 'Spel-Binder',159.768,7,0.2,53.9217
2708,CA-2017-155873,06/16/2017,6/21/2017,STANDARD CLASS,AB-10255,Alejandro Ballentine,  Home Office  ,United States,Carlsbad,New Mexico,88220.0,  West  ,OFF-PA-10001815,Office Supplies,Paper,Xerox 1885,$ 192.16,4,0.0,92.24 USD
6114,CA-2016-124590,2016-11-12,11/16/2016,Standard Class,SP-20920,Susan Pistek,  Consumer  ,United States,Parma,Ohio,44134.0,east,FUR-CH-10000454,Furniture,Chairs,"Hon Deluxe Fabric Upholstered Stacking Chairs, Rounded Back",N/A,9,0.3,0.0
8517,CA-2016-132899,Pending,4/11/2016,Standard Class,SF-20200,Sarah Foster,CONSUMER,United States,New York City,New York,10009.0,  East  ,OFF-AR-10002833,office supplies,Art,Newell 322,$ 3.64,2,0.0,0.9828
4966,CA-2015-109708,25-May-2015,5/28/2015,Second Class,CY-12745,Craig Yedwab,  Corporate  ,United States,Columbia,Tennessee,38401.0,SOUTH,TEC-PH-10001944,Technology,Phones,Wi-Ex zBoost YX540 Cellular Phone Signal Booster,467.04,4,0.2,58.38
5731,CA-2017-117324,2017-12-08,12/13/2017,STANDARD CLASS,JP-15520,Jeremy Pistek,Consumer,United States,Madison,Wisconsin,53711.0,central,FUR-BO-10003159,furniture,Bookcases,"Sauder Camden County Collection Libraries, Planked Cherry Finish",$ 459.92,4,0.0,41.39 USD
2689,CA-2015-153220,12-Nov-2015,11/14/2015,FIRST CLASS,YC-21895,Yoseph Carroll,corporate,United States,Los Angeles,California,90032.0,  West  ,OFF-PA-10003016,Office Supplies,Paper,"Adams ""While You Were Out"" Message Pads",15.70 USD,5,0.0,7.065
4780,CA-2014-150301,2014-07-08,7/10/2014,FIRST CLASS,MH-18025,Michelle Huthwaite,  Consumer  ,United States,Buffalo,New York,14215.0,EAST,FUR-CH-10002647,furniture,Chairs,"Situations Contoured Folding Chairs, 4/Set",63.882,1,0.1,  $10.65  
2413,CA-2014-151295,2014-11-12,11/16/2014,STANDARD CLASS,JA-15970,Joseph Airdo,Consumer,United States,Los Angeles,California,90045.0,west,OFF-PA-10001947,OFFICE SUPPLIES,Paper,Xerox 1974,11.96 USD,2,0.0,5.8604
9389,US-2017-127292,19-Jan-2017,1/23/2017,standard class,RM-19375,Raymond Messe,Consumer,United States,Burlington,Vermont,5408.0,  East  ,OFF-AP-10000828,Office Supplies,Appliances,Avanti 4.4 Cu. Ft. Refrigerator,542.94,3,0.0,$ 152.02
5380,CA-2016-136021,08/14/2016,8/18/2016,  Standard Class  ,JM-15580,,CONSUMER,United States,Los Angeles,California,90045.0,  West  ,OFF-PA-10000551,OFFICE SUPPLIES,Paper,Array Memo Cubes,15.54 USD,3,0.0,$ 7.61
9700,CA-2017-154116,12/15/2017,12/19/2017,standard class,KM-16660,Khloe Miller,consumer,United States,Inglewood,California,90301.0,WEST,OFF-AP-10000027,Office Supplies,Appliances,Hoover Commercial SteamVac,54.32,4,0.0,16.30 USD
606,CA-2014-149958,Pending,3/19/2014,  Standard Class  ,AS-10240,Alan Shonely,Consumer,United States,Tampa,Florida,33614.0,South,OFF-BI-10001543,Office Supplies,Binders,GBC VeloBinder Manual Binding System,43.19 USD,4,0.7,-31.6712
5582,CA-2017-163818,04-Oct-2017,10/8/2017,  Standard Class  ,PS-18970,Paul Stevenson,Home Office,United States,Clinton,Maryland,20735.0,East,FUR-FU-10000076,FURNITURE,Furnishings,24-Hour Round Wall Clock,19.98,1,0.0,$ 8.59
6394,CA-2016-129126,12/14/2016,12/19/2016,Standard Class,PK-19075,Pete Kriz,CONSUMER,United States,New York City,New York,10011.0,EAST,OFF-FA-10000621,Office Supplies,Fasteners,"OIC Colored Binder Clips, Assorted Sizes",21.48,6,0.0,  $10.53  
2448,CA-2016-119165,Pending,11/6/2016,standard class,BD-11320,Bill Donatelli,Consumer,United States,Philadelphia,Pennsylvania,19143.0,  East  ,FUR-CH-10000988,  Furniture  ,Chairs,Hon Olson Stacker Stools,  $492.83  ,5,0.3,-14.08 USD
5466,CA-2014-146591,2014-01-19,1/20/2014,first class,TS-21340,Toby Swindell,Consumer,United States,Scottsdale,Arizona,85254.0,WEST,FUR-BO-10001972,Furniture,Bookcases,O'Sullivan 4-Shelf Bookcase in Odessa Pine,181.47,5,0.7,-320.597
1484,CA-2017-101210,08/25/2017,8/28/2017,second class,DW-13540,Don Weiss,Consumer,United States,Jackson,Tennessee,38301.0,  South  ,OFF-PA-10000130,OFFICE SUPPLIES,Paper,Xerox 199,3.42 USD,1,0.2,$ 1.07
4181,CA-2017-128426,2017/10/07 00:00:00,10/11/2017,standard class,JK-15730,Joe Kamberova,Consumer,United States,Houston,Texas,77036.0,Central,OFF-BI-10000756,Office Supplies,Binders,Storex DuraTech Recycled Plastic Frosted Binders,$ 4.24,5,0.8,-6.36
2883,CA-2014-165540,02/21/2014,2/25/2014,STANDARD CLASS,TM-21010,Tamara Manning,Consumer,United States,Woodstock,Illinois,60098.0,Central,OFF-BI-10004094,office supplies,Binders,GBC Standard Plastic Binding Systems Combs,8.85,5,0.8,-13.72 USD
5767,CA-2016-149685,Pending,10/15/2016,STANDARD CLASS,PM-19135,Peter McVee,Home Office,United States,San Antonio,Texas,,central,OFF-LA-10004545,  Office Supplies  ,Labels,Avery 50,$ 60.14,6,0.2,20.2986
6278,US-2016-139087,17-Jul-2016,7/22/2016,  Second Class  ,DK-13375,Dennis Kane,CONSUMER,United States,Seattle,Washington,98105.0,  West  ,OFF-ST-10000604,OFFICE SUPPLIES,Storage,Home/Office Personal File Carts,$ 69.52,2,0.0,17.38
4111,CA-2015-153717,2015-12-25,1/1/2016,STANDARD CLASS,DL-13495,Dionis Lloyd,  Corporate  ,United States,Detroit,Michigan,48227.0,Central,FUR-BO-10004360,  Furniture  ,Bookcases,Rush Hierlooms Collection Rich Wood Bookcases,160.98 USD,1,0.0,  $20.93  
1427,US-2015-164448,10/31/2015,11/4/2015,Second Class,DK-12835,Damala Kotsonis,corporate,United States,Salinas,California,93905.0,  West  ,OFF-BI-10002949,  Office Supplies  ,Binders,Prestige Round Ring Binders,$ 9.73,2,0.2,N/A
497,CA-2016-126158,2016-07-25,7/31/2016,  Standard Class  ,SC-20095,Sanjit Chand,Consumer,United States,Costa Mesa,California,92627.0,WEST,OFF-BI-10002498,  Office Supplies  ,Binders,Clear Mylar Reinforcing Strips,119.616,8,0.2,40.3704
3394,CA-2014-105340,22-Nov-2014,11/25/2014,First Class,EH-14185,,Consumer,United States,Pasadena,Texas,77506.0,Central,OFF-BI-10001765,  Office Supplies  ,Binders,Wilson Jones Heavy-Duty Casebound Ring Binders with Metal Hinges,6.928,1,0.8,-11.0848
7628,US-2015-159499,11/21/2015,11/23/2015,second class,EM-14095,Eudokia Martin,  Corporate  ,United States,Phoenix,Arizona,85023.0,WEST,TEC-AC-10002718,  Technology  ,Accessories,Belkin Standard 104 key USB Keyboard,23.34 USD,2,0.2,$ -1.46
759,CA-2017-117240,07/23/2017,7/28/2017,Standard Class,CP-12340,,  Corporate  ,United States,New York City,New York,10009.0,EAST,OFF-BI-10000848,Office Supplies,Binders,Angle-D Ring Binders,  $13.13  ,3,0.2,$ 4.27
838,US-2017-156083,Pending,11/11/2017,standard class,JL-15175,James Lanier,Home Office,United States,Columbia,Tennessee,38401.0,South,OFF-PA-10001560,  Office Supplies  ,Paper,"Adams Telephone Message Books, 5 1/4” x 11”",9.664,2,0.2,3.2616
4322,US-2015-147662,02/14/2015,2/19/2015,Standard Class,KB-16315,Karl Braun,Consumer,United States,Akron,Ohio,44312.0,EAST,OFF-BI-10001658,Office Supplies,Binders,GBC Standard Therm-A-Bind Covers,14.952,2,0.7,-11.96 USD
2123,CA-2017-167381,2017-09-22,9/24/2017,  Second Class  ,EH-14005,Erica Hernandez,  Home Office  ,United States,Lansing,Michigan,48911.0,CENTRAL,FUR-BO-10001972,Furniture,Bookcases,O'Sullivan 4-Shelf Bookcase in Odessa Pine,241.96 USD,2,0.0,$ 41.13
1023,CA-2015-124450,2015/04/27 00:00:00,5/3/2015,STANDARD CLASS,GT-14710,Greg Tran,CONSUMER,United States,Washington,District of Columbia,,east,TEC-MA-10004212,TECHNOLOGY,Machines,Cisco SPA525G2 5-Line IP Phone,"$ 1,379.92",8,0.0,648.56 USD
9865,CA-2017-113278,2017-01-14,1/20/2017,STANDARD CLASS,HR-14770,Hallie Redmond,Home Office,United States,Richmond,Indiana,47374.0,CENTRAL,TEC-AC-10004469,  Technology  ,Accessories,Microsoft Sculpt Comfort Mouse,159.8,4,0.0,70.312
5604,CA-2016-117919,2016-08-27,8/29/2016,SECOND CLASS,TB-21355,Todd Boyes,Corporate,United States,Houston,Texas,77041.0,Central,OFF-PA-10004353,Office Supplies,Paper,Southworth 25% Cotton Premium Laser Paper and Envelopes,  $79.92  ,5,0.2,  $27.97  
5571,CA-2017-157966,03/13/2017,3/13/2017,Same Day,SU-20665,Stephanie Ulpright,  Home Office  ,United States,Chicago,Illinois,60610.0,Central,TEC-PH-10001527,  Technology  ,Phones,Plantronics MX500i Earset,N/A,1,0.2,  $-7.30  
1058,CA-2017-167150,2017-12-10,12/17/2017,  Standard Class  ,BP-11185,Ben Peterman,  Corporate  ,United States,San Diego,California,92037.0,West,OFF-BI-10001097,  Office Supplies  ,Binders,Avery Hole Reinforcements,  $19.94  ,4,0.2,7.23 USD
8030,CA-2016-166373,10/21/2016,10/25/2016,Standard Class,JF-15565,Jill Fjeld,consumer,United States,San Antonio,Texas,78207.0,  Central  ,TEC-AC-10002323,technology,Accessories,SanDisk Ultra 32 GB MicroSDHC Class 10 Memory Card,106.08 USD,6,0.2,-9.28 USD
8824,CA-2017-100622,2017-11-03,11/7/2017,Standard Class,DK-13090,Dave Kipp,CONSUMER,United States,Orlando,Florida,32839.0,SOUTH,OFF-PA-10002947,office supplies,Paper,Xerox 1923,$ 10.69,2,0.2,-
5020,CA-2014-127558,Pending,11/18/2014,first class,SS-20410,Shahid Shariari,Consumer,United States,Los Angeles,California,90008.0,west,OFF-SU-10002537,office supplies,Supplies,Acme Box Cutter Scissors,$ 20.46,2,0.0,5.3196
7775,CA-2016-152800,2016-04-13,4/15/2016,FIRST CLASS,SP-20920,Susan Pistek,Consumer,United States,San Francisco,California,94109.0,WEST,OFF-EN-10001509,  Office Supplies  ,Envelopes,Poly String Tie Envelopes,6.12,3,0.0,2.8764
6476,CA-2017-140872,06/03/2017,6/10/2017,standard class,NR-18550,Nick Radford,consumer,United States,Pembroke Pines,Florida,33024.0,south,OFF-BI-10002432,OFFICE SUPPLIES,Binders,Wilson Jones Standard D-Ring Binders,$ 4.55,3,0.7,$ -3.49
2761,CA-2014-129574,26-May-2014,5/29/2014,First Class,Dp-13240,Dean percer,home office,United States,Murray,Utah,84107.0,West,OFF-PA-10002893,  Office Supplies  ,Paper,"Wirebound Service Call Books, 5 1/2"" x 4""",48.40 USD,5,0.0,23.23 USD
2192,CA-2016-128412,10-Dec-2016,12/17/2016,standard class,AP-10915,Arthur Prichep,Consumer,United States,Seattle,Washington,98105.0,West,OFF-BI-10001718,Office Supplies,Binders,GBC DocuBind P50 Personal Binding Machine,$ 153.55,3,0.2,51.8238
6443,CA-2016-101161,2016/10/13 00:00:00,10/20/2016,standard class,BW-11110,Bart Watters,  Corporate  ,United States,New York City,New York,10024.0,east,OFF-PA-10001295,  Office Supplies  ,Paper,Computer Printout Paper with Letter-Trim Perforations,37.94 USD,2,0.0,18.2112
1545,CA-2014-107181,02/04/2014,2/8/2014,Standard Class,DB-13270,Deborah Brumfield,Home Office,United States,San Diego,California,92024.0,  West  ,OFF-PA-10000350,  Office Supplies  ,Paper,"Message Book, Standard Line ""While You Were Out"", 5 1/2"" X 4"", 200 Sets/Book",34.24,4,0.0,16.0928
4182,US-2017-136868,2017/10/06 00:00:00,10/12/2017,Standard Class,CR-12820,,  Home Office  ,United States,New York City,New York,10035.0,East,TEC-AC-10001539,Technology,Accessories,Logitech G430 Surround Sound Gaming Headset with Dolby 7.1 Technology,$ 319.96,4,0.0,115.19 USD
1719,CA-2016-169943,19-May-2016,5/24/2016,standard class,BN-11515,Bradley Nguyen,  Consumer  ,United States,New York City,New York,10011.0,East,FUR-FU-10002088,FURNITURE,Furnishings,Nu-Dell Float Frame 11 x 14 1/2,  $35.92  ,4,0.0,N/A
6274,US-2016-139087,17-Jul-2016,7/22/2016,Second Class,DK-13375,Dennis Kane,Consumer,United States,Seattle,Washington,98105.0,West,FUR-FU-10001847,  Furniture  ,Furnishings,Eldon Image Series Black Desk Accessories,$ 12.42,3,0.0,4.4712
8076,CA-2017-151750,01/01/2017,1/5/2017,Standard Class,JM-15250,Janet Martin,Consumer,United States,Huntsville,Texas,77340.0,central,OFF-AP-10004708,Office Supplies,Appliances,Fellowes Superior 10 Outlet Split Surge Protector,15.22 USD,2,0.8,N/A
9467,CA-2017-102925,11/05/2017,11/10/2017,  Second Class  ,CD-12280,Christina DeMoss,  Consumer  ,United States,New York City,New York,10024.0,  East  ,OFF-BI-10002735,office supplies,Binders,GBC Prestige Therm-A-Bind Covers,164.69 USD,6,0.2,55.5822
725,CA-2016-114713,2016-07-07,7/12/2016,Standard Class,SC-20695,Steve Chapman,corporate,United States,Hialeah,Florida,33012.0,South,OFF-SU-10004664,  Office Supplies  ,Supplies,Acme Softgrip Scissors,45.58 USD,7,0.2,  $5.13  
9575,CA-2015-148495,08/13/2015,8/13/2015,Same Day,SF-20065,Sandra Flanagan,Consumer,United States,Pomona,California,91767.0,west,FUR-FU-10001889,  Furniture  ,Furnishings,Ultra Door Pull Handle,31.56,3,0.0,10.41 USD
4878,US-2014-155817,10/03/2014,10/9/2014,Standard Class,SL-20155,Sara Luxemburg,home office,United States,Durham,North Carolina,27707.0,South,OFF-AR-10002335,Office Supplies,Art,DIXON Oriole Pencils,  $6.19  ,3,0.2,0.4644
5482,CA-2017-105487,2017/10/08 00:00:00,10/14/2017,Standard Class,CS-12250,Chris Selesnick,  Corporate  ,United States,San Diego,California,92105.0,West,TEC-AC-10002305,Technology,Accessories,KeyTronic E03601U1 - Keyboard - Beige,  $36.00  ,2,0.0,$ 6.48
1128,CA-2015-105970,2015-03-02,3/7/2015,Standard Class,PA-19060,Pete Armstrong,Home Office,United States,Richmond,Indiana,47374.0,central,OFF-AR-10003156,Office Supplies,Art,50 Colored Long Pencils,  $10.16  ,1,0.0,2.6416
7112,CA-2016-109666,04/19/2016,4/26/2016,Standard Class,KM-16720,Kunst Miller,CONSUMER,United States,New York City,New York,10035.0,  East  ,OFF-AR-10004022,OFFICE SUPPLIES,Art,Panasonic KP-380BK Classic Electric Pencil Sharpener,71.96,2,0.0,17.99
5146,CA-2017-161333,02/02/2017,2/7/2017,Standard Class,JL-15835,John Lee,CONSUMER,United States,Los Angeles,California,90045.0,  West  ,OFF-ST-10000464,OFFICE SUPPLIES,Storage,"Multi-Use Personal File Cart and Caster Set, Three Stacking Bins",139.04 USD,4,0.0,38.9312
4809,CA-2014-149055,Pending,11/28/2014,STANDARD CLASS,PB-19210,Phillip Breyer,  Corporate  ,United States,Philadelphia,Pennsylvania,19134.0,  East  ,OFF-EN-10003040,OFFICE SUPPLIES,Envelopes,Quality Park Security Envelopes,  $62.81  ,3,0.2,  $21.20  
9500,CA-2017-118213,05-Nov-2017,11/7/2017,FIRST CLASS,AB-10060,Adam Bellavance,  Home Office  ,United States,Greenwood,Indiana,46142.0,central,OFF-PA-10003673,OFFICE SUPPLIES,Paper,Strathmore Photo Mount Cards,67.80 USD,10,0.0,31.188
3423,CA-2016-134803,28-May-2016,6/3/2016,standard class,CL-12565,Clay Ludtke,Consumer,United States,Los Angeles,California,90004.0,WEST,TEC-AC-10002217,technology,Accessories,Imation Clip USB flash drive - 8 GB,131.60 USD,7,0.0,7.90 USD
8680,CA-2016-112739,09/02/2016,9/7/2016,Second Class,RD-19810,Ross DeVincentis,Home Office,United States,Houston,Texas,77070.0,Central,TEC-AC-10001714,technology,Accessories,Logitech MX Performance Wireless Mouse,N/A,5,0.2,33.9065
2150,CA-2017-102771,03/31/2017,4/5/2017,Standard Class,DO-13435,Denny Ordway,CONSUMER,United States,New York City,New York,10035.0,East,TEC-PH-10001536,technology,Phones,Spigen Samsung Galaxy S5 Case Wallet,  $84.95  ,5,0.0,$ 22.09
5265,CA-2014-105165,09/07/2014,9/10/2014,  First Class  ,SZ-20035,Sam Zeldin,  Home Office  ,United States,Houston,Texas,77036.0,  Central  ,OFF-AR-10003179,  Office Supplies  ,Art,Dixon Ticonderoga Core-Lock Colored Pencils,  $21.86  ,3,0.2,3.5529
6366,CA-2017-144848,2017-04-04,4/5/2017,first class,DS-13030,Darrin Sayre,Home Office,United States,New York City,New York,10009.0,East,TEC-PH-10004006,technology,Phones,Panasonic KX - TS880B Telephone,$ 41.22,1,0.0,-
3038,US-2015-123960,Pending,6/16/2015,standard class,BD-11605,Brian Dahlen,Consumer,United States,Monroe,Louisiana,71203.0,south,OFF-PA-10004451,office supplies,Paper,Xerox 222,32.40 USD,5,0.0,$ 15.55
3762,CA-2017-104577,05/12/2017,5/17/2017,Standard Class,CK-12205,Chloris Kastensmidt,CONSUMER,United States,Everett,Massachusetts,2149.0,east,OFF-PA-10000659,Office Supplies,Paper,"TOPS Carbonless Receipt Book, Four 2-3/4 x 7-1/4 Money Receipts per Page",87.6,5,0.0,42.048
150,CA-2016-114489,2016/12/05 00:00:00,12/9/2016,Standard Class,JE-16165,Justin Ellison,corporate,United States,Franklin,Wisconsin,53132.0,  Central  ,FUR-CH-10000454,Furniture,Chairs,"Hon Deluxe Fabric Upholstered Stacking Chairs, Rounded Back","$ 1,951.84",8,0.0,585.552
6886,CA-2017-123036,09/10/2017,9/17/2017,STANDARD CLASS,HA-14905,Helen Abelman,Consumer,United States,Springfield,Ohio,45503.0,EAST,TEC-AC-10003499,Technology,Accessories,Memorex Mini Travel Drive 8 GB USB 2.0 Flash Drive,$ 37.06,4,0.2,$ 8.80
9461,CA-2014-101833,2014/11/17 00:00:00,11/22/2014,Second Class,FG-14260,Frank Gastineau,Home Office,United States,New York City,New York,10024.0,EAST,OFF-PA-10003591,Office Supplies,Paper,Southworth 100% Cotton The Best Paper,$ 34.44,3,0.0,$ 17.22
3028,CA-2014-106719,2014-08-24,8/24/2014,Same Day,RB-19645,Robert Barroso,Corporate,United States,Billings,Montana,,west,OFF-BI-10002799,  Office Supplies  ,Binders,"SlimView Poly Binder, 3/8""",8.29 USD,2,0.2,N/A
4216,CA-2014-103590,2014/11/30 00:00:00,12/4/2014,standard class,JL-15505,Jeremy Lonsdale,Consumer,United States,Mount Vernon,New York,10550.0,EAST,OFF-EN-10004007,Office Supplies,Envelopes,Park Ridge Embossed Executive Business Envelopes,$ 62.28,4,0.0,$ 29.27
5713,CA-2017-115805,2017/07/31 00:00:00,7/31/2017,SAME DAY,KW-16435,Katrina Willman,consumer,United States,Chicago,Illinois,60653.0,  Central  ,TEC-PH-10003092,Technology,Phones,Motorola L804,36.792,1,0.2,4.1391
842,CA-2015-100454,20-Nov-2015,11/25/2015,Standard Class,BM-11650,Brian Moss,  Corporate  ,United States,New York City,New York,10035.0,EAST,FUR-BO-10001519,FURNITURE,Bookcases,O'Sullivan 3-Shelf Heavy-Duty Bookcases,186.048,4,0.2,  $9.30  
5969,CA-2014-141726,07/20/2014,7/22/2014,First Class,CC-12145,Charles Crestani,CONSUMER,United States,San Diego,California,,West,OFF-PA-10000418,Office Supplies,Paper,Xerox 189,$ 104.85,1,0.0,$ 50.33
4076,CA-2017-108112,11/15/2017,11/20/2017,Standard Class,DK-12895,Dana Kaydos,Consumer,United States,Miramar,Florida,33023.0,south,FUR-FU-10001488,  Furniture  ,Furnishings,"Tenex 46"" x 60"" Computer Anti-Static Chairmat, Rectangular Shaped",  $339.14  ,4,0.2,$ 0.00
6297,CA-2014-141313,2014-12-28,1/1/2015,standard class,AJ-10780,Anthony Jacobs,CORPORATE,United States,Beverly,Massachusetts,1915.0,East,OFF-ST-10000689,OFFICE SUPPLIES,Storage,"Fellowes Strictly Business Drawer File, Letter/Legal Size",$ 704.25,5,0.0,84.51 USD
6188,CA-2015-138954,15-Nov-2015,11/17/2015,First Class,MH-17785,Maya Herman,corporate,United States,New York City,New York,10035.0,East,OFF-BI-10003963,office supplies,Binders,Cardinal Holdit Data Disk Pockets,$ 34.94,6,0.2,$ 11.79
6359,CA-2017-139080,01/23/2017,1/28/2017,Standard Class,CS-12250,Chris Selesnick,CORPORATE,United States,Seattle,Washington,98103.0,West,OFF-PA-10002262,office supplies,Paper,Xerox 192,6.48,1,0.0,  $3.11  
4468,CA-2017-168641,24-Nov-2017,12/1/2017,standard class,KA-16525,Kelly Andreada,Consumer,United States,New York City,New York,10035.0,EAST,OFF-EN-10003001,  Office Supplies  ,Envelopes,Ames Color-File Green Diamond Border X-ray Mailers,167.96 USD,2,0.0,78.9412
8571,CA-2016-162390,12/06/2016,12/12/2016,Standard Class,DP-13105,Dave Poirier,corporate,United States,Hempstead,New York,11550.0,east,TEC-CO-10004202,technology,Copiers,Brother DCP1000 Digital 3 in 1 Multifunction Machine,  $479.98  ,2,0.2,$ 90.00
2274,CA-2015-142944,03/06/2015,3/11/2015,Standard Class,JL-15850,John Lucas,CONSUMER,United States,San Francisco,California,94122.0,WEST,TEC-CO-10003763,Technology,Copiers,Canon PC1060 Personal Laser Copier,"1,119.98 USD",2,0.2,377.9946
5796,CA-2014-124856,2014-09-29,10/3/2014,second class,LD-17005,Lisa DeCherney,consumer,United States,New York City,New York,10011.0,EAST,OFF-ST-10002615,Office Supplies,Storage,"Dual Level, Single-Width Filing Carts",1395.54,9,0.0,362.8404
6625,CA-2015-141250,2015-01-19,1/23/2015,  Standard Class  ,PM-18940,Paul MacIntyre,consumer,United States,Texas City,Texas,77590.0,Central,FUR-TA-10002855,Furniture,Tables,Bevis Round Conference Table Top & Single Column Base,$ 102.44,1,0.3,-13.17 USD
5516,CA-2015-103177,05/30/2015,6/1/2015,FIRST CLASS,EN-13780,Edward Nazzal,CONSUMER,United States,New York City,New York,10009.0,east,TEC-PH-10001527,TECHNOLOGY,Phones,Plantronics MX500i Earset,-,3,0.0,$ 3.87
1393,US-2016-108504,05-Feb-2016,2/5/2016,Same Day,PP-18955,Paul Prost,Home Office,United States,Smyrna,Georgia,,south,OFF-PA-10003892,office supplies,Paper,Xerox 1943,342.37,7,0.0,  $160.91  
1922,CA-2015-125178,10/03/2015,10/9/2015,STANDARD CLASS,MZ-17515,Mary Zewe,Corporate,United States,Reading,Pennsylvania,19601.0,East,OFF-ST-10002562,OFFICE SUPPLIES,Storage,Staple magnet,15.01 USD,2,0.2,1.5008
7541,US-2017-112347,2017-12-02,12/6/2017,Standard Class,BS-11380,Bill Stewart,CORPORATE,United States,Denver,Colorado,80219.0,West,FUR-BO-10003546,  Furniture  ,Bookcases,Hon 4-Shelf Metal Bookcases,242.352,8,0.7,  $-363.53  
8216,CA-2015-120845,09/25/2015,10/2/2015,Standard Class,ML-17395,Marina Lichtenstein,corporate,United States,Murfreesboro,Tennessee,37130.0,South,OFF-BI-10004506,Office Supplies,Binders,Wilson Jones data.warehouse D-Ring Binders with DublLock,2.469,1,0.7,-1.8106
5732,CA-2017-117324,12/08/2017,12/13/2017,standard class,JP-15520,Jeremy Pistek,Consumer,United States,Madison,Wisconsin,53711.0,  Central  ,OFF-PA-10002713,Office Supplies,Paper,"Adams Phone Message Book, 200 Message Capacity, 8 1/16” x 11”",27.52 USD,4,0.0,12.66 USD
8046,CA-2016-145611,20-Sep-2016,9/24/2016,STANDARD CLASS,HA-14905,Helen Abelman,CONSUMER,United States,New York City,New York,10035.0,east,OFF-AP-10001005,Office Supplies,Appliances,Honeywell Quietcare HEPA Air Cleaner,$ 393.25,5,0.0,$ 129.77
2129,CA-2015-134859,10/04/2015,10/9/2015,Standard Class,JK-16120,Julie Kriz,home office,United States,Philadelphia,Pennsylvania,19134.0,  East  ,OFF-PA-10001293,Office Supplies,Paper,Xerox 1946,20.736,4,0.2,7.26 USD
551,CA-2015-113173,15-Nov-2015,11/17/2015,second class,DK-13225,Dean Katz,CORPORATE,United States,Chicago,Illinois,,Central,OFF-SU-10001935,  Office Supplies  ,Supplies,Staple remover,8.72,5,0.2,-1.744
1741,CA-2014-110527,08/09/2014,8/16/2014,Standard Class,ED-13885,Emily Ducich,home office,United States,San Diego,California,92037.0,west,OFF-LA-10000262,Office Supplies,Labels,Avery 494,20.88 USD,8,0.0,$ 9.60
3750,CA-2017-161956,08/27/2017,8/29/2017,Second Class,DR-12880,,corporate,United States,Inglewood,California,90301.0,west,TEC-CO-10001571,  Technology  ,Copiers,Sharp 1540cs Digital Laser Copier,  $879.98  ,2,0.2,329.99 USD
1818,CA-2015-125423,12/13/2015,12/15/2015,Second Class,MC-17575,,  Consumer  ,United States,Los Angeles,California,,WEST,OFF-LA-10001771,office supplies,Labels,Avery 513,9.96,2,0.0,4.5816
2593,CA-2017-128300,2017-11-24,11/26/2017,Second Class,RS-19765,Roland Schwarz,  Corporate  ,United States,Summerville,South Carolina,,south,TEC-PH-10002807,technology,Phones,Motorla HX550 Universal Bluetooth Headset,79.1,2,0.0,39.55 USD
7655,CA-2015-107685,11/30/2015,12/2/2015,Second Class,JM-15865,John Murray,  Consumer  ,United States,Las Vegas,Nevada,89115.0,West,FUR-FU-10002813,furniture,Furnishings,"DAX Contemporary Wood Frame with Silver Metal Mat, Desktop, 11 x 14 Size",$ 80.96,4,0.0,29.1456
3013,CA-2017-134845,2017-04-17,4/23/2017,  Standard Class  ,SR-20425,Sharelle Roach,Home Office,United States,Louisville,Colorado,80027.0,  West  ,OFF-BI-10001543,  Office Supplies  ,Binders,GBC VeloBinder Manual Binding System,21.594,2,0.7,-15.8356
18,CA-2014-167164,13-May-2014,5/15/2014,SECOND CLASS,AG-10270,Alejandro Grove,CONSUMER,United States,West Jordan,Utah,,  West  ,OFF-ST-10000107,OFFICE SUPPLIES,Storage,Fellowes Super Stor/Drawer,55.50 USD,2,0.0,  $9.99  
1771,CA-2017-146024,03/02/2017,3/8/2017,  Standard Class  ,SC-20770,Stewart Carmichael,Corporate,United States,Dallas,Texas,75081.0,central,OFF-BI-10003291,Office Supplies,Binders,Wilson Jones Leather-Like Binders with DublLock Round Rings,12.22 USD,7,0.8,$ -20.17
1889,CA-2014-142587,10/21/2014,10/22/2014,  First Class  ,TB-21520,Tracy Blumstein,  Consumer  ,United States,Fairfield,Ohio,45014.0,EAST,OFF-AP-10004708,office supplies,Appliances,Fellowes Superior 10 Outlet Split Surge Protector,121.792,4,0.2,$ 13.70
9176,CA-2017-119424,12-Jun-2017,6/14/2017,Second Class,SB-20185,Sarah Brown,CONSUMER,United States,Kent,Washington,98031.0,West,OFF-PA-10001639,OFFICE SUPPLIES,Paper,Xerox 203,N/A,3,0.0,9.33 USD
1643,US-2014-134712,11/29/2014,12/4/2014,  Standard Class  ,BS-11380,Bill Stewart,CORPORATE,United States,Skokie,Illinois,60076.0,  Central  ,OFF-FA-10003112,office supplies,Fasteners,Staples,12.62 USD,2,0.2,  $3.94  
4268,US-2016-131611,2016-11-05,11/9/2016,Standard Class,EP-13915,Emily Phan,CONSUMER,United States,Houston,Texas,,Central,OFF-BI-10001989,Office Supplies,Binders,Premium Transparent Presentation Covers by GBC,$ 12.59,3,0.8,-20.14 USD
6211,CA-2017-119809,2017-08-18,8/25/2017,STANDARD CLASS,YS-21880,Yana Sorensen,Corporate,United States,Seattle,Washington,98103.0,West,OFF-ST-10003306,office supplies,Storage,Letter Size Cart,"1,000.02 USD",7,0.0,290.01 USD
4741,CA-2017-164364,11/12/2017,11/16/2017,STANDARD CLASS,CS-12355,Christine Sundaresam,  Consumer  ,United States,Seattle,Washington,98115.0,West,OFF-LA-10004853,Office Supplies,Labels,Avery 483,9.96 USD,2,0.0,  $4.58  
4824,CA-2016-140018,21-Nov-2016,11/26/2016,STANDARD CLASS,CK-12205,Chloris Kastensmidt,CONSUMER,United States,Columbus,Ohio,43229.0,East,TEC-MA-10000752,  Technology  ,Machines,Texas Instrument TI-15 Fraction Calculator,30.34 USD,7,0.7,$ -24.28
534,CA-2016-168753,2016-05-29,6/1/2016,second class,RL-19615,Rob Lucas,Consumer,United States,Montgomery,Alabama,36116.0,south,TEC-PH-10000984,Technology,Phones,Panasonic KX-TG9471B,979.95 USD,5,0.0,  $274.39  
133,US-2017-164147,02/02/2017,2/5/2017,First Class,DW-13585,Dorothy Wardle,Corporate,United States,Columbus,Ohio,43229.0,east,OFF-FA-10002780,  Office Supplies  ,Fasteners,Staples,21.46 USD,9,0.2,$ 6.97
9144,US-2017-166688,05/20/2017,5/26/2017,STANDARD CLASS,RD-19480,Rick Duston,Consumer,United States,Las Vegas,Nevada,89115.0,west,TEC-PH-10004094,Technology,Phones,Motorola L703CM,1123.128,9,0.2,70.1955
8453,CA-2016-125087,04/18/2016,4/23/2016,  Standard Class  ,TH-21115,Thea Hudgings,CORPORATE,United States,Houston,Texas,77070.0,Central,FUR-CH-10002880,Furniture,Chairs,"Global High-Back Leather Tilter, Burgundy",$ 344.37,4,0.3,$ -93.47
965,CA-2017-135279,04/09/2017,4/11/2017,first class,BS-11800,Bryan Spruell,Home Office,United States,New York City,New York,10011.0,EAST,OFF-LA-10004055,OFFICE SUPPLIES,Labels,Color-Coded Legal Exhibit Labels,9.82,2,0.0,N/A
8625,CA-2015-136147,2015-11-13,11/18/2015,STANDARD CLASS,FM-14380,Fred McMath,  Consumer  ,United States,Miami,Florida,33178.0,  South  ,TEC-AC-10004568,technology,Accessories,Maxell LTO Ultrium - 800 GB,111.96 USD,5,0.2,-1.3995
3791,CA-2014-107139,2014-07-05,7/11/2014,Standard Class,DP-13390,Dennis Pardue,Home Office,United States,Los Angeles,California,90004.0,WEST,OFF-BI-10001670,OFFICE SUPPLIES,Binders,Vinyl Sectional Post Binders,$ 180.96,6,0.2,  $67.86  
8280,CA-2017-146192,2017-04-22,4/26/2017,standard class,BD-11725,Bruce Degenhardt,Consumer,United States,Columbus,Georgia,31907.0,South,OFF-ST-10003716,OFFICE SUPPLIES,Storage,Tennsco Double-Tier Lockers,675.06,3,0.0,87.7578
7838,CA-2015-149083,2015-09-25,9/30/2015,standard class,SH-19975,Sally Hughsby,CORPORATE,United States,Seattle,Washington,98103.0,WEST,OFF-LA-10002945,OFFICE SUPPLIES,Labels,"Permanent Self-Adhesive File Folder Labels for Typewriters, 1 1/8 x 3 1/2, White",12.6,2,0.0,5.796
1096,CA-2017-160423,01/21/2017,1/26/2017,  Standard Class  ,PS-19045,Penelope Sewall,home office,United States,Charlotte,North Carolina,28205.0,south,OFF-ST-10004340,office supplies,Storage,"Fellowes Mobile File Cart, Black",$ 348.21,7,0.2,  $30.47  
3686,CA-2015-132626,2015-07-09,7/14/2015,STANDARD CLASS,BT-11680,Brian Thompson,consumer,United States,Clinton,Maryland,20735.0,EAST,OFF-ST-10003722,Office Supplies,Storage,Project Tote Personal File,98.21,7,0.0,28.4809
9957,US-2014-143287,11/11/2014,11/17/2014,Standard Class,KN-16705,Kristina Nunn,Home Office,United States,New Rochelle,New York,10801.0,east,OFF-PA-10001776,office supplies,Paper,"Wirebound Message Books, Four 2 3/4"" x 5"" Forms per Page, 600 Sets per Book",46.35 USD,5,0.0,21.78 USD
1562,CA-2017-107293,2017-09-05,9/6/2017,first class,CS-12400,Christopher Schild,home office,United States,Seattle,Washington,98115.0,west,OFF-AR-10003732,OFFICE SUPPLIES,Art,Newell 333,2.78 USD,1,0.0,0.7228
1671,CA-2017-159457,Pending,10/26/2017,standard class,RD-19480,Rick Duston,Consumer,United States,Houston,Texas,77095.0,Central,TEC-PH-10002185,Technology,Phones,QVS USB Car Charger 2-Port 2.1Amp for iPod/iPhone/iPad/iPad 2/iPad 3,N/A,3,0.2,-
6952,CA-2015-161767,20-Nov-2015,11/24/2015,Standard Class,GK-14620,Grace Kelly,CORPORATE,United States,Dallas,Texas,75217.0,central,TEC-MA-10002790,Technology,Machines,NeatDesk Desktop Scanner & Digital Filing System,  $479.99  ,2,0.4,55.9986
3911,CA-2015-167010,2015/04/05 00:00:00,4/10/2015,Standard Class,VT-21700,Valerie Takahito,Home Office,United States,Philadelphia,Pennsylvania,19143.0,East,FUR-BO-10004218,FURNITURE,Bookcases,"Bush Heritage Pine Collection 5-Shelf Bookcase, Albany Pine Finish, *Special Order",N/A,5,0.5,-211.47 USD
4101,US-2017-102288,06/19/2017,6/23/2017,STANDARD CLASS,ZC-21910,Zuschuss Carroll,consumer,United States,Houston,Texas,77095.0,central,OFF-AP-10004655,office supplies,Appliances,"Holmes Visible Mist Ultrasonic Humidifier with 2.3-Gallon Output per Day, Replacement Filter",$ 2.26,1,0.8,$ -5.21
2587,CA-2017-131695,30-Jun-2017,7/6/2017,  Standard Class  ,RA-19285,Ralph Arnett,CONSUMER,United States,New York City,New York,10024.0,East,OFF-ST-10001476,  Office Supplies  ,Storage,Steel Personal Filing/Posting Tote,  $248.57  ,7,0.0,67.1139
9195,CA-2014-146843,11/30/2014,12/6/2014,STANDARD CLASS,PB-19150,Philip Brown,  Consumer  ,United States,Avondale,Arizona,85323.0,West,OFF-SU-10001664,office supplies,Supplies,Acme Office Executive Series Stainless Steel Trimmers,  $47.99  ,7,0.2,3.5994
2003,CA-2017-163510,25-Dec-2017,12/28/2017,  Second Class  ,JW-15955,Joni Wasserman,consumer,United States,Louisville,Kentucky,,South,OFF-ST-10000563,Office Supplies,Storage,Fellowes Bankers Box Stor/Drawer Steel Plus,$ 95.94,3,0.0,9.594
7226,CA-2016-109953,2016-07-14,7/18/2016,standard class,RB-19360,Raymond Buch,  Consumer  ,United States,San Francisco,California,94122.0,west,FUR-FU-10000073,FURNITURE,Furnishings,Deflect-O Glasstique Clear Desk Accessories,30.80 USD,4,0.0,-
169,CA-2014-139892,09/08/2014,9/12/2014,Standard Class,BM-11140,Becky Martin,Consumer,United States,San Antonio,Texas,78207.0,central,OFF-AR-10002656,  Office Supplies  ,Art,Sanford Liquid Accent Highlighters,32.06 USD,6,0.2,6.81 USD
8782,CA-2015-133585,01-Mar-2015,3/4/2015,First Class,CM-12715,Craig Molinari,  Corporate  ,United States,Houston,Texas,77070.0,central,FUR-BO-10001811,  Furniture  ,Bookcases,"Atlantic Metals Mobile 5-Shelf Bookcases, Custom Colors","$ 1,228.00",6,0.32,$ -36.12
5895,CA-2017-100825,2017-09-09,9/14/2017,STANDARD CLASS,KD-16495,Keith Dawkins,corporate,United States,Los Angeles,California,90036.0,  West  ,OFF-ST-10003123,Office Supplies,Storage,Fellowes Bases and Tops For Staxonsteel/High-Stak Systems,$ 99.87,3,0.0,23.97 USD
9524,CA-2014-169446,2014-12-19,12/25/2014,Standard Class,SG-20605,Speros Goranitis,Consumer,United States,Chicago,Illinois,60623.0,Central,OFF-ST-10000419,OFFICE SUPPLIES,Storage,"Rogers Jumbo File, Granite",$ 32.59,3,0.2,-7.74 USD
9508,CA-2014-149104,2014-04-05,4/7/2014,Second Class,RD-19900,Ruben Dartt,CONSUMER,United States,Dearborn Heights,Michigan,48127.0,Central,OFF-BI-10004209,Office Supplies,Binders,"Fellowes Twister Kit, Gray/Clear, 3/pkg",40.20 USD,5,0.0,18.09 USD
6709,CA-2015-123141,2015/11/14 00:00:00,11/19/2015,Standard Class,GZ-14470,Gary Zandusky,  Consumer  ,United States,Rio Rancho,New Mexico,87124.0,WEST,FUR-CH-10004287,  Furniture  ,Chairs,SAFCO Arco Folding Chair,883.84,4,0.2,99.43 USD
4412,CA-2014-130624,06/21/2014,6/24/2014,  First Class  ,TB-21280,,Consumer,United States,New York City,New York,10024.0,  East  ,OFF-PA-10003883,office supplies,Paper,"Message Book, Phone, Wirebound Standard Line Memo, 2 3/4"" X 5""",N/A,3,0.0,9.04 USD
6837,CA-2017-142643,2017-10-15,10/20/2017,Standard Class,DL-13495,Dionis Lloyd,  Corporate  ,United States,Thousand Oaks,California,91360.0,WEST,FUR-FU-10000087,FURNITURE,Furnishings,"Executive Impressions 14"" Two-Color Numerals Wall Clock",22.72,1,0.0,9.32 USD
8712,CA-2014-105648,2014-03-03,3/7/2014,Standard Class,EJ-14155,Eva Jacobs,Consumer,United States,San Diego,California,92037.0,WEST,FUR-TA-10002958,FURNITURE,Tables,"Bevis Oval Conference Table, Walnut",626.352,3,0.2,$ -23.49
3352,US-2014-134733,09/23/2014,9/28/2014,  Standard Class  ,BM-11650,Brian Moss,  Corporate  ,United States,San Diego,California,,West,FUR-BO-10002916,furniture,Bookcases,"Rush Hierlooms Collection 1"" Thick Stackable Bookcases",$ 436.00,3,0.15,20.5176
2860,CA-2017-138975,19-May-2017,5/23/2017,STANDARD CLASS,SC-20380,Shahid Collister,  Consumer  ,United States,Atlanta,Georgia,30318.0,SOUTH,TEC-PH-10004389,technology,Phones,Nokia Lumia 925,$ 377.97,3,0.0,98.2722
7252,CA-2016-116764,2016-08-27,9/2/2016,STANDARD CLASS,EM-13825,Elizabeth Moffitt,Corporate,United States,Hollywood,Florida,33021.0,SOUTH,OFF-LA-10002473,office supplies,Labels,Avery 484,9.22 USD,4,0.2,3.3408
2651,US-2016-146794,2016-09-26,10/1/2016,Standard Class,SH-19975,Sally Hughsby,  Corporate  ,United States,Hesperia,California,92345.0,WEST,FUR-BO-10004467,Furniture,Bookcases,Bestar Classic Bookcase,424.9575,5,0.15,N/A
6664,CA-2017-162173,2017/10/26 00:00:00,11/1/2017,Standard Class,OT-18730,Olvera Toch,Consumer,United States,Virginia Beach,Virginia,,South,FUR-TA-10001520,Furniture,Tables,"Lesro Sheffield Collection Coffee Table, End Table, Center Table, Corner Table",356.85 USD,5,0.0,$ 60.66
4953,CA-2017-117926,12/08/2017,12/12/2017,second class,AS-10225,,CORPORATE,United States,San Francisco,California,94109.0,WEST,OFF-AP-10002670,OFFICE SUPPLIES,Appliances,Belkin 8-Outlet Premiere SurgeMaster II Surge Protectors,69.48,1,0.0,20.84 USD
211,CA-2017-135860,12/01/2017,12/7/2017,Standard Class,JH-15985,Joseph Holt,CONSUMER,United States,Saginaw,Michigan,48601.0,Central,OFF-ST-10001522,Office Supplies,Storage,"Gould Plastics 18-Pocket Panel Bin, 34w x 5-1/4d x 20-1/2h",91.99 USD,1,0.0,3.68 USD
7579,CA-2016-138597,12/18/2016,12/21/2016,FIRST CLASS,PN-18775,Parhena Norris,Home Office,United States,Omaha,Nebraska,68104.0,central,FUR-CH-10004997,  Furniture  ,Chairs,Hon Every-Day Series Multi-Task Chairs,563.94 USD,3,0.0,112.788
1920,US-2017-111423,08/17/2017,8/19/2017,First Class,EH-13765,Edward Hooks,CORPORATE,United States,Watertown,New York,13601.0,EAST,OFF-BI-10003091,Office Supplies,Binders,GBC DocuBind TL200 Manual Binding Machine,-,5,0.2,302.37 USD
719,CA-2014-104472,06/02/2014,6/7/2014,  Standard Class  ,CK-12325,Christine Kargatis,home office,United States,Orem,Utah,84057.0,West,OFF-BI-10001658,Office Supplies,Binders,GBC Standard Therm-A-Bind Covers,59.808,3,0.2,$ 19.44
5904,US-2017-153948,2017-11-06,11/6/2017,SAME DAY,FM-14290,Frank Merwin,Home Office,United States,San Francisco,California,94122.0,West,OFF-PA-10002764,  Office Supplies  ,Paper,Easy-staple paper,$ 45.36,4,0.0,22.2264
7819,CA-2016-138478,2016-10-21,10/26/2016,Second Class,DP-13390,Dennis Pardue,  Home Office  ,United States,North Las Vegas,Nevada,89031.0,WEST,OFF-BI-10001120,office supplies,Binders,Ibico EPK-21 Electric Binding System,N/A,3,0.2,-
1299,CA-2016-134425,08-Dec-2016,12/12/2016,Second Class,QJ-19255,Quincy Jones,  Corporate  ,United States,Saint Paul,Minnesota,55106.0,central,TEC-PH-10003555,technology,Phones,Motorola HK250 Universal Bluetooth Headset,114.95 USD,5,0.0,2.30 USD
8551,CA-2015-121132,2015-07-17,7/24/2015,Standard Class,VB-21745,Victoria Brennan,  Corporate  ,United States,Houston,Texas,77041.0,Central,OFF-LA-10002368,Office Supplies,Labels,Avery 479,  $6.26  ,3,0.2,$ 2.04
6558,CA-2014-137092,20-Oct-2014,10/22/2014,Second Class,LS-16975,Lindsay Shagiari,home office,United States,Chicago,Illinois,60653.0,CENTRAL,OFF-LA-10003510,Office Supplies,Labels,"Avery 4027 File Folder Labels for Dot Matrix Printers, 5000 Labels per Box, White",24.42 USD,1,0.2,7.94 USD
3123,CA-2015-121720,11-Jun-2015,6/12/2015,  First Class  ,JE-15610,Jim Epp,  Corporate  ,United States,Lakeland,Florida,33801.0,SOUTH,OFF-BI-10004593,Office Supplies,Binders,Ibico Laser Imprintable Binding System Covers,$ 78.60,5,0.7,-62.88 USD
8780,CA-2015-165813,2015/03/20 00:00:00,3/22/2015,SECOND CLASS,BM-11785,Bryan Mills,Consumer,United States,Salem,Oregon,97301.0,WEST,OFF-ST-10004258,Office Supplies,Storage,Portable Personal File Box,N/A,3,0.2,2.56 USD
8194,CA-2015-141327,30-Nov-2015,12/3/2015,  First Class  ,LR-16915,Lena Radford,consumer,United States,Durham,North Carolina,27707.0,South,OFF-AP-10001293,  Office Supplies  ,Appliances,Belkin 8 Outlet Surge Protector,$ 98.35,3,0.2,9.84 USD
9919,CA-2015-105508,09/24/2015,9/29/2015,Standard Class,JF-15190,Jamie Frazer,  Consumer  ,United States,New York City,New York,10035.0,East,OFF-EN-10003055,  Office Supplies  ,Envelopes,"Blue String-Tie & Button Interoffice Envelopes, 10 x 13",39.98 USD,1,0.0,17.99 USD
9684,CA-2017-122770,12/13/2017,12/18/2017,STANDARD CLASS,EP-13915,Emily Phan,Consumer,United States,San Francisco,California,94122.0,WEST,FUR-FU-10001473,  Furniture  ,Furnishings,"Eldon Executive Woodline II Desk Accessories, Mahogany",$ 201.04,8,0.0,54.2808
7809,US-2016-137295,08-Jan-2016,1/13/2016,  Standard Class  ,VS-21820,Vivek Sundaresam,CONSUMER,United States,Raleigh,North Carolina,27604.0,south,OFF-AR-10001955,OFFICE SUPPLIES,Art,Newell 319,47.616,3,0.2,5.952
1288,CA-2016-154711,22-Nov-2016,11/26/2016,  Standard Class  ,TB-21355,Todd Boyes,Corporate,United States,New York City,New York,10009.0,east,FUR-FU-10000397,  Furniture  ,Furnishings,Luxo Economy Swing Arm Lamp,39.88,2,0.0,$ 11.17
4163,CA-2015-163587,2015/03/14 00:00:00,3/18/2015,  Standard Class  ,EP-13915,Emily Phan,CONSUMER,United States,Dover,New Hampshire,3820.0,EAST,OFF-LA-10004484,  Office Supplies  ,Labels,Avery 476,$ 16.52,4,0.0,7.60 USD
6364,CA-2017-110443,2017-11-21,11/25/2017,  Standard Class  ,CK-12205,Chloris Kastensmidt,Consumer,United States,Renton,Washington,98059.0,  West  ,TEC-MA-10002073,  Technology  ,Machines,"3D Systems Cube Printer, 2nd Generation, White","1,039.99 USD",1,0.2,$ 104.00
8986,CA-2015-123092,2015-12-03,12/7/2015,Standard Class,JG-15115,Jack Garza,Consumer,United States,Jacksonville,North Carolina,28540.0,south,FUR-FU-10000222,FURNITURE,Furnishings,"Seth Thomas 16"" Steel Case Clock",77.95 USD,3,0.2,12.6672
7367,CA-2016-127243,2016/11/28 00:00:00,12/4/2016,  Standard Class  ,DS-13180,David Smith,Corporate,United States,Philadelphia,Pennsylvania,19140.0,EAST,OFF-ST-10002301,Office Supplies,Storage,Tennsco Commercial Shelving,32.544,2,0.2,-7.7292
5870,CA-2016-152247,2016-11-07,11/12/2016,STANDARD CLASS,MA-17995,Michelle Arnett,Home Office,United States,Cheyenne,Wyoming,82001.0,West,FUR-CH-10001215,  Furniture  ,Chairs,Global Troy Executive Leather Low-Back Tilter,"$ 1,603.14",4,0.2,$ 100.20
7143,CA-2014-122217,11/24/2014,11/29/2014,  Standard Class  ,HP-14815,Harold Pawlan,  Home Office  ,United States,Virginia Beach,Virginia,23464.0,south,FUR-FU-10002045,Furniture,Furnishings,"Executive Impressions 14""",$ 111.15,5,0.0,$ 48.91
2014,CA-2016-145905,2016/09/18 00:00:00,9/23/2016,Standard Class,AM-10705,Anne McFarland,consumer,United States,Auburn,Alabama,,South,FUR-CH-10001854,  Furniture  ,Chairs,Office Star - Professional Matrix Back Chair with 2-to-1 Synchro Tilt and Mesh Fabric Seat,350.98 USD,1,0.0,$ 84.24
6418,CA-2016-111976,2016/03/08 00:00:00,3/12/2016,Standard Class,BD-11620,Brian DeCherney,  Consumer  ,United States,Philadelphia,Pennsylvania,19120.0,EAST,OFF-FA-10004968,Office Supplies,Fasteners,Rubber Band Ball,5.98 USD,2,0.2,-1.3464
2877,US-2016-167339,01/21/2016,1/23/2016,second class,TD-20995,Tamara Dahlen,Consumer,United States,San Diego,California,92037.0,West,FUR-CH-10000785,Furniture,Chairs,Global Ergonomic Managers Chair,"1,013.49 USD",7,0.2,  $76.01  
4048,US-2015-166520,2015/07/16 00:00:00,7/19/2015,FIRST CLASS,KE-16420,Katrina Edelman,CORPORATE,United States,New York City,New York,10035.0,EAST,OFF-PA-10000501,Office Supplies,Paper,Petty Cash Envelope,80.88,3,0.0,39.6312
6101,CA-2017-100111,20-Sep-2017,9/26/2017,Standard Class,SV-20365,Seth Vernon,Consumer,United States,New York City,New York,10035.0,EAST,TEC-PH-10002885,  Technology  ,Phones,Apple iPhone 5,N/A,2,0.0,350.9082
4372,US-2016-165078,2016/11/05 00:00:00,11/10/2016,Standard Class,MA-17995,Michelle Arnett,HOME OFFICE,United States,Lawrence,Indiana,46226.0,  Central  ,OFF-LA-10000414,OFFICE SUPPLIES,Labels,Avery 503,51.75,5,0.0,N/A
2255,CA-2015-169201,09/28/2015,10/1/2015,first class,HG-14965,Henry Goldwyn,Corporate,United States,San Francisco,California,94110.0,  West  ,OFF-AP-10002082,  Office Supplies  ,Appliances,Holmes HEPA Air Purifier,43.56 USD,2,0.0,N/A
3351,CA-2016-147536,12/26/2016,12/31/2016,standard class,AR-10510,Andrew Roberts,Consumer,United States,New York City,New York,10024.0,  East  ,TEC-AC-10003280,Technology,Accessories,Belkin F8E887 USB Wired Ergonomic Keyboard,89.97 USD,3,0.0,-
4608,CA-2015-135020,2015-05-28,6/2/2015,standard class,MS-17770,Maxwell Schwartz,consumer,United States,Rochester,New York,14609.0,EAST,OFF-ST-10001490,  Office Supplies  ,Storage,"Hot File 7-Pocket, Floor Stand",535.41,3,0.0,  $160.62  
6687,US-2015-129637,17-Dec-2015,12/22/2015,STANDARD CLASS,MC-18100,Mick Crebagga,  Consumer  ,United States,Bloomington,Illinois,61701.0,  Central  ,OFF-AR-10003829,office supplies,Art,Newell 35,$ 13.12,5,0.2,1.48 USD
6481,CA-2017-140872,06/03/2017,6/10/2017,  Standard Class  ,NR-18550,Nick Radford,  Consumer  ,United States,Pembroke Pines,Florida,33024.0,  South  ,OFF-AP-10002287,office supplies,Appliances,"Eureka Sanitaire  Multi-Pro Heavy-Duty Upright, Disposable Bags",24.472,7,0.2,$ 1.84
450,CA-2016-166674,04/01/2016,4/3/2016,Second Class,RB-19360,Raymond Buch,  Consumer  ,United States,Auburn,New York,,  East  ,OFF-AR-10001953,OFFICE SUPPLIES,Art,Boston 1645 Deluxe Heavier-Duty Electric Pencil Sharpener,263.88,6,0.0,N/A
9838,US-2016-125402,2016-09-25,10/1/2016,  Standard Class  ,DL-12865,Dan Lawera,consumer,United States,Long Beach,California,,West,OFF-LA-10003923,OFFICE SUPPLIES,Labels,Alphabetical Labels for Top Tab Filing,$ 29.60,2,0.0,14.80 USD
7599,CA-2014-131947,17-Sep-2014,9/22/2014,standard class,JA-15970,Joseph Airdo,Consumer,United States,Springfield,Oregon,97477.0,West,OFF-AR-10000411,Office Supplies,Art,Boston 16701 Slimline Battery Pencil Sharpener,38.256,3,0.2,4.782
811,CA-2014-151995,2014-10-13,10/15/2014,First Class,ZC-21910,Zuschuss Carroll,Consumer,United States,Edmonds,Washington,98026.0,West,FUR-TA-10002903,furniture,Tables,"Bevis Round Bullnose 29"" High Table Top","1,298.55 USD",5,0.0,311.65 USD
2639,CA-2017-108441,12-Jun-2017,6/18/2017,Standard Class,SB-20170,Sarah Bern,CONSUMER,United States,New York City,New York,10035.0,East,OFF-BI-10000848,Office Supplies,Binders,Angle-D Ring Binders,13.13 USD,3,0.2,4.2666
6479,CA-2017-140872,03-Jun-2017,6/10/2017,  Standard Class  ,NR-18550,Nick Radford,Consumer,United States,Pembroke Pines,Florida,33024.0,SOUTH,OFF-PA-10000809,Office Supplies,Paper,Xerox 206,15.552,3,0.2,5.4432
8631,CA-2015-164084,2015-09-07,9/12/2015,STANDARD CLASS,AG-10525,Andy Gerbode,corporate,United States,New York City,New York,10011.0,  East  ,OFF-FA-10003059,Office Supplies,Fasteners,Assorted Color Push Pins,$ 7.24,4,0.0,2.3892
7318,CA-2017-158120,Pending,11/21/2017,Standard Class,KH-16330,Katharine Harms,Corporate,United States,Hillsboro,Oregon,97123.0,West,OFF-PA-10003205,OFFICE SUPPLIES,Paper,"Wirebound Message Forms, Four 2 3/4 x 5 Forms per Page, Pink Paper",19.608,3,0.2,6.6177
7336,CA-2015-113152,2015-12-25,12/30/2015,  Standard Class  ,JK-15625,Jim Karlsson,Consumer,United States,New York City,New York,10024.0,EAST,TEC-AC-10002049,TECHNOLOGY,Accessories,Plantronics Savi W720 Multi-Device Wireless Headset System,$ 843.90,2,0.0,371.316
6144,CA-2017-121083,09-Jul-2017,7/15/2017,Standard Class,JF-15190,Jamie Frazer,Consumer,United States,Manchester,Connecticut,6040.0,East,OFF-AR-10002987,Office Supplies,Art,Prismacolor Color Pencil Set,-,6,0.0,48.8064
1478,CA-2016-121958,11/13/2016,11/17/2016,standard class,CS-12505,Cindy Stewart,  Consumer  ,United States,Thomasville,North Carolina,27360.0,  South  ,OFF-SU-10000381,OFFICE SUPPLIES,Supplies,Acme Forged Steel Scissors with Black Enamel Handles,$ 52.14,7,0.2,5.8653
1791,CA-2014-102008,2014-09-30,10/4/2014,STANDARD CLASS,RA-19915,Russell Applegate,Consumer,United States,New York City,New York,10011.0,East,OFF-PA-10004092,Office Supplies,Paper,Tops Green Bar Computer Printout Paper,48.94,1,0.0,$ 24.47
2009,CA-2014-116407,2014-11-15,11/21/2014,standard class,JF-15190,Jamie Frazer,  Consumer  ,United States,Johnson City,Tennessee,37604.0,South,OFF-AR-10001315,Office Supplies,Art,Newell 310,4.224,3,0.2,0.4752
683,CA-2016-164511,2016-11-19,11/24/2016,standard class,DJ-13630,Doug Jacobs,Consumer,United States,New York City,New York,10024.0,East,OFF-ST-10004507,office supplies,Storage,Advantus Rolling Storage Box,68.60 USD,4,0.0,$ 18.52
6384,US-2017-104661,2017-01-15,1/18/2017,First Class,TB-21250,Tim Brockman,Consumer,United States,Austin,Texas,78745.0,Central,OFF-BI-10001597,OFFICE SUPPLIES,Binders,"Wilson Jones Ledger-Size, Piano-Hinge Binder, 2"", Blue",32.78 USD,4,0.8,-
5404,CA-2017-123043,2017-08-24,8/29/2017,Standard Class,AH-10195,Alan Haines,  Corporate  ,United States,New York City,New York,10024.0,  East  ,OFF-BI-10000138,  Office Supplies  ,Binders,Acco Translucent Poly Ring Binders,3.744,1,0.2,1.3104
4128,CA-2014-127299,19-Sep-2014,9/24/2014,standard class,JL-15835,John Lee,  Consumer  ,United States,Charlotte,North Carolina,28205.0,  South  ,OFF-ST-10003722,Office Supplies,Storage,Project Tote Personal File,$ 67.34,6,0.2,$ 7.58
3956,CA-2014-133228,04-Apr-2014,4/9/2014,Standard Class,MS-17710,Maurice Satty,CONSUMER,United States,Detroit,Michigan,48205.0,Central,OFF-AR-10001955,office supplies,Art,Newell 319,79.36 USD,4,0.0,$ 23.81
4351,US-2017-100482,2017-04-11,4/15/2017,standard class,JL-15130,Jack Lebron,consumer,United States,Lancaster,Ohio,43130.0,EAST,OFF-ST-10001325,Office Supplies,Storage,Sterilite Officeware Hinged File Box,  $16.77  ,2,0.2,-
4395,CA-2014-142965,07/20/2014,7/20/2014,  Same Day  ,SW-20245,Scot Wooten,consumer,United States,Springfield,Ohio,45503.0,East,OFF-ST-10002583,office supplies,Storage,Fellowes Neat Ideas Storage Cubes,$ 25.98,1,0.2,-5.1968
2421,CA-2017-159597,09-Nov-2017,11/14/2017,standard class,MC-17590,Matt Collister,Corporate,United States,Coachella,California,92236.0,West,TEC-AC-10004171,  Technology  ,Accessories,Razer Kraken 7.1 Surround Sound Over Ear USB Gaming Headset,-,1,0.0,43.9956
4095,CA-2015-102491,08/24/2015,8/28/2015,standard class,KW-16435,Katrina Willman,Consumer,United States,Florence,Kentucky,41042.0,south,TEC-AC-10003289,Technology,Accessories,Anker Ultra-Slim Mini Bluetooth 3.0 Wireless Keyboard,$ 79.96,4,0.0,18.3908
47,CA-2014-146703,2014-10-20,10/25/2014,Second Class,PO-18865,Patrick O'Donnell,CONSUMER,United States,Westland,Michigan,48185.0,Central,OFF-ST-10001713,  Office Supplies  ,Storage,"Gould Plastics 9-Pocket Panel Bin, 18-3/8w x 5-1/4d x 20-1/2h, Black",  $211.96  ,4,0.0,-
31,US-2015-150630,2015-09-17,9/21/2015,standard class,TB-21520,Tracy Blumstein,CONSUMER,United States,Philadelphia,Pennsylvania,19140.0,EAST,OFF-EN-10001509,OFFICE SUPPLIES,Envelopes,Poly String Tie Envelopes,3.264,2,0.2,1.1016
3707,CA-2017-160087,03/18/2017,3/22/2017,Standard Class,EN-13780,Edward Nazzal,consumer,United States,Dallas,Texas,75220.0,CENTRAL,OFF-AR-10001915,office supplies,Art,Peel-Off China Markers,$ 23.83,3,0.2,6.5538
4641,CA-2016-102162,09/11/2016,9/16/2016,Standard Class,JF-15565,Jill Fjeld,Consumer,United States,Newport News,Virginia,,South,OFF-EN-10002312,office supplies,Envelopes,#10 Self-Seal White Envelopes,$ 11.09,1,0.0,5.43 USD
1469,CA-2017-139199,09-Dec-2017,12/13/2017,standard class,DK-12835,Damala Kotsonis,  Corporate  ,United States,Detroit,Michigan,48234.0,Central,FUR-CH-10000847,Furniture,Chairs,Global Executive Mid-Back Manager's Chair,  $872.94  ,3,0.0,  $226.96  
1666,CA-2016-128531,2016/11/24 00:00:00,11/26/2016,SECOND CLASS,NS-18505,Neola Schneider,CONSUMER,United States,Dallas,Texas,75217.0,Central,OFF-FA-10002676,Office Supplies,Fasteners,Colored Push Pins,4.344,3,0.2,0.8688
1417,CA-2015-126697,2015/09/21 00:00:00,9/24/2015,first class,SV-20815,,CORPORATE,United States,Houston,Texas,77041.0,Central,TEC-PH-10002922,  Technology  ,Phones,ShoreTel ShorePhone IP 230 VoIP phone,946.344,7,0.2,$ 118.29
2517,CA-2014-128888,11/15/2014,11/22/2014,  Standard Class  ,PB-19105,Peter Bühler,Consumer,United States,Houston,Texas,77095.0,Central,OFF-EN-10003001,Office Supplies,Envelopes,Ames Color-File Green Diamond Border X-ray Mailers,  $604.66  ,9,0.2,$ 204.07
2393,US-2015-127040,12/06/2015,12/10/2015,STANDARD CLASS,SG-20605,Speros Goranitis,CONSUMER,United States,New York City,New York,10009.0,East,FUR-FU-10002878,Furniture,Furnishings,"Seth Thomas 14"" Day/Date Wall Clock",113.92,4,0.0,$ 42.15
2465,CA-2017-148691,2017/12/03 00:00:00,12/9/2017,Standard Class,CS-12460,Chuck Sachs,Consumer,United States,New York City,New York,10009.0,East,TEC-PH-10000576,Technology,Phones,AT&T 1080 Corded phone,136.99,1,0.0,$ 36.99
6548,CA-2014-113880,2014-03-01,3/5/2014,Standard Class,VF-21715,Vicky Freymann,HOME OFFICE,United States,Elmhurst,Illinois,60126.0,Central,FUR-CH-10000863,  Furniture  ,Chairs,Novimex Swivel Fabric Task Chair,$ 634.12,6,0.3,-
6838,CA-2015-116260,06-Jul-2015,7/12/2015,  Standard Class  ,BF-10975,Barbara Fisher,  Corporate  ,United States,Vineland,New Jersey,8360.0,East,OFF-AR-10003732,Office Supplies,Art,Newell 333,11.12 USD,4,0.0,2.89 USD
430,US-2016-123750,04/15/2016,4/21/2016,  Standard Class  ,RB-19795,Ross Baird,home office,United States,Gastonia,North Carolina,28052.0,south,OFF-BI-10004584,Office Supplies,Binders,GBC ProClick 150 Presentation Binding System,189.588,2,0.7,-145.3508
5235,CA-2017-131037,08/22/2017,8/23/2017,First Class,TM-21490,Tony Molinari,  Consumer  ,United States,San Francisco,California,94110.0,west,FUR-TA-10001768,Furniture,Tables,Hon Racetrack Conference Tables,$ 210.01,1,0.2,2.6251
2115,CA-2015-164882,31-Oct-2015,10/31/2015,Same Day,SG-20080,Sandra Glassco,CONSUMER,United States,Redlands,California,92374.0,West,OFF-ST-10003638,Office Supplies,Storage,Mobile Personal File Cube,46.84,2,0.0,$ 12.65
386,US-2015-168935,2015-11-27,12/2/2015,standard class,DO-13435,Denny Ordway,CONSUMER,United States,Pembroke Pines,Florida,33024.0,South,TEC-AC-10002335,technology,Accessories,Logitech Media Keyboard K200,$ 83.98,3,0.2,-
1946,CA-2016-108581,2016/06/20 00:00:00,6/26/2016,STANDARD CLASS,EA-14035,Erin Ashbrook,  Corporate  ,United States,Carrollton,Texas,75007.0,central,OFF-PA-10000809,OFFICE SUPPLIES,Paper,Xerox 206,10.368,2,0.2,-
7153,CA-2014-137911,10/09/2014,10/15/2014,  Standard Class  ,BP-11095,Bart Pistole,Corporate,United States,Jacksonville,North Carolina,28540.0,South,OFF-PA-10004071,Office Supplies,Paper,"Eaton Premium Continuous-Feed Paper, 25% Cotton, Letter Size, White, 1000 Shts/Box",88.77 USD,2,0.2,31.0688
474,CA-2014-144666,11/09/2014,11/11/2014,Second Class,JP-15520,Jeremy Pistek,  Consumer  ,United States,San Francisco,California,94110.0,  West  ,TEC-PH-10002680,TECHNOLOGY,Phones,Samsung Galaxy Note 3,$ 703.97,4,0.2,88.00 USD
2125,CA-2017-144862,2017/12/01 00:00:00,12/5/2017,standard class,EH-14005,Erica Hernandez,home office,United States,Philadelphia,Pennsylvania,19143.0,EAST,OFF-EN-10003040,OFFICE SUPPLIES,Envelopes,Quality Park Security Envelopes,104.68 USD,5,0.2,35.3295
9309,CA-2014-128237,03/25/2014,3/30/2014,Standard Class,CA-12265,Christina Anderson,  Consumer  ,United States,San Francisco,California,94110.0,  West  ,TEC-AC-10002558,Technology,Accessories,Imation Swivel Flash Drive USB flash drive - 8 GB,N/A,4,0.0,-
6985,CA-2016-116526,01-Sep-2016,9/5/2016,STANDARD CLASS,JA-15970,Joseph Airdo,Consumer,United States,Detroit,Michigan,48227.0,Central,OFF-AP-10002457,Office Supplies,Appliances,"Eureka The Boss Plus 12-Amp Hard Box Upright Vacuum, Red",376.74,4,0.1,71.16 USD
1056,CA-2015-110667,2015-04-04,4/8/2015,  Standard Class  ,NF-18595,Nicole Fjeld,home office,United States,New York City,New York,10009.0,  East  ,OFF-BI-10002735,  Office Supplies  ,Binders,GBC Prestige Therm-A-Bind Covers,  $82.34  ,3,0.2,$ 27.79
8333,CA-2016-153269,2016-03-09,3/12/2016,First Class,PS-18760,Pamela Stobb,  Consumer  ,United States,Andover,Massachusetts,1810.0,East,FUR-CH-10002647,furniture,Chairs,"Situations Contoured Folding Chairs, 4/Set",354.90 USD,5,0.0,88.72 USD
2756,CA-2015-155306,04/17/2015,4/21/2015,STANDARD CLASS,GA-14515,George Ashbrook,consumer,United States,San Francisco,California,94122.0,west,OFF-AP-10002651,OFFICE SUPPLIES,Appliances,Hoover Upright Vacuum With Dirt Cup,"1,447.65 USD",5,0.0,$ 419.82
7916,CA-2017-165323,17-Jun-2017,6/21/2017,standard class,SR-20740,Steven Roelle,home office,United States,New York City,New York,,east,TEC-AC-10004992,technology,Accessories,Kingston Digital DataTraveler 64GB USB 2.0,N/A,3,0.0,N/A
5806,CA-2017-113873,2017-11-13,11/19/2017,STANDARD CLASS,KE-16420,Katrina Edelman,Corporate,United States,Dallas,Texas,75220.0,CENTRAL,FUR-BO-10003441,furniture,Bookcases,"Bush Westfield Collection Bookcases, Fully Assembled",  $206.00  ,3,0.32,-27.26 USD
812,CA-2014-151995,13-Oct-2014,10/15/2014,First Class,ZC-21910,Zuschuss Carroll,consumer,United States,Edmonds,Washington,98026.0,  West  ,OFF-AP-10000240,OFFICE SUPPLIES,Appliances,Belkin F9G930V10-GRY 9 Outlet Surge,213.92,4,0.0,-
9596,CA-2017-104619,01/24/2017,1/29/2017,  Standard Class  ,KD-16495,Keith Dawkins,CORPORATE,United States,San Jose,California,95123.0,West,OFF-AP-10001492,Office Supplies,Appliances,"Acco Six-Outlet Power Strip, 4' Cord Length",$ 25.86,3,0.0,-
8612,CA-2017-123624,2017-11-13,11/17/2017,SECOND CLASS,SE-20110,Sanjit Engle,CONSUMER,United States,Oxnard,California,93030.0,West,TEC-AC-10000682,  Technology  ,Accessories,Kensington K72356US Mouse-in-a-Box USB Desktop Mouse,82.95,5,0.0,29.0325
9618,CA-2017-160633,16-Nov-2017,11/21/2017,Standard Class,BS-11380,Bill Stewart,Corporate,United States,Bowling Green,Ohio,43402.0,EAST,TEC-CO-10002095,TECHNOLOGY,Copiers,Hewlett Packard 610 Color Digital Copier / Printer,N/A,3,0.4,$ 75.00
4490,CA-2015-162621,2015-09-05,9/11/2015,Standard Class,CA-12055,Cathy Armstrong,HOME OFFICE,United States,Houston,Texas,,CENTRAL,OFF-BI-10003708,Office Supplies,Binders,"Acco Four Pocket Poly Ring Binder with Label Holder, Smoke, 1""",$ 4.47,3,0.8,N/A
6214,CA-2017-149944,2017/11/12 00:00:00,11/16/2017,second class,MB-17305,Maria Bertelson,consumer,United States,Longview,Washington,98632.0,West,OFF-AP-10004708,Office Supplies,Appliances,Fellowes Superior 10 Outlet Split Surge Protector,76.12 USD,2,0.0,$ 22.07
112,CA-2016-128867,11/03/2016,11/10/2016,Standard Class,CL-12565,Clay Ludtke,CONSUMER,United States,Urbandale,Iowa,50322.0,central,OFF-AR-10000380,OFFICE SUPPLIES,Art,"Hunt PowerHouse Electric Pencil Sharpener, Blue",75.96 USD,2,0.0,22.788
8904,CA-2016-150483,05/31/2016,6/4/2016,STANDARD CLASS,BP-11290,Beth Paige,consumer,United States,Decatur,Illinois,62521.0,  Central  ,OFF-PA-10004621,office supplies,Paper,Xerox 212,10.368,2,0.2,-
1746,CA-2014-133270,06/06/2014,6/9/2014,First Class,BM-11785,Bryan Mills,CONSUMER,United States,Rochester,New York,14609.0,EAST,OFF-AR-10002656,office supplies,Art,Sanford Liquid Accent Highlighters,$ 13.36,2,0.0,4.9432
2514,CA-2016-124506,2016-11-11,11/17/2016,Standard Class,BB-11545,Brenda Bowman,  Corporate  ,United States,Chicago,Illinois,60623.0,  Central  ,TEC-AC-10003280,Technology,Accessories,Belkin F8E887 USB Wired Ergonomic Keyboard,-,4,0.2,1.1996
1453,CA-2016-133711,2016/11/26 00:00:00,11/29/2016,FIRST CLASS,MC-17425,Mark Cousins,corporate,United States,Mobile,Alabama,36608.0,South,OFF-BI-10000666,Office Supplies,Binders,Surelock Post Binders,$ 91.68,3,0.0,$ 45.84
320,CA-2014-164973,04-Nov-2014,11/9/2014,  Standard Class  ,NM-18445,Nathan Mautz,HOME OFFICE,United States,New York City,New York,10024.0,EAST,TEC-PH-10004093,  Technology  ,Phones,Panasonic Kx-TS550,-,6,0.0,N/A
2961,CA-2017-143665,26-Apr-2017,5/1/2017,standard class,PO-19180,Philisse Overcash,Home Office,United States,Seattle,Washington,98115.0,  West  ,OFF-PA-10003673,Office Supplies,Paper,Strathmore Photo Mount Cards,$ 20.34,3,0.0,  $9.36  
5156,US-2015-124219,2015/08/07 00:00:00,8/8/2015,First Class,KW-16570,Kelly Williams,consumer,United States,Kirkwood,Missouri,63122.0,CENTRAL,FUR-FU-10000305,Furniture,Furnishings,"Tenex V2T-RE Standard Weight Series Chair Mat, 45"" x 53"", Lip 25"" x 12""",212.94 USD,3,0.0,34.0704
1923,CA-2016-156685,2016/07/08 00:00:00,7/10/2016,second class,SC-20230,Scot Coram,CORPORATE,United States,Arlington,Texas,,Central,TEC-PH-10004345,Technology,Phones,Cisco SPA 502G IP Phone,-,9,0.2,107.955
7966,CA-2017-104864,11/18/2017,11/23/2017,Second Class,JS-15685,Jim Sink,CORPORATE,United States,Miramar,Florida,33023.0,  South  ,OFF-PA-10003309,  Office Supplies  ,Paper,Xerox 211,41.472,8,0.2,14.5152
7723,US-2017-138086,2017-04-16,4/20/2017,Standard Class,JO-15550,Jesus Ocampo,  Home Office  ,United States,San Francisco,California,94109.0,West,OFF-AP-10000027,  Office Supplies  ,Appliances,Hoover Commercial SteamVac,$ 40.74,3,0.0,12.22 USD
6157,CA-2017-151484,2017-04-20,4/23/2017,First Class,CV-12805,Cynthia Voltz,Corporate,United States,Philadelphia,Pennsylvania,,East,FUR-FU-10004671,Furniture,Furnishings,"Executive Impressions 12"" Wall Clock",$ 42.41,3,0.2,9.5418
4271,CA-2015-166975,11/26/2015,11/30/2015,STANDARD CLASS,SH-20635,Stefanie Holloman,corporate,United States,Jackson,Tennessee,38301.0,South,FUR-FU-10003930,  Furniture  ,Furnishings,Howard Miller 12-3/4 Diameter Accuwave DS  Wall Clock,692.472,11,0.2,$ 190.43
3503,CA-2017-125115,Pending,4/10/2017,SAME DAY,RD-19930,Russell D'Ascenzo,  Consumer  ,United States,Austin,Texas,78745.0,CENTRAL,OFF-PA-10004101,Office Supplies,Paper,Xerox 1894,10.368,2,0.2,3.6288
9244,CA-2014-113271,07/09/2014,7/14/2014,  Standard Class  ,DS-13030,Darrin Sayre,HOME OFFICE,United States,San Francisco,California,94122.0,WEST,FUR-BO-10004218,FURNITURE,Bookcases,"Bush Heritage Pine Collection 5-Shelf Bookcase, Albany Pine Finish, *Special Order",119.83 USD,1,0.15,7.05 USD
7457,CA-2015-137974,2015/04/16 00:00:00,4/18/2015,First Class,LL-16840,Lauren Leatherbury,consumer,United States,Waynesboro,Virginia,22980.0,south,TEC-PH-10002033,Technology,Phones,Konftel 250 Conference phone - Charcoal black,-,2,0.0,148.1064
3596,CA-2017-148012,Pending,12/15/2017,  Standard Class  ,KM-16225,Kalyca Meade,Corporate,United States,Philadelphia,Pennsylvania,19143.0,east,OFF-AR-10004757,OFFICE SUPPLIES,Art,Crayola Colored Pencils,2.624,1,0.2,  $0.43  
1053,US-2015-153500,03-Jul-2015,7/5/2015,First Class,DG-13300,Deirdre Greer,corporate,United States,Philadelphia,Pennsylvania,19134.0,EAST,FUR-FU-10004460,FURNITURE,Furnishings,"Howard Miller 12"" Round Wall Clock",$ 282.89,9,0.2,$ 56.58
4152,CA-2017-100160,09/07/2017,9/11/2017,Standard Class,CB-12025,Cassandra Brandow,  Consumer  ,United States,Philadelphia,Pennsylvania,19134.0,East,OFF-LA-10002475,Office Supplies,Labels,Avery 519,29.24 USD,5,0.2,9.8685
3854,US-2017-131849,2017-06-06,6/10/2017,Standard Class,GH-14410,Gary Hansen,Home Office,United States,San Francisco,California,94122.0,WEST,FUR-FU-10004164,Furniture,Furnishings,"Eldon 300 Class Desk Accessories, Black",N/A,1,0.0,2.18 USD
100,CA-2016-158568,2016-08-29,9/2/2016,STANDARD CLASS,RB-19465,Rick Bensley,Home Office,United States,Chicago,Illinois,60610.0,CENTRAL,OFF-PA-10003256,Office Supplies,Paper,Avery Personal Creations Heavyweight Cards,64.624,7,0.2,22.6184
6393,CA-2016-129126,2016-12-14,12/19/2016,  Standard Class  ,PK-19075,Pete Kriz,CONSUMER,United States,New York City,New York,10011.0,east,OFF-LA-10003190,Office Supplies,Labels,Avery 474,$ 5.76,2,0.0,2.8224
1457,CA-2017-148474,2017-06-12,6/19/2017,STANDARD CLASS,ME-17320,Maria Etezadi,HOME OFFICE,United States,Columbus,Georgia,31907.0,South,FUR-TA-10002530,furniture,Tables,"Iceberg OfficeWorks 42"" Round Tables",452.94,3,0.0,67.941
7673,CA-2015-130974,27-Nov-2015,11/29/2015,Second Class,MA-17560,Matt Abelman,Home Office,United States,Everett,Massachusetts,2149.0,East,FUR-FU-10002506,FURNITURE,Furnishings,"Tensor ""Hersey Kiss"" Styled Floor Lamp",  $38.97  ,3,0.0,  $4.68  
3995,CA-2015-105627,08-Mar-2015,3/12/2015,Standard Class,DK-12895,,  Consumer  ,United States,Kenosha,Wisconsin,53142.0,Central,FUR-BO-10002916,FURNITURE,Bookcases,"Rush Hierlooms Collection 1"" Thick Stackable Bookcases",  $512.94  ,3,0.0,97.4586
9812,CA-2016-117583,2016-11-27,11/30/2016,FIRST CLASS,CB-12025,Cassandra Brandow,Consumer,United States,East Orange,New Jersey,7017.0,East,OFF-PA-10001246,office supplies,Paper,Xerox 215,25.92 USD,4,0.0,  $12.44  
8266,CA-2014-131800,2014/12/30 00:00:00,1/4/2015,standard class,AJ-10960,Astrea Jones,CONSUMER,United States,New York City,New York,10035.0,east,OFF-BI-10003429,OFFICE SUPPLIES,Binders,"Cardinal HOLDit! Binder Insert Strips,Extra Strips",$ 35.45,7,0.2,$ 12.85
7459,CA-2015-137974,04/16/2015,4/18/2015,First Class,LL-16840,Lauren Leatherbury,CONSUMER,United States,Waynesboro,Virginia,22980.0,south,FUR-FU-10001468,  Furniture  ,Furnishings,Tenex Antistatic Computer Chair Mats,1196.86,7,0.0,119.686
6913,US-2017-128398,Pending,5/5/2017,SECOND CLASS,EM-13825,Elizabeth Moffitt,CORPORATE,United States,Los Angeles,California,90049.0,west,TEC-AC-10001714,Technology,Accessories,Logitech MX Performance Wireless Mouse,159.56 USD,4,0.0,59.0372
5983,CA-2016-114895,11/21/2016,11/28/2016,standard class,MV-18190,Mike Vittorini,  Consumer  ,United States,New York City,New York,,east,OFF-PA-10000232,Office Supplies,Paper,Xerox 1975,$ 12.96,2,0.0,6.3504
9920,CA-2016-149272,2016-03-15,3/19/2016,  Standard Class  ,MY-18295,Muhammed Yedwab,Corporate,United States,Bryan,Texas,77803.0,Central,FUR-CH-10000863,  Furniture  ,Chairs,Novimex Swivel Fabric Task Chair,$ 528.43,5,0.3,-
7183,CA-2017-150609,04/30/2017,5/4/2017,standard class,NZ-18565,Nick Zandusky,Home Office,United States,Los Angeles,California,90032.0,West,OFF-BI-10002071,office supplies,Binders,Fellowes Black Plastic Comb Bindings,23.24,5,0.2,7.553
5034,CA-2016-155166,2016-12-26,1/2/2017,Standard Class,BB-11545,Brenda Bowman,Corporate,United States,Vineland,New Jersey,8360.0,east,OFF-AP-10002765,OFFICE SUPPLIES,Appliances,Fellowes Advanced Computer Series Surge Protectors,$ 26.49,1,0.0,  $7.42  
1415,CA-2017-115994,2017-01-28,1/31/2017,second class,BT-11305,Beth Thompson,home office,United States,Costa Mesa,California,92627.0,  West  ,TEC-AC-10000580,Technology,Accessories,Logitech G13 Programmable Gameboard with LCD Display,239.97 USD,3,0.0,$ 26.40
541,CA-2014-140795,2014-02-01,2/3/2014,FIRST CLASS,BD-11500,Bradley Drucker,Consumer,United States,Green Bay,Wisconsin,54302.0,Central,TEC-AC-10001432,Technology,Accessories,Enermax Aurora Lite Keyboard,$ 468.90,6,0.0,206.316
5805,CA-2017-113873,2017-11-13,11/19/2017,STANDARD CLASS,KE-16420,Katrina Edelman,corporate,United States,Dallas,Texas,75220.0,central,OFF-ST-10000943,Office Supplies,Storage,Eldon ProFile File 'N Store Portable File Tub Letter/Legal Size Black,N/A,4,0.2,6.1792
7223,CA-2017-113075,09/02/2017,9/6/2017,standard class,MC-18100,Mick Crebagga,Consumer,United States,Chicago,Illinois,,Central,TEC-AC-10003441,  Technology  ,Accessories,Kingston Digital DataTraveler 32GB USB 2.0,40.68 USD,3,0.2,$ -7.12
5528,CA-2015-142055,08-May-2015,5/10/2015,First Class,AB-10255,Alejandro Ballentine,HOME OFFICE,United States,New York City,New York,10009.0,EAST,OFF-PA-10003465,Office Supplies,Paper,Xerox 1912,N/A,2,0.0,18.2112
755,CA-2015-135272,07-Dec-2015,12/12/2015,  Standard Class  ,MS-17830,Melanie Seite,Consumer,United States,Los Angeles,California,90036.0,West,FUR-FU-10002759,  Furniture  ,Furnishings,12-1/2 Diameter Round Wall Clock,  $79.92  ,4,0.0,28.77 USD
4657,CA-2015-112130,2015/05/03 00:00:00,5/7/2015,Standard Class,SV-20785,Stewart Visinsky,CONSUMER,United States,Philadelphia,Pennsylvania,19140.0,east,OFF-AR-10001468,office supplies,Art,"Sanford Prismacolor Professional Thick Lead Art Pencils, 36-Color Set",59.904,2,0.2,$ 14.23
3583,CA-2015-121650,12/10/2015,12/16/2015,STANDARD CLASS,KD-16495,Keith Dawkins,corporate,United States,Jackson,Michigan,49201.0,Central,OFF-AR-10001149,office supplies,Art,"Avery Hi-Liter Comfort Grip Fluorescent Highlighter, Yellow Ink",3.9,2,0.0,1.521
4517,US-2016-128678,2016/09/15 00:00:00,9/20/2016,standard class,RB-19570,Rob Beeghly,CONSUMER,United States,Seattle,Washington,98105.0,West,OFF-PA-10000807,  Office Supplies  ,Paper,"TOPS ""Important Message"" Pads, Canary, 4-1/4 x 5-1/2, 50 Sheets per Pad",21.4,5,0.0,$ 10.06
9514,CA-2016-125220,10/14/2016,10/19/2016,standard class,BE-11410,Bobby Elias,consumer,United States,Appleton,Wisconsin,54915.0,Central,TEC-AC-10003033,  Technology  ,Accessories,Plantronics CS510 - Over-the-Head monaural Wireless Headset System,1649.75,5,0.0,-
6916,CA-2014-142510,22-Dec-2014,12/29/2014,  Standard Class  ,NP-18700,Nora Preis,consumer,United States,Chicago,Illinois,60623.0,Central,OFF-BI-10002824,  Office Supplies  ,Binders,Recycled Easel Ring Binders,17.90 USD,6,0.8,$ -31.33
9740,CA-2017-129294,03/16/2017,3/21/2017,STANDARD CLASS,KD-16615,Ken Dana,  Corporate  ,United States,Los Angeles,California,90032.0,West,OFF-BI-10001757,Office Supplies,Binders,Pressboard Hanging Data Binders for Unburst Sheets,N/A,5,0.2,N/A
9034,CA-2014-152268,09/02/2014,9/7/2014,standard class,SC-20095,Sanjit Chand,consumer,United States,Fayetteville,Arkansas,72701.0,South,OFF-BI-10001359,Office Supplies,Binders,GBC DocuBind TL300 Electric Binding System,"$ 1,793.98",2,0.0,$ 843.17
7333,CA-2017-115119,Pending,10/30/2017,  Standard Class  ,SC-20440,Shaun Chance,  Corporate  ,United States,Lancaster,Pennsylvania,17602.0,east,OFF-BI-10003007,  Office Supplies  ,Binders,"Premium Transparent Presentation Covers, No Pattern/Clear, 8 1/2"" x 11""",81.438,7,0.7,-65.15 USD
6858,CA-2017-128965,2017-04-17,4/22/2017,  Standard Class  ,PS-18760,Pamela Stobb,consumer,United States,Los Angeles,California,90008.0,west,OFF-PA-10004911,Office Supplies,Paper,"Rediform S.O.S. 1-Up Phone Message Bk, 4-1/4x3-1/16 Bk, 1 Form/Pg, 40 Messages/Bk, 3/Pk",28.14,3,0.0,  $13.51  
7056,CA-2016-165330,12/11/2016,12/11/2016,Same Day,WB-21850,William Brown,Consumer,United States,Anaheim,California,92804.0,West,OFF-BI-10002824,  Office Supplies  ,Binders,Recycled Easel Ring Binders,$ 35.81,3,0.2,11.19
8963,CA-2016-157280,05-Nov-2016,11/7/2016,First Class,LW-17125,Liz Willingham,CONSUMER,United States,Virginia Beach,Virginia,23464.0,South,FUR-FU-10004665,FURNITURE,Furnishings,"3M Polarizing Task Lamp with Clamp Arm, Light Gray",$ 273.96,2,0.0,  $71.23  
5383,CA-2016-149195,2016/09/05 00:00:00,9/7/2016,SECOND CLASS,DM-13525,Don Miller,Corporate,United States,Houston,Texas,77070.0,Central,OFF-FA-10001843,Office Supplies,Fasteners,Staples,15.808,8,0.2,  $5.34  
7390,CA-2017-108035,11/29/2017,12/3/2017,Standard Class,TT-21070,Ted Trevino,consumer,United States,Chattanooga,Tennessee,37421.0,South,FUR-CH-10000454,  Furniture  ,Chairs,"Hon Deluxe Fabric Upholstered Stacking Chairs, Rounded Back",$ 390.37,2,0.2,48.796
5158,CA-2017-163006,30-Jun-2017,7/4/2017,second class,GH-14410,Gary Hansen,Home Office,United States,Chicago,Illinois,60653.0,  Central  ,FUR-CH-10000229,Furniture,Chairs,Global Enterprise Series Seating High-Back Swivel/Tilt Chairs,569.058,3,0.3,$ -178.85
4598,US-2017-169502,28-Aug-2017,9/1/2017,Standard Class,MG-17650,Matthew Grinstein,  Home Office  ,United States,Milwaukee,Wisconsin,53209.0,Central,OFF-SU-10004115,  Office Supplies  ,Supplies,Acme Stainless Steel Office Snips,21.81,3,0.0,5.8887
602,US-2016-100720,2016/07/16 00:00:00,7/21/2016,standard class,CK-12205,Chloris Kastensmidt,Consumer,United States,Philadelphia,Pennsylvania,19120.0,East,OFF-SU-10001574,  Office Supplies  ,Supplies,Acme Value Line Scissors,5.84,2,0.2,0.73
6735,CA-2015-141754,20-Dec-2015,12/25/2015,standard class,EM-14200,Evan Minnotte,Home Office,United States,Miami,Florida,33142.0,SOUTH,OFF-LA-10004093,Office Supplies,Labels,Avery 486,  $11.70  ,2,0.2,N/A
8914,CA-2017-102610,2017/11/04 00:00:00,11/8/2017,  Standard Class  ,CA-12265,Christina Anderson,Consumer,United States,Chattanooga,Tennessee,37421.0,south,OFF-LA-10002195,Office Supplies,Labels,Avery 481,  $4.93  ,2,0.2,1.7248
6776,CA-2015-105361,Pending,4/4/2015,Standard Class,CM-12115,Chad McGuire,CONSUMER,United States,New York City,New York,10024.0,East,OFF-PA-10002615,Office Supplies,Paper,"Ampad Gold Fibre Wirebound Steno Books, 6"" x 9"", Gregg Ruled",17.64,4,0.0,8.1144
2863,CA-2017-106537,08/12/2017,8/17/2017,Standard Class,RH-19495,Rick Hansen,  Consumer  ,United States,Orlando,Florida,32839.0,South,OFF-PA-10000223,  Office Supplies  ,Paper,Xerox 2000,N/A,4,0.2,7.2576
3814,CA-2015-103961,05-Nov-2015,11/9/2015,Standard Class,NG-18430,Nathan Gelder,  Consumer  ,United States,Quincy,Illinois,62301.0,central,OFF-LA-10004484,OFFICE SUPPLIES,Labels,Avery 476,19.824,6,0.2,6.44 USD
7693,CA-2014-102330,2014/12/29 00:00:00,1/3/2015,STANDARD CLASS,AI-10855,Arianne Irving,  Consumer  ,United States,Brentwood,California,,West,OFF-LA-10003923,OFFICE SUPPLIES,Labels,Alphabetical Labels for Top Tab Filing,$ 88.80,6,0.0,44.4
1045,CA-2017-115651,07/09/2017,7/12/2017,FIRST CLASS,NS-18640,Noel Staavos,Corporate,United States,Chicago,Illinois,60610.0,Central,OFF-AP-10000055,Office Supplies,Appliances,Belkin F9S820V06 8 Outlet Surge,$ 58.46,9,0.8,-146.16
7319,CA-2017-158120,2017-11-17,11/21/2017,Standard Class,KH-16330,Katharine Harms,CORPORATE,United States,Hillsboro,Oregon,97123.0,west,OFF-BI-10002813,OFFICE SUPPLIES,Binders,Avery Reinforcements for Hole-Punch Pages,$ 4.16,7,0.7,  $-3.46  
1558,CA-2016-109176,09-May-2016,5/15/2016,Standard Class,JW-16075,Julia West,CONSUMER,United States,Philadelphia,Pennsylvania,19140.0,  East  ,OFF-AR-10001955,Office Supplies,Art,Newell 319,N/A,5,0.2,-
4004,CA-2016-145730,2016-03-03,3/8/2016,STANDARD CLASS,CC-12220,Chris Cortes,CONSUMER,United States,San Antonio,Texas,78207.0,Central,TEC-MA-10001016,Technology,Machines,Canon PC170 Desktop Personal Copier,287.91,3,0.4,  $33.59  
4353,CA-2017-107748,10-Dec-2017,12/12/2017,Second Class,AG-10330,Alex Grayson,  Consumer  ,United States,Stockton,California,,west,TEC-PH-10003215,Technology,Phones,Jackery Bar Premium Fast-charging Portable Charger,95.84,4,0.2,$ 34.74
181,CA-2014-166191,2014-12-05,12/9/2014,  Second Class  ,DK-13150,David Kendrick,Corporate,United States,Decatur,Illinois,,central,OFF-ST-10003455,OFFICE SUPPLIES,Storage,"Tenex File Box, Personal Filing Tote with Lid, Black",$ 24.82,2,0.2,1.86 USD
2116,CA-2015-164882,2015/10/31 00:00:00,10/31/2015,same day,SG-20080,Sandra Glassco,Consumer,United States,Redlands,California,92374.0,West,FUR-BO-10002213,  Furniture  ,Bookcases,DMI Eclipse Executive Suite Bookcases,$ 425.83,1,0.15,  $20.04  
1700,CA-2014-135657,2014/06/03 00:00:00,6/7/2014,SECOND CLASS,SC-20725,Steven Cartwright,  Consumer  ,United States,Seattle,Washington,98115.0,  West  ,FUR-TA-10004086,Furniture,Tables,KI Adjustable-Height Table,$ 515.88,6,0.0,$ 113.49
1380,CA-2014-126361,08/04/2014,8/9/2014,Second Class,VD-21670,Valerie Dominguez,  Consumer  ,United States,Pleasant Grove,Utah,84062.0,  West  ,OFF-ST-10002289,  Office Supplies  ,Storage,"Safco Wire Cube Shelving System, For Use as 4 or 5 14"" Cubes, Black",158.9,5,0.0,$ 7.95
7214,CA-2017-154949,2017-10-15,10/19/2017,Standard Class,MC-17275,Marc Crier,Consumer,United States,Camarillo,California,93010.0,WEST,OFF-LA-10002034,OFFICE SUPPLIES,Labels,Avery 478,$ 14.73,3,0.0,7.2177
9330,CA-2015-164497,2015/11/28 00:00:00,11/30/2015,First Class,AJ-10945,Ashley Jarboe,Consumer,United States,San Francisco,California,94110.0,  West  ,OFF-AP-10004655,office supplies,Appliances,"Holmes Visible Mist Ultrasonic Humidifier with 2.3-Gallon Output per Day, Replacement Filter",-,4,0.0,15.3952
619,CA-2017-117947,18-Aug-2017,8/23/2017,Second Class,NG-18355,Nat Gilpin,Corporate,United States,New York City,New York,,East,OFF-BI-10002824,office supplies,Binders,Recycled Easel Ring Binders,N/A,9,0.2,$ 33.57
2603,CA-2016-165848,2016/06/04 00:00:00,6/4/2016,SAME DAY,EN-13780,Edward Nazzal,CONSUMER,United States,New York City,New York,10035.0,East,TEC-MA-10003356,technology,Machines,Panasonic KX MC6040 Color Laser Multifunction Printer,"1,349.85 USD",3,0.0,N/A
9846,CA-2014-163867,03-Jun-2014,6/6/2014,First Class,RE-19450,Richard Eichhorn,consumer,United States,Decatur,Illinois,,Central,OFF-ST-10000877,office supplies,Storage,Recycled Steel Personal File for Standard File Folders,132.696,3,0.2,$ 9.95
1601,CA-2017-158876,11/19/2017,11/21/2017,SECOND CLASS,AB-10150,,consumer,United States,Carrollton,Texas,75007.0,Central,FUR-FU-10001967,Furniture,Furnishings,Telescoping Adjustable Floor Lamp,15.99 USD,2,0.6,-13.99 USD
5953,US-2017-141698,2017/04/15 00:00:00,4/21/2017,standard class,SD-20485,Shirley Daniels,HOME OFFICE,United States,Houston,Texas,77041.0,central,OFF-PA-10001826,Office Supplies,Paper,Xerox 207,20.74 USD,4,0.2,  $7.26  
1616,CA-2015-130022,08/10/2015,8/16/2015,Standard Class,JK-16120,Julie Kriz,HOME OFFICE,United States,Eagan,Minnesota,55122.0,CENTRAL,OFF-LA-10002787,office supplies,Labels,Avery 480,3.75 USD,1,0.0,1.8
5910,US-2016-113985,02-Dec-2016,12/7/2016,standard class,KD-16495,Keith Dawkins,  Corporate  ,United States,San Jose,California,95123.0,WEST,FUR-FU-10003026,Furniture,Furnishings,"Eldon Regeneration Recycled Desk Accessories, Black",  $14.52  ,3,0.0,5.6628
4061,CA-2016-129196,01-Nov-2016,11/7/2016,  Standard Class  ,XP-21865,Xylona Preis,consumer,United States,Chicago,Illinois,60610.0,  Central  ,TEC-AC-10002473,  Technology  ,Accessories,Maxell 4.7GB DVD-R,68.112,3,0.2,17.8794
3882,CA-2015-129896,2015-06-15,6/20/2015,STANDARD CLASS,PF-19120,Peter Fuller,consumer,United States,Gilbert,Arizona,85234.0,WEST,OFF-ST-10004804,OFFICE SUPPLIES,Storage,"Belkin 19"" Vented Equipment Shelf, Black",82.368,2,0.2,-19.5624
2084,CA-2014-110352,11/23/2014,11/29/2014,Standard Class,ED-13885,Emily Ducich,home office,United States,Houston,Texas,77036.0,Central,OFF-LA-10003923,OFFICE SUPPLIES,Labels,Alphabetical Labels for Top Tab Filing,$ 23.68,2,0.2,N/A
7612,US-2015-130491,2015-02-08,2/11/2015,first class,BH-11710,Brosina Hoffman,consumer,United States,Garden City,Kansas,67846.0,CENTRAL,OFF-PA-10000791,office supplies,Paper,"Wirebound Message Books, Four 2 3/4 x 5 Forms per Page, 200 Sets per Book",9.54 USD,2,0.0,4.293
3950,CA-2016-119963,2016-11-18,11/22/2016,STANDARD CLASS,SN-20710,Steve Nguyen,  Home Office  ,United States,Pasadena,Texas,77506.0,Central,OFF-PA-10001970,OFFICE SUPPLIES,Paper,Xerox 1881,19.648,2,0.2,6.63 USD
5112,CA-2014-138450,10/18/2014,10/22/2014,STANDARD CLASS,EH-13765,Edward Hooks,Corporate,United States,Philadelphia,Pennsylvania,19134.0,EAST,OFF-PA-10003016,  Office Supplies  ,Paper,"Adams ""While You Were Out"" Message Pads",$ 10.05,4,0.2,3.14
4581,CA-2015-164427,Pending,8/6/2015,Standard Class,AR-10405,Allen Rosenblatt,Corporate,United States,Hattiesburg,Mississippi,39401.0,South,TEC-AC-10004469,technology,Accessories,Microsoft Sculpt Comfort Mouse,239.7,6,0.0,$ 105.47
4895,CA-2016-135776,2016-12-23,12/30/2016,STANDARD CLASS,EH-13765,Edward Hooks,Corporate,United States,Seattle,Washington,98103.0,West,OFF-PA-10004327,  Office Supplies  ,Paper,Xerox 1911,  $47.90  ,1,0.0,$ 22.99
6795,CA-2015-145394,Pending,11/20/2015,STANDARD CLASS,MC-17605,Matt Connell,Corporate,United States,Chicago,Illinois,60610.0,  Central  ,TEC-PH-10001051,Technology,Phones,HTC One,239.98 USD,3,0.2,26.9973
3024,CA-2017-124674,17-Nov-2017,11/23/2017,Standard Class,JB-16000,Joy Bell-,CONSUMER,United States,Brownsville,Texas,78521.0,central,FUR-BO-10002202,Furniture,Bookcases,"Atlantic Metals Mobile 2-Shelf Bookcases, Custom Colors",327.7328,2,0.32,$ -14.46
4993,CA-2015-153038,2015-12-18,12/25/2015,Standard Class,RB-19645,Robert Barroso,Corporate,United States,Memphis,Tennessee,38109.0,South,OFF-EN-10000461,  Office Supplies  ,Envelopes,"#10- 4 1/8"" x 9 1/2"" Recycled Envelopes",  $55.94  ,8,0.2,$ 18.88
8329,CA-2017-118577,06-Oct-2017,10/11/2017,  Standard Class  ,XP-21865,Xylona Preis,consumer,United States,Belleville,New Jersey,7109.0,  East  ,OFF-PA-10001357,  Office Supplies  ,Paper,Xerox 1886,$ 143.70,3,0.0,$ 68.98
1919,CA-2015-123673,2015-10-30,11/1/2015,  Second Class  ,CH-12070,Cathy Hwang,Home Office,United States,Detroit,Michigan,48227.0,Central,TEC-PH-10001809,Technology,Phones,Panasonic KX T7736-B Digital phone,$ 299.90,2,0.0,N/A
8325,CA-2017-144456,2017/09/08 00:00:00,9/9/2017,  First Class  ,FC-14245,Frank Carlisle,Home Office,United States,Hialeah,Florida,33012.0,south,OFF-ST-10001321,Office Supplies,Storage,"Decoflex Hanging Personal Folder File, Blue",61.68 USD,5,0.2,5.40 USD
5698,CA-2017-126123,Pending,10/18/2017,standard class,AG-10765,Anthony Garverick,Home Office,United States,Chicago,Illinois,60623.0,Central,OFF-BI-10004224,OFFICE SUPPLIES,Binders,Catalog Binders with Expanding Posts,$ 13.46,1,0.8,$ -23.55
7045,US-2017-165358,18-Jul-2017,7/23/2017,standard class,SV-20365,Seth Vernon,CONSUMER,United States,Philadelphia,Pennsylvania,19134.0,East,OFF-SU-10004768,Office Supplies,Supplies,Acme Kleencut Forged Steel Scissors,9.184,2,0.2,1.148
6325,CA-2015-110289,10/29/2015,11/2/2015,Standard Class,NB-18655,Nona Balk,CORPORATE,United States,San Francisco,California,94109.0,West,OFF-PA-10002986,Office Supplies,Paper,Xerox 1898,33.4,5,0.0,$ 16.03
2055,CA-2016-136434,2016-12-01,12/7/2016,STANDARD CLASS,RD-19480,Rick Duston,Consumer,United States,Richmond,Indiana,47374.0,CENTRAL,FUR-FU-10001196,  Furniture  ,Furnishings,DAX Cubicle Frames - 8x10,-,3,0.0,5.193
5980,CA-2014-117765,07-Sep-2014,9/13/2014,  Standard Class  ,RB-19465,Rick Bensley,  Home Office  ,United States,Tulsa,Oklahoma,,CENTRAL,OFF-BI-10000474,  Office Supplies  ,Binders,Avery Recycled Flexi-View Covers for Binding Systems,32.06 USD,2,0.0,15.39 USD
9204,CA-2016-153836,10/30/2016,11/3/2016,standard class,EH-13765,Edward Hooks,Corporate,United States,New York City,New York,10011.0,East,OFF-AR-10004602,OFFICE SUPPLIES,Art,Boston KS Multi-Size Manual Pencil Sharpener,  $114.95  ,5,0.0,32.186
6460,US-2017-133361,2017-05-14,5/17/2017,First Class,AJ-10780,Anthony Jacobs,  Corporate  ,United States,Baltimore,Maryland,21215.0,EAST,OFF-AR-10003045,office supplies,Art,Prang Colored Pencils,14.7,5,0.0,$ 6.62
1127,US-2014-147627,01/20/2014,1/26/2014,standard class,HL-15040,Hunter Lopez,Consumer,United States,Jonesboro,Arkansas,72401.0,  South  ,FUR-CH-10002331,Furniture,Chairs,Hon 4700 Series Mobuis Mid-Back Task Chairs with Adjustable Arms,"1,067.94 USD",3,0.0,224.27 USD
9930,CA-2016-129630,2016/09/04 00:00:00,9/4/2016,same day,IM-15055,Ionia McGrath,Consumer,United States,San Francisco,California,94122.0,WEST,TEC-CO-10003763,Technology,Copiers,Canon PC1060 Personal Laser Copier,"2,799.96 USD",5,0.2,$ 944.99
4594,CA-2016-129868,12/26/2016,12/31/2016,standard class,MC-18130,Mike Caudle,corporate,United States,Los Angeles,California,90004.0,  West  ,OFF-AP-10004052,OFFICE SUPPLIES,Appliances,"Hoover Replacement Belts For Soft Guard & Commercial Ltweight Upright Vacs, 2/Pk",  $7.90  ,2,0.0,$ 2.05
8244,CA-2014-109897,2014-08-12,8/16/2014,STANDARD CLASS,BW-11200,Ben Wallace,Consumer,United States,San Francisco,California,94122.0,WEST,TEC-PH-10003691,technology,Phones,BlackBerry Q10,  $806.34  ,8,0.2,$ 50.40
2841,US-2014-125521,2014-03-14,3/19/2014,Standard Class,CK-12325,Christine Kargatis,HOME OFFICE,United States,Chesapeake,Virginia,23320.0,SOUTH,FUR-CH-10003379,FURNITURE,Chairs,Global Commerce Series High-Back Swivel/Tilt Chairs,1139.92,4,0.0,284.98 USD
1323,CA-2017-121804,2017-03-03,3/8/2017,Standard Class,LP-17095,,consumer,United States,Murray,Kentucky,42071.0,South,OFF-AP-10004859,OFFICE SUPPLIES,Appliances,Acco 6 Outlet Guardian Premium Surge Suppressor,72.80 USD,5,0.0,  $19.66  
1604,CA-2017-116645,2017/11/30 00:00:00,12/4/2017,standard class,ME-17725,Max Engle,  Consumer  ,United States,Newark,Delaware,19711.0,East,OFF-AR-10001044,OFFICE SUPPLIES,Art,"BOSTON Ranger #55 Pencil Sharpener, Black",$ 155.94,6,0.0,$ 45.22
5505,CA-2017-127782,2017/11/02 00:00:00,11/6/2017,Standard Class,TH-21115,Thea Hudgings,Corporate,United States,Philadelphia,Pennsylvania,19140.0,East,OFF-EN-10003845,office supplies,Envelopes,Colored Envelopes,8.856,3,0.2,2.88 USD
9357,CA-2015-110324,2015-12-01,12/5/2015,standard class,MA-17560,Matt Abelman,  Home Office  ,United States,Jackson,Michigan,49201.0,CENTRAL,OFF-PA-10001776,  Office Supplies  ,Paper,"Wirebound Message Books, Four 2 3/4"" x 5"" Forms per Page, 600 Sets per Book",N/A,2,0.0,8.7138
5113,CA-2015-153073,Pending,11/13/2015,SAME DAY,HA-14905,Helen Abelman,CONSUMER,United States,Chicago,Illinois,60610.0,Central,FUR-FU-10001025,furniture,Furnishings,"Eldon Imàge Series Desk Accessories, Clear",17.496,9,0.6,  $-7.44  
5061,CA-2016-109722,2016-12-05,12/7/2016,Second Class,TP-21130,Theone Pippenger,CONSUMER,United States,Georgetown,Kentucky,40324.0,South,OFF-ST-10000060,  Office Supplies  ,Storage,Fellowes Bankers Box Staxonsteel Drawer File/Stacking System,$ 584.82,9,0.0,70.1784
8112,CA-2016-130393,2016/12/01 00:00:00,12/3/2016,Second Class,JM-15865,John Murray,Consumer,United States,San Angelo,Texas,76903.0,Central,FUR-CH-10002647,FURNITURE,Chairs,"Situations Contoured Folding Chairs, 4/Set",  $248.43  ,5,0.3,-17.745
5269,US-2017-114657,16-Nov-2017,11/21/2017,Standard Class,MH-18115,Mick Hernandez,HOME OFFICE,United States,Yonkers,New York,,EAST,TEC-MA-10003173,Technology,Machines,Hewlett-Packard 300S Scientific Calculator,-,4,0.0,24.1224
9385,CA-2017-100433,11-Aug-2017,8/16/2017,Standard Class,SJ-20125,Sanjit Jacobs,HOME OFFICE,United States,New York City,New York,10009.0,  East  ,OFF-PA-10003441,Office Supplies,Paper,Xerox 226,25.92,4,0.0,12.4416
2389,CA-2015-145065,2015/12/12 00:00:00,12/15/2015,First Class,DK-13375,Dennis Kane,consumer,United States,San Diego,California,92105.0,West,OFF-BI-10002437,Office Supplies,Binders,Recycled Premium Regency Composition Covers,24.448,2,0.2,8.8624
7602,CA-2014-131947,09/17/2014,9/22/2014,  Standard Class  ,JA-15970,Joseph Airdo,CONSUMER,United States,Springfield,Oregon,97477.0,  West  ,OFF-PA-10003039,office supplies,Paper,Xerox 1960,148.704,6,0.2,N/A
1560,CA-2016-126809,09-Apr-2016,4/13/2016,Standard Class,EB-13750,Edward Becker,CORPORATE,United States,Seattle,Washington,98103.0,  West  ,OFF-BI-10003712,  Office Supplies  ,Binders,"Acco Pressboard Covers with Storage Hooks, 14 7/8"" x 11"", Light Blue",35.352,9,0.2,12.8151
8291,CA-2014-156244,08/12/2014,8/16/2014,standard class,DH-13675,,home office,United States,Miami,Florida,33180.0,South,OFF-SU-10000432,  Office Supplies  ,Supplies,Acco Side-Punched Conventional Columnar Pads,5.55 USD,2,0.2,-1.04 USD
7542,US-2017-112347,12/02/2017,12/6/2017,STANDARD CLASS,BS-11380,Bill Stewart,Corporate,United States,Denver,Colorado,80219.0,west,TEC-PH-10000213,  Technology  ,Phones,Seidio BD2-HK3IPH5-BK DILEX Case and Holster Combo for Apple iPhone 5/5s - Black,49.616,2,0.2,$ 4.96
8523,US-2016-160206,2016-04-01,4/7/2016,  Standard Class  ,MY-18295,Muhammed Yedwab,Corporate,United States,Milwaukee,Wisconsin,,CENTRAL,TEC-PH-10000148,TECHNOLOGY,Phones,Cyber Acoustics AC-202b Speech Recognition Stereo Headset,12.99,1,0.0,  $0.26  
2541,CA-2015-113404,07/16/2015,7/16/2015,same day,EM-13810,Eleni McCrary,  Corporate  ,United States,San Francisco,California,94122.0,West,FUR-CH-10004086,  Furniture  ,Chairs,Hon 4070 Series Pagoda Armless Upholstered Stacking Chairs,700.152,3,0.2,78.7671
3449,CA-2016-162614,2016/10/07 00:00:00,10/13/2016,Standard Class,TB-21250,Tim Brockman,Consumer,United States,Los Angeles,California,90049.0,west,OFF-BI-10004001,Office Supplies,Binders,GBC Recycled VeloBinder Covers,$ 27.26,2,0.2,8.8608
8378,CA-2015-162964,2015/11/12 00:00:00,11/18/2015,  Standard Class  ,MF-18250,Monica Federle,Corporate,United States,Houston,Texas,77095.0,  Central  ,OFF-ST-10002344,  Office Supplies  ,Storage,"Carina 42""Hx23 3/4""W Media Storage Unit",64.784,1,0.2,  $-14.58  
1355,CA-2017-162978,05/04/2017,5/9/2017,standard class,LW-16990,Lindsay Williams,Corporate,United States,San Francisco,California,94109.0,  West  ,FUR-TA-10003473,Furniture,Tables,Bretford Rectangular Conference Table Tops,  $300.90  ,1,0.2,  $11.28  
46,CA-2016-118255,2016/03/11 00:00:00,3/13/2016,First Class,ON-18715,Odella Nelson,  Corporate  ,United States,Eagan,Minnesota,55122.0,Central,OFF-BI-10003291,  Office Supplies  ,Binders,Wilson Jones Leather-Like Binders with DublLock Round Rings,$ 17.46,2,0.0,8.2062
8582,CA-2014-130673,05/20/2014,5/22/2014,  Second Class  ,MC-17590,Matt Collister,CORPORATE,United States,San Marcos,Texas,78666.0,Central,OFF-PA-10000289,OFFICE SUPPLIES,Paper,Xerox 213,10.37 USD,2,0.2,$ 3.63
749,CA-2016-150889,03/20/2016,3/22/2016,second class,PB-19105,Peter Bühler,CONSUMER,United States,Evanston,Illinois,60201.0,  Central  ,TEC-PH-10000004,  Technology  ,Phones,Belkin iPhone and iPad Lightning Cable,11.99 USD,1,0.2,N/A
8893,CA-2015-111038,2015-12-01,12/6/2015,standard class,LC-16960,Lindsay Castell,Home Office,United States,San Diego,California,92037.0,west,FUR-CH-10003973,Furniture,Chairs,GuestStacker Chair with Chrome Finish Legs,"$ 2,676.67",9,0.2,$ 267.67
2808,CA-2015-148635,2015/07/25 00:00:00,7/27/2015,Second Class,MH-18025,Michelle Huthwaite,  Consumer  ,United States,Seattle,Washington,98115.0,  West  ,OFF-PA-10004782,office supplies,Paper,Xerox 228,12.96,2,0.0,6.2208
5479,CA-2016-121356,20-Nov-2016,11/24/2016,Standard Class,SJ-20500,Shirley Jackson,consumer,United States,Newark,Delaware,19711.0,East,OFF-BI-10002133,OFFICE SUPPLIES,Binders,"Wilson Jones Elliptical Ring 3 1/2"" Capacity Binders, 800 sheets",128.4,3,0.0,62.916
4650,CA-2017-129357,14-May-2017,5/19/2017,  Standard Class  ,KB-16585,Ken Black,corporate,United States,Seattle,Washington,98103.0,West,OFF-SU-10004498,office supplies,Supplies,Martin-Yale Premier Letter Opener,$ 64.40,5,0.0,1.93 USD
7979,CA-2014-166051,05/31/2014,6/5/2014,Standard Class,JK-15625,Jim Karlsson,Consumer,United States,Jackson,Mississippi,39212.0,south,TEC-PH-10002538,Technology,Phones,Grandstream GXP1160 VoIP phone,$ 113.73,3,0.0,N/A
6963,CA-2016-157161,07/16/2016,7/20/2016,  Second Class  ,JD-15895,Jonathan Doherty,  Corporate  ,United States,Columbia,South Carolina,29203.0,SOUTH,OFF-EN-10001509,  Office Supplies  ,Envelopes,Poly String Tie Envelopes,10.2,5,0.0,$ 4.79
5661,CA-2016-145261,12/18/2016,12/21/2016,First Class,AH-10120,Adrian Hane,Home Office,United States,Salem,Oregon,97301.0,WEST,TEC-PH-10004833,Technology,Phones,Macally Suction Cup Mount,-,3,0.2,-7.17 USD
8279,US-2016-139262,02/21/2016,2/25/2016,Standard Class,LC-16960,,home office,United States,Tampa,Florida,33614.0,  South  ,OFF-ST-10001496,  Office Supplies  ,Storage,Standard Rollaway File with Lock,432.456,3,0.2,32.43 USD
6254,CA-2014-165806,07-Apr-2014,4/7/2014,Same Day,VM-21685,Valerie Mitchum,Home Office,United States,Marietta,Georgia,30062.0,south,TEC-PH-10004922,  Technology  ,Phones,RCA Visys Integrated PBX 8-Line Router,200.97,3,0.0,$ 50.24
7496,CA-2017-121048,07/14/2017,7/18/2017,standard class,TC-21295,Toby Carlisle,Consumer,United States,Westminster,California,92683.0,  West  ,OFF-BI-10004022,  Office Supplies  ,Binders,Acco Suede Grain Vinyl Round Ring Binder,$ 4.45,2,0.2,1.4456
3486,CA-2016-151169,2016-10-21,10/26/2016,Standard Class,MY-18295,Muhammed Yedwab,Corporate,United States,Newark,Delaware,19711.0,East,OFF-BI-10002813,office supplies,Binders,Avery Reinforcements for Hole-Punch Pages,7.92,4,0.0,  $3.56  
3133,CA-2014-107916,08/24/2014,8/26/2014,  First Class  ,JP-15460,Jennifer Patt,  Corporate  ,United States,Oceanside,New York,11572.0,East,FUR-FU-10004586,  Furniture  ,Furnishings,G.E. Longer-Life Indoor Recessed Floodlight Bulbs,  $13.28  ,2,0.0,$ 6.37
2376,CA-2017-119669,2017/01/24 00:00:00,1/30/2017,standard class,TP-21130,Theone Pippenger,Consumer,United States,Smyrna,Georgia,30080.0,south,OFF-FA-10000053,OFFICE SUPPLIES,Fasteners,Revere Boxed Rubber Bands by Revere,-,3,0.0,0.1134
5083,CA-2016-155138,09/08/2016,9/12/2016,Standard Class,JM-15580,Jill Matthias,consumer,United States,Monroe,North Carolina,28110.0,South,TEC-AC-10004209,  Technology  ,Accessories,Memorex Froggy Flash Drive 4 GB,$ 35.17,4,0.2,8.3524
5355,CA-2014-113768,Pending,5/19/2014,standard class,AH-10030,Aaron Hawkins,  Corporate  ,United States,Los Angeles,California,90004.0,West,FUR-CH-10002439,Furniture,Chairs,"Iceberg Nesting Folding Chair, 19w x 6d x 43h",$ 279.46,6,0.2,20.9592
6844,CA-2016-123946,2016-09-12,9/17/2016,Standard Class,AJ-10795,Anthony Johnson,  Corporate  ,United States,Springfield,Virginia,22153.0,SOUTH,OFF-ST-10000419,Office Supplies,Storage,"Rogers Jumbo File, Granite",67.9,5,0.0,$ 0.68
9883,CA-2014-153927,08/12/2014,8/13/2014,first class,LL-16840,Lauren Leatherbury,consumer,United States,Woodstock,Georgia,30188.0,  South  ,TEC-AC-10000023,Technology,Accessories,"Maxell 74 Minute CD-R Spindle, 50/Pack",272.61,13,0.0,98.14 USD
9633,CA-2017-154809,2017/02/13 00:00:00,2/17/2017,  Standard Class  ,MH-17455,Mark Hamilton,consumer,United States,Minneapolis,Minnesota,55407.0,  Central  ,OFF-AP-10004785,office supplies,Appliances,"Holmes Replacement Filter for HEPA Air Cleaner, Medium Room",90.64,8,0.0,-
8577,CA-2017-106747,03-Jul-2017,7/4/2017,First Class,TS-21505,Tony Sayre,CONSUMER,United States,Concord,New Hampshire,3301.0,east,FUR-FU-10004188,FURNITURE,Furnishings,Luxo Professional Combination Clamp-On Lamps,102.30 USD,1,0.0,26.60 USD
665,CA-2016-143308,2016/11/04 00:00:00,11/4/2016,SAME DAY,RC-19825,Roy Collins,  Consumer  ,United States,Louisville,Kentucky,40214.0,south,OFF-FA-10000621,OFFICE SUPPLIES,Fasteners,"OIC Colored Binder Clips, Assorted Sizes",-,3,0.0,-
4011,CA-2017-100811,11/21/2017,11/24/2017,  First Class  ,CC-12475,Cindy Chapman,consumer,United States,Philadelphia,Pennsylvania,19143.0,  East  ,OFF-PA-10001204,Office Supplies,Paper,Xerox 1972,-,2,0.2,2.64
3003,CA-2015-130610,2015-07-05,7/10/2015,standard class,VP-21730,Victor Preis,HOME OFFICE,United States,Sterling Heights,Michigan,48310.0,Central,OFF-BI-10003655,office supplies,Binders,Durable Pressboard Binders,$ 19.00,5,0.0,8.93 USD
7924,CA-2017-134096,2017-09-24,9/29/2017,  Standard Class  ,PP-18955,Paul Prost,home office,United States,Hollywood,Florida,33021.0,South,OFF-BI-10004002,office supplies,Binders,Wilson Jones International Size A4 Ring Binders,-,3,0.7,-11.42 USD
9594,CA-2017-108931,09/14/2017,9/19/2017,STANDARD CLASS,HZ-14950,Henia Zydlo,consumer,United States,New York City,New York,10024.0,EAST,OFF-PA-10002741,office supplies,Paper,Xerox 1980,8.56,2,0.0,3.852
8469,US-2016-164196,2016-11-11,11/17/2016,Standard Class,AS-10285,Alejandro Savely,Corporate,United States,Noblesville,Indiana,46060.0,CENTRAL,FUR-TA-10001950,Furniture,Tables,Balt Solid Wood Round Tables,N/A,6,0.0,  $241.10  
676,CA-2017-130351,2017/12/05 00:00:00,12/8/2017,First Class,RB-19570,Rob Beeghly,CONSUMER,United States,Columbus,Indiana,47201.0,  Central  ,TEC-AC-10003832,TECHNOLOGY,Accessories,Imation 16GB Mini TravelDrive USB 2.0 Flash Drive,N/A,3,0.0,40.7499
2817,CA-2015-104626,2015-09-01,9/8/2015,Standard Class,DR-12940,Daniel Raglin,Home Office,United States,Franklin,Massachusetts,2038.0,East,FUR-CH-10003817,furniture,Chairs,"Global Value Steno Chair, Gray",60.74,1,0.0,15.19 USD
3460,CA-2017-136448,16-Sep-2017,9/18/2017,First Class,AS-10090,Adam Shillingsburg,Consumer,United States,Philadelphia,Pennsylvania,19143.0,East,OFF-BI-10001359,Office Supplies,Binders,GBC DocuBind TL300 Electric Binding System,  $538.19  ,2,0.7,-412.6154
6880,CA-2015-137113,2015/12/01 00:00:00,12/5/2015,  Second Class  ,TW-21025,Tamara Willingham,Home Office,United States,Seattle,Washington,98105.0,West,FUR-CH-10001215,furniture,Chairs,Global Troy Executive Leather Low-Back Tilter,"$ 2,003.92",5,0.2,$ 125.25
1963,CA-2017-110905,10-Sep-2017,9/15/2017,Second Class,RW-19690,Robert Waldorf,Consumer,United States,Springfield,Missouri,,central,OFF-BI-10002954,Office Supplies,Binders,Newell 3-Hole Punched Plastic Slotted Magazine Holders for Binders,$ 13.71,3,0.0,6.5808
1841,CA-2014-117345,01-Aug-2014,8/5/2014,Standard Class,BF-10975,Barbara Fisher,corporate,United States,Charlotte,North Carolina,28205.0,South,OFF-PA-10002377,OFFICE SUPPLIES,Paper,Xerox 1916,$ 78.30,2,0.2,29.364
9632,CA-2016-168844,31-May-2016,6/6/2016,standard class,NM-18520,Neoma Murray,Consumer,United States,New York City,New York,10011.0,EAST,TEC-PH-10003215,TECHNOLOGY,Phones,Jackery Bar Premium Fast-charging Portable Charger,$ 179.70,6,0.0,88.05 USD
3111,CA-2016-121671,2016/07/17 00:00:00,7/22/2016,Standard Class,AA-10480,Andrew Allen,Consumer,United States,Springfield,Missouri,65807.0,Central,OFF-PA-10001934,Office Supplies,Paper,Xerox 1993,51.84,8,0.0,  $25.40  
3529,CA-2016-130680,24-Jun-2016,6/29/2016,Standard Class,BD-11320,Bill Donatelli,consumer,United States,San Diego,California,92024.0,  West  ,TEC-PH-10004833,  Technology  ,Phones,Macally Suction Cup Mount,$ 38.24,4,0.2,N/A
7104,CA-2017-147410,2017-09-04,9/8/2017,Standard Class,EJ-14155,Eva Jacobs,Consumer,United States,Santa Ana,California,92704.0,  West  ,OFF-ST-10003805,  Office Supplies  ,Storage,"24 Capacity Maxi Data Binder Racks, Pearl",-,2,0.0,$ 105.28
6856,US-2017-162670,12/23/2017,12/28/2017,second class,MF-18250,Monica Federle,corporate,United States,Little Rock,Arkansas,72209.0,South,OFF-PA-10001994,OFFICE SUPPLIES,Paper,"Ink Jet Note and Greeting Cards, 8-1/2"" x 5-1/2"" Card Size",  $44.96  ,2,0.0,$ 20.68
2895,CA-2017-139913,10/23/2017,10/29/2017,Standard Class,JC-16105,Julie Creighton,Corporate,United States,Rochester,New York,14609.0,EAST,FUR-FU-10000771,Furniture,Furnishings,"Eldon 200 Class Desk Accessories, Smoke",-,11,0.0,29.0136
8189,CA-2015-140375,10/02/2015,10/5/2015,  Second Class  ,SG-20470,Sheri Gordon,CONSUMER,United States,Rockville,Maryland,20852.0,EAST,OFF-PA-10001870,Office Supplies,Paper,Xerox 202,19.44,3,0.0,9.33 USD
6200,CA-2015-149909,2015/11/13 00:00:00,11/17/2015,  Standard Class  ,RA-19915,Russell Applegate,consumer,United States,Columbus,Indiana,47201.0,Central,OFF-PA-10001790,Office Supplies,Paper,Xerox 1910,$ 96.08,2,0.0,$ 46.12
7720,CA-2015-108588,2015-01-05,1/10/2015,standard class,BG-11695,Brooke Gillingham,  Corporate  ,United States,New York City,New York,10009.0,  East  ,OFF-AR-10001615,office supplies,Art,Newell 34,59.52,3,0.0,15.4752
412,CA-2017-117457,2017/12/08 00:00:00,12/12/2017,standard class,KH-16510,Keith Herrera,Consumer,United States,San Francisco,California,94110.0,WEST,OFF-PA-10001970,  Office Supplies  ,Paper,Xerox 1908,55.98,1,0.0,27.4302
614,CA-2016-121223,11-Sep-2016,9/13/2016,  Second Class  ,GD-14590,Giulietta Dortch,CORPORATE,United States,Philadelphia,Pennsylvania,19143.0,  East  ,TEC-PH-10004667,TECHNOLOGY,Phones,Cisco 8x8 Inc. 6753i IP Business Phone System,728.946,9,0.4,-157.9383
4162,CA-2017-115546,05/14/2017,5/18/2017,  Standard Class  ,AH-10465,Amy Hunt,Consumer,United States,New York City,New York,10035.0,east,OFF-ST-10002214,  Office Supplies  ,Storage,X-Rack File for Hanging Folders,22.58,2,0.0,N/A
6828,CA-2016-118689,02-Oct-2016,10/9/2016,standard class,TC-20980,Tamara Chand,  Corporate  ,United States,Lafayette,Indiana,47905.0,Central,OFF-BI-10004600,  Office Supplies  ,Binders,Ibico Ibimaster 300 Manual Binding System,$ 735.98,2,0.0,331.191
1431,CA-2017-122700,11/26/2017,11/30/2017,STANDARD CLASS,LT-17110,Liz Thompson,  Consumer  ,United States,Columbus,Ohio,43229.0,east,TEC-PH-10003092,technology,Phones,Motorola L804,220.75 USD,8,0.4,-40.47 USD
8768,CA-2015-107083,11/21/2015,11/27/2015,standard class,BB-11545,Brenda Bowman,Corporate,United States,Fort Worth,Texas,76106.0,CENTRAL,OFF-BI-10002194,OFFICE SUPPLIES,Binders,Cardinal Hold-It CD Pocket,$ 7.98,5,0.8,-13.17 USD
7464,CA-2016-103709,2016-09-08,9/15/2016,Standard Class,LP-17095,Liz Preis,Consumer,United States,Visalia,California,93277.0,West,OFF-AR-10003338,OFFICE SUPPLIES,Art,"Eberhard Faber 3 1/2"" Golf Pencils",$ 14.88,2,0.0,3.72 USD
4342,CA-2017-130309,2017-12-17,12/21/2017,Standard Class,GB-14575,Giulietta Baptist,consumer,United States,Arlington,Virginia,22204.0,SOUTH,OFF-ST-10003208,Office Supplies,Storage,Adjustable Depth Letter/Legal Cart,$ 544.38,3,0.0,  $157.87  
4892,CA-2016-135776,2016/12/23 00:00:00,12/30/2016,standard class,EH-13765,Edward Hooks,corporate,United States,Seattle,Washington,98103.0,  West  ,OFF-PA-10001295,office supplies,Paper,Computer Printout Paper with Letter-Trim Perforations,$ 37.94,2,0.0,18.2112
2904,CA-2016-153577,2016/06/27 00:00:00,7/1/2016,Standard Class,KH-16330,Katharine Harms,CORPORATE,United States,Highland Park,Illinois,60035.0,Central,OFF-PA-10000575,Office Supplies,Paper,"Wirebound Message Books, Four 2 3/4 x 5 White Forms per Page",$ 37.46,7,0.2,12.18 USD
1418,CA-2015-126697,09/21/2015,9/24/2015,First Class,SV-20815,Stuart Van,CORPORATE,United States,Houston,Texas,77041.0,Central,TEC-AC-10004353,Technology,Accessories,Hypercom P1300 Pinpad,$ 151.20,3,0.2,$ 32.13
9400,CA-2016-103128,11/11/2016,11/15/2016,Standard Class,SC-20845,Sung Chung,  Consumer  ,United States,Arlington Heights,Illinois,60004.0,central,OFF-AR-10003394,office supplies,Art,Newell 332,N/A,6,0.2,  $1.23  
605,CA-2014-149958,15-Mar-2014,3/19/2014,Standard Class,AS-10240,Alan Shonely,CONSUMER,United States,Tampa,Florida,33614.0,SOUTH,OFF-BI-10000773,OFFICE SUPPLIES,Binders,Insertable Tab Post Binder Dividers,$ 7.22,3,0.7,-5.5338
1273,US-2016-103646,2016-04-21,4/26/2016,STANDARD CLASS,SP-20545,Sibella Parks,CORPORATE,United States,Chicago,Illinois,60623.0,CENTRAL,OFF-BI-10002854,OFFICE SUPPLIES,Binders,"Performers Binder/Pad Holder, Black",44.85 USD,8,0.8,-67.272
4340,CA-2017-133501,2017-08-27,9/1/2017,Standard Class,DK-12895,Dana Kaydos,Consumer,United States,Franklin,Tennessee,37064.0,  South  ,OFF-PA-10004888,Office Supplies,Paper,Xerox 217,$ 5.18,1,0.2,$ 1.81
6356,CA-2014-110611,2014-10-06,10/13/2014,Standard Class,JD-16015,Joy Daniels,  Consumer  ,United States,Philadelphia,Pennsylvania,19120.0,EAST,OFF-ST-10000642,Office Supplies,Storage,"Tennsco Lockers, Gray",$ 83.92,5,0.2,$ -13.64
6401,CA-2017-151981,2017-08-06,8/12/2017,Standard Class,GM-14455,Gary Mitchum,Home Office,United States,Concord,New Hampshire,3301.0,  East  ,OFF-AR-10000380,  Office Supplies  ,Art,"Hunt PowerHouse Electric Pencil Sharpener, Blue",227.88 USD,6,0.0,68.364
248,CA-2014-131926,2014-06-01,6/6/2014,  Second Class  ,DW-13480,Dianna Wilson,home office,United States,Lakeville,Minnesota,55044.0,Central,OFF-AP-10002945,Office Supplies,Appliances,Honeywell Enviracaire Portable HEPA Air Cleaner for 17' x 22' Room,"1,503.25 USD",5,0.0,496.0725
4327,CA-2016-153346,2016/01/25 00:00:00,1/27/2016,first class,TB-21355,Todd Boyes,CORPORATE,United States,Plainfield,New Jersey,7060.0,  East  ,OFF-AR-10000315,OFFICE SUPPLIES,Art,"Dixon Ticonderoga Maple Cedar Pencil, #2",$ 9.21,3,0.0,2.3025
1983,CA-2014-122749,12/03/2014,12/9/2014,standard class,NG-18430,Nathan Gelder,CONSUMER,United States,Oklahoma City,Oklahoma,,Central,TEC-PH-10003811,TECHNOLOGY,Phones,Jabra Supreme Plus Driver Edition Headset,479.96 USD,4,0.0,134.3888
4377,CA-2014-166954,2014-04-25,4/30/2014,Standard Class,BT-11305,,home office,United States,San Gabriel,California,,WEST,OFF-AP-10001391,office supplies,Appliances,Kensington 6 Outlet MasterPiece HOMEOFFICE Power Control Center,270.72,3,0.0,78.5088
9373,CA-2015-111339,Pending,5/31/2015,First Class,VP-21760,,Corporate,United States,Columbus,Ohio,43229.0,East,OFF-FA-10002988,Office Supplies,Fasteners,Ideal Clamps,-,5,0.2,2.9145
200,US-2017-124303,07/06/2017,7/13/2017,standard class,FH-14365,Fred Hopkins,Corporate,United States,Philadelphia,Pennsylvania,19120.0,  East  ,OFF-PA-10002749,Office Supplies,Paper,"Wirebound Message Books, 5-1/2 x 4 Forms, 2 or 4 Forms per Page",  $16.06  ,3,0.2,5.8203
486,CA-2017-140963,06/10/2017,6/13/2017,First Class,MT-18070,,Home Office,United States,Los Angeles,California,90045.0,West,FUR-BO-10001337,Furniture,Bookcases,O'Sullivan Living Dimensions 2-Shelf Bookcases,514.165,5,0.15,-30.245
6072,CA-2015-120901,12/31/2015,1/4/2016,  Standard Class  ,BG-11035,Barry Gonzalez,Consumer,United States,Austin,Texas,78745.0,CENTRAL,OFF-ST-10000025,OFFICE SUPPLIES,Storage,Fellowes Stor/Drawer Steel Plus Storage Drawers,N/A,2,0.2,$ -26.72
5144,CA-2016-111213,Pending,4/5/2016,STANDARD CLASS,FP-14320,Frank Preis,Consumer,United States,New York City,New York,10009.0,  East  ,OFF-BI-10004140,office supplies,Binders,Avery Non-Stick Binders,3.592,1,0.2,1.1225
456,CA-2016-100153,2016/12/13 00:00:00,12/17/2016,Standard Class,KH-16630,Ken Heidel,Corporate,United States,Norman,Oklahoma,73071.0,  Central  ,TEC-AC-10001772,technology,Accessories,Memorex Mini Travel Drive 16 GB USB 2.0 Flash Drive,N/A,4,0.0,24.9132
9793,CA-2014-127166,05/21/2014,5/23/2014,SECOND CLASS,KH-16360,Katherine Hughes,Consumer,United States,Houston,Texas,77070.0,central,FUR-CH-10003396,Furniture,Chairs,Global Deluxe Steno Chair,107.77 USD,2,0.3,$ -29.25
8821,CA-2017-100622,11/03/2017,11/7/2017,Standard Class,DK-13090,Dave Kipp,  Consumer  ,United States,Orlando,Florida,32839.0,south,TEC-CO-10003236,Technology,Copiers,Canon Image Class D660 Copier,959.984,2,0.2,311.9948
6504,CA-2014-129147,2014/11/02 00:00:00,11/6/2014,  Standard Class  ,LC-17050,Liz Carlisle,consumer,United States,Medina,Ohio,44256.0,East,OFF-BI-10001098,  Office Supplies  ,Binders,Acco D-Ring Binder w/DublLock,19.242,3,0.7,-13.4694
1722,US-2015-123218,20-Dec-2015,12/25/2015,Standard Class,KD-16345,Katherine Ducich,Consumer,United States,Chicago,Illinois,60623.0,Central,TEC-PH-10001061,  Technology  ,Phones,Apple iPhone 5C,  $159.98  ,2,0.2,$ 12.00
5145,CA-2017-161333,2017/02/02 00:00:00,2/7/2017,Standard Class,JL-15835,John Lee,CONSUMER,United States,Los Angeles,California,90045.0,West,FUR-FU-10003039,  Furniture  ,Furnishings,"Howard Miller 11-1/2"" Diameter Grantwood Wall Clock",86.26 USD,2,0.0,29.3284
7047,CA-2014-150581,2014-04-08,4/12/2014,  Standard Class  ,NM-18445,Nathan Mautz,home office,United States,Concord,California,94521.0,west,FUR-TA-10003748,Furniture,Tables,Bevis 36 x 72 Conference Tables,99.592,1,0.2,-
8150,CA-2014-167997,2014/01/26 00:00:00,1/29/2014,First Class,CA-11965,Carol Adams,Corporate,United States,Rapid City,South Dakota,57701.0,CENTRAL,OFF-BI-10001758,office supplies,Binders,Wilson Jones 14 Line Acrylic Coated Pressboard Data Binders,10.68 USD,2,0.0,5.02 USD
5757,CA-2014-163748,10/14/2014,10/18/2014,Standard Class,HG-15025,Hunter Glantz,  Consumer  ,United States,Fort Worth,Texas,76106.0,Central,TEC-CO-10002095,technology,Copiers,Hewlett Packard 610 Color Digital Copier / Printer,"$ 1,999.96",5,0.2,$ 624.99
5799,CA-2014-124856,09/29/2014,10/3/2014,Second Class,LD-17005,Lisa DeCherney,Consumer,United States,New York City,New York,10011.0,east,OFF-PA-10001289,Office Supplies,Paper,White Computer Printout Paper by Universal,77.52,2,0.0,37.98 USD
8669,CA-2016-149916,12/22/2016,12/24/2016,  Second Class  ,ED-13885,Emily Ducich,Home Office,United States,Seattle,Washington,98115.0,West,TEC-MA-10000752,Technology,Machines,Texas Instrument TI-15 Fraction Calculator,11.56 USD,1,0.2,N/A
863,CA-2016-134474,05-Jan-2016,1/7/2016,Second Class,AJ-10795,Anthony Johnson,Corporate,United States,Jacksonville,Florida,32216.0,South,TEC-AC-10001714,  Technology  ,Accessories,Logitech MX Performance Wireless Mouse,  $191.47  ,6,0.2,40.69 USD
2095,US-2015-164357,2015/11/25 00:00:00,11/29/2015,STANDARD CLASS,SF-20065,Sandra Flanagan,CONSUMER,United States,Wilmington,North Carolina,28403.0,SOUTH,OFF-AR-10001177,OFFICE SUPPLIES,Art,Newell 349,N/A,5,0.2,1.48 USD
948,US-2017-110576,2017-11-28,12/2/2017,standard class,RB-19795,Ross Baird,HOME OFFICE,United States,Philadelphia,Pennsylvania,,East,FUR-FU-10003601,FURNITURE,Furnishings,"Deflect-o RollaMat Studded, Beveled Mat for Medium Pile Carpeting",  $516.49  ,7,0.2,N/A
8199,CA-2017-102736,09/05/2017,9/9/2017,STANDARD CLASS,LP-17095,Liz Preis,Consumer,United States,Knoxville,Tennessee,37918.0,South,OFF-PA-10001800,OFFICE SUPPLIES,Paper,Xerox 220,15.552,3,0.2,5.4432
1445,CA-2016-133725,05/23/2016,5/28/2016,Standard Class,KL-16645,Ken Lonsdale,Consumer,United States,Chicago,Illinois,60623.0,CENTRAL,TEC-PH-10004165,Technology,Phones,Mitel MiVoice 5330e IP Phone,"$ 1,979.93",9,0.2,148.49 USD
1281,CA-2016-160815,2016-09-05,9/6/2016,First Class,TR-21325,Toby Ritter,  Consumer  ,United States,Cedar Rapids,Iowa,52402.0,Central,TEC-PH-10003505,TECHNOLOGY,Phones,Geemarc AmpliPOWER60,$ 278.40,3,0.0,80.736
9552,CA-2015-147690,10-Nov-2015,11/14/2015,Standard Class,SC-20020,Sam Craven,Consumer,United States,Philadelphia,Pennsylvania,19140.0,EAST,OFF-ST-10001526,  Office Supplies  ,Storage,Iceberg Mobile Mega Data/Printer Cart ,-,6,0.2,43.3188
4210,CA-2014-145387,10/31/2014,11/2/2014,SECOND CLASS,AM-10705,Anne McFarland,consumer,United States,Cranston,Rhode Island,,East,FUR-TA-10003238,  Furniture  ,Tables,"Chromcraft Bull-Nose Wood 48"" x 96"" Rectangular Conference Tables",385.686,1,0.3,-60.6078
7909,CA-2016-149762,2016-12-03,12/7/2016,Standard Class,RD-19720,Roger Demir,consumer,United States,Morgan Hill,California,95037.0,WEST,FUR-TA-10004147,furniture,Tables,Hon 4060 Series Tables,-,3,0.2,$ 6.72
2406,CA-2017-108574,2017-10-07,10/11/2017,STANDARD CLASS,MG-18145,Mike Gockenbach,consumer,United States,Los Angeles,California,90045.0,West,TEC-PH-10003555,  Technology  ,Phones,Motorola HK250 Universal Bluetooth Headset,128.744,7,0.2,  $-28.97  
3155,CA-2017-150497,07/20/2017,7/24/2017,Standard Class,SM-20950,Suzanne McNair,Corporate,United States,Maple Grove,Minnesota,55369.0,Central,OFF-BI-10004600,Office Supplies,Binders,Ibico Ibimaster 300 Manual Binding System,735.98,2,0.0,331.191
2303,CA-2016-106558,Pending,1/21/2016,Standard Class,DL-13495,Dionis Lloyd,  Corporate  ,United States,Columbus,Georgia,31907.0,South,TEC-AC-10001142,technology,Accessories,First Data FD10 PIN Pad,316.00 USD,4,0.0,$ 31.60
2005,US-2017-143028,11-Apr-2017,4/18/2017,Standard Class,SC-20050,Sample Company A,HOME OFFICE,United States,Lubbock,Texas,79424.0,CENTRAL,OFF-BI-10004738,  Office Supplies  ,Binders,Flexible Leather- Look Classic Collection Ring Binder,11.36 USD,3,0.8,-17.046
3617,CA-2016-154536,09/05/2016,9/9/2016,  Standard Class  ,JC-15340,Jasper Cacioppo,Consumer,United States,Philadelphia,Pennsylvania,,East,OFF-BI-10004410,OFFICE SUPPLIES,Binders,"C-Line Peel & Stick Add-On Filing Pockets, 8-3/4 x 5-1/8, 10/Pack",9.555,5,0.7,-7.3255
8699,CA-2017-119284,2017-06-15,6/20/2017,standard class,TS-21205,Thomas Seio,CORPORATE,United States,Nashville,Tennessee,37211.0,south,FUR-TA-10004152,Furniture,Tables,"Barricks 18"" x 48"" Non-Folding Utility Table with Bottom Storage Shelf",$ 120.96,2,0.4,-28.22 USD
1006,CA-2015-111199,2015/11/13 00:00:00,11/17/2015,standard class,JK-15730,Joe Kamberova,CONSUMER,United States,Jacksonville,North Carolina,28540.0,  South  ,OFF-PA-10001790,  Office Supplies  ,Paper,Xerox 1910,  $115.30  ,3,0.2,$ 40.35
4254,CA-2015-155068,10/23/2015,10/23/2015,Same Day,RA-19285,,consumer,United States,Lakeland,Florida,33801.0,SOUTH,TEC-PH-10004924,Technology,Phones,"SKILCRAFT Telephone Shoulder Rest, 2"" x 6.5"" x 2.5"", Black",11.824,2,0.2,$ 1.03
7133,CA-2017-141439,11/26/2017,12/1/2017,  Standard Class  ,TT-21460,Tonja Turnell,home office,United States,Richmond,Indiana,47374.0,  Central  ,TEC-PH-10002624,Technology,Phones,Samsung Galaxy S4 Mini,1879.96,4,0.0,N/A
2751,CA-2014-154669,2014-08-08,8/11/2014,Second Class,TM-21010,Tamara Manning,CONSUMER,United States,Vacaville,California,95687.0,  West  ,OFF-ST-10000532,Office Supplies,Storage,Advantus Rolling Drawer Organizers,  $423.28  ,11,0.0,110.0528
3095,CA-2015-114468,08/23/2015,8/23/2015,Same Day,TD-20995,Tamara Dahlen,  Consumer  ,United States,Bolingbrook,Illinois,60440.0,Central,OFF-PA-10000809,OFFICE SUPPLIES,Paper,Xerox 206,10.368,2,0.2,$ 3.63
2133,CA-2015-156524,2015-11-20,11/26/2015,Standard Class,DL-12865,Dan Lawera,CONSUMER,United States,New York City,New York,10011.0,East,OFF-PA-10003883,Office Supplies,Paper,"Message Book, Phone, Wirebound Standard Line Memo, 2 3/4"" X 5""",$ 19.65,3,0.0,$ 9.04
6654,US-2017-124779,08-Sep-2017,9/11/2017,First Class,BF-11020,Barry Französisch,Corporate,United States,Arlington,Texas,76017.0,central,FUR-CH-10003535,  Furniture  ,Chairs,"Global Armless Task Chair, Royal Blue",213.43 USD,5,0.3,-39.64 USD
2058,CA-2017-120376,2017-12-22,12/25/2017,  First Class  ,TP-21130,Theone Pippenger,consumer,United States,Detroit,Michigan,48227.0,central,TEC-AC-10000844,technology,Accessories,Logitech Gaming G510s - Keyboard,$ 84.99,1,0.0,30.5964
8588,CA-2017-162015,2017-07-11,7/18/2017,  Standard Class  ,KB-16240,Karen Bern,  Corporate  ,United States,Los Angeles,California,90049.0,WEST,OFF-AP-10003040,OFFICE SUPPLIES,Appliances,Fellowes 8 Outlet Superior Workstation Surge Protector w/o Phone/Fax/Modem Protection,$ 168.10,5,0.0,$ 43.71
230,US-2015-145436,2015-02-28,3/4/2015,Standard Class,VD-21670,Valerie Dominguez,Consumer,United States,Columbia,Tennessee,38401.0,  South  ,FUR-CH-10004477,furniture,Chairs,"Global Push Button Manager's Chair, Indigo",-,8,0.2,43.8408
5814,CA-2015-150196,2015/07/02 00:00:00,7/3/2015,  First Class  ,SR-20740,Steven Roelle,home office,United States,New York City,New York,10024.0,EAST,OFF-PA-10003797,Office Supplies,Paper,Xerox 209,  $19.44  ,3,0.0,9.33 USD
5350,CA-2015-149811,01/04/2015,1/10/2015,standard class,CS-12250,Chris Selesnick,  Corporate  ,United States,Woodbury,Minnesota,55125.0,  Central  ,OFF-PA-10004082,Office Supplies,Paper,"Adams Telephone Message Book w/Frequently-Called Numbers Space, 400 Messages per Book",  $39.90  ,5,0.0,19.95
8750,US-2015-163825,2015/06/16 00:00:00,6/19/2015,first class,LC-16885,Lena Creighton,Consumer,United States,New York City,New York,10009.0,East,OFF-BI-10003527,Office Supplies,Binders,Fellowes PB500 Electric Punch Plastic Comb Binding Machine with Manual Bind,3050.376,3,0.2,"$ 1,143.89"
8450,CA-2017-125451,10/23/2017,10/24/2017,First Class,AH-10075,Adam Hart,corporate,United States,Cranston,Rhode Island,2920.0,east,OFF-PA-10003724,  Office Supplies  ,Paper,"Wirebound Message Book, 4 per Page",$ 43.44,8,0.0,21.29 USD
3405,CA-2015-152527,2015-10-17,10/17/2015,same day,CM-12190,Charlotte Melton,Consumer,United States,Los Angeles,California,90004.0,WEST,OFF-ST-10003479,OFFICE SUPPLIES,Storage,"Eldon Base for stackable storage shelf, platinum",N/A,2,0.0,3.894
8376,CA-2015-158701,01/05/2015,1/10/2015,  Standard Class  ,JL-15175,James Lanier,Home Office,United States,San Francisco,California,94110.0,  West  ,OFF-BI-10001294,Office Supplies,Binders,Fellowes Binding Cases,  $56.16  ,6,0.2,17.55 USD
210,CA-2017-135860,12/01/2017,12/7/2017,standard class,JH-15985,Joseph Holt,consumer,United States,Saginaw,Michigan,,  Central  ,OFF-FA-10000134,Office Supplies,Fasteners,"Advantus Push Pins, Aluminum Head",52.29,9,0.0,  $16.21  
8609,CA-2014-151946,2014-06-04,6/9/2014,  Standard Class  ,BT-11440,Bobby Trafton,Consumer,United States,New York City,New York,10035.0,East,OFF-AP-10001626,Office Supplies,Appliances,"Commercial WindTunnel Clean Air Upright Vacuum, Replacement Belts, Filtration Bags",15.56,4,0.0,N/A
3578,CA-2016-103163,2016-06-07,6/11/2016,standard class,FM-14290,Frank Merwin,  Home Office  ,United States,Bakersfield,California,93309.0,west,OFF-PA-10004000,Office Supplies,Paper,"While You Were Out Pads, 50 per Pad, 4 x 5 1/4, Green Cycle",4.73 USD,1,0.0,2.32 USD
3034,CA-2017-134173,09/16/2017,9/21/2017,standard class,AB-10060,Adam Bellavance,home office,United States,Philadelphia,Pennsylvania,19143.0,EAST,OFF-PA-10004355,OFFICE SUPPLIES,Paper,Xerox 231,  $20.74  ,4,0.2,$ 7.26
7101,CA-2014-159625,23-Nov-2014,11/28/2014,  Standard Class  ,SM-20005,Sally Matthias,Consumer,United States,Scottsdale,Arizona,85254.0,West,OFF-EN-10002621,OFFICE SUPPLIES,Envelopes,Staple envelope,  $23.47  ,3,0.2,$ 8.80
3648,CA-2014-146528,2014-07-25,7/27/2014,Second Class,VF-21715,Vicky Freymann,Home Office,United States,Los Angeles,California,90045.0,  West  ,OFF-SU-10002522,Office Supplies,Supplies,Acme Kleen Earth Office Shears,$ 15.52,4,0.0,4.5008
1729,CA-2016-106894,2016/02/07 00:00:00,2/7/2016,  Same Day  ,CA-12265,Christina Anderson,Consumer,United States,Springfield,Virginia,22153.0,South,TEC-AC-10003063,Technology,Accessories,Micro Innovations USB RF Wireless Keyboard with Mouse,$ 100.00,4,0.0,$ 21.00
4562,CA-2015-118871,12/04/2015,12/9/2015,Second Class,HM-14860,,CORPORATE,United States,Los Angeles,California,90049.0,West,TEC-PH-10000193,TECHNOLOGY,Phones,Jensen SMPS-640 - speaker phone,$ 110.35,3,0.2,N/A
338,CA-2014-129924,07/12/2014,7/17/2014,Standard Class,AC-10420,Alyssa Crouse,Corporate,United States,San Francisco,California,94122.0,West,OFF-BI-10003314,  Office Supplies  ,Binders,Tuff Stuff Recycled Round Ring Binders,7.712,2,0.2,$ 2.80
4976,CA-2015-142202,2015-09-18,9/23/2015,Second Class,JR-16210,Justin Ritter,corporate,United States,Jacksonville,Florida,32216.0,South,TEC-AC-10003198,Technology,Accessories,Enermax Acrylux Wireless Keyboard,717.12,9,0.2,152.39 USD
2454,CA-2017-140949,17-Mar-2017,3/22/2017,Second Class,DB-13405,Denny Blanton,  Consumer  ,United States,New York City,New York,,  East  ,TEC-AC-10002399,TECHNOLOGY,Accessories,SanDisk Cruzer 32 GB USB Flash Drive,57.06 USD,3,0.0,18.26 USD
8316,CA-2014-161508,2014-07-12,7/16/2014,Standard Class,PV-18985,Paul Van Hugh,home office,United States,League City,Texas,77573.0,CENTRAL,OFF-AR-10003158,Office Supplies,Art,Fluorescent Highlighters by Dixon,22.288,7,0.2,3.90 USD
3705,CA-2015-104941,06/13/2015,6/19/2015,  Standard Class  ,DH-13075,Dave Hallsten,corporate,United States,Decatur,Alabama,,  South  ,TEC-CO-10004202,Technology,Copiers,Brother DCP1000 Digital 3 in 1 Multifunction Machine,899.97,3,0.0,314.99 USD
1227,CA-2016-126004,12/04/2016,12/5/2016,  First Class  ,BM-11140,Becky Martin,Consumer,United States,New York City,New York,10024.0,  East  ,OFF-ST-10001418,Office Supplies,Storage,Carina Media Storage Towers in Natural & Black,182.94 USD,3,0.0,3.6588
3285,CA-2014-103702,12-Sep-2014,9/17/2014,STANDARD CLASS,AF-10885,Art Foster,Consumer,United States,Fairfield,Ohio,45014.0,East,OFF-BI-10002429,  Office Supplies  ,Binders,"Premier Elliptical Ring Binder, Black",63.924,7,0.7,-46.8776
4314,CA-2014-123127,09/08/2014,9/12/2014,Standard Class,SP-20620,Stefania Perrino,CORPORATE,United States,Long Beach,New York,11561.0,East,OFF-AP-10001962,OFFICE SUPPLIES,Appliances,Black & Decker Filter for Double Action Dustbuster Cordless Vac BLDV7210,16.78,2,0.0,4.20 USD
8275,CA-2017-164112,06/30/2017,7/4/2017,Standard Class,ND-18460,Neil Ducich,corporate,United States,Mount Vernon,New York,10550.0,  East  ,OFF-ST-10002615,Office Supplies,Storage,"Dual Level, Single-Width Filing Carts",1085.42,7,0.0,$ 282.21
5973,CA-2017-115105,02/06/2017,2/11/2017,STANDARD CLASS,BD-11770,Bryan Davis,consumer,United States,New York City,New York,10024.0,East,FUR-BO-10001811,FURNITURE,Bookcases,"Atlantic Metals Mobile 5-Shelf Bookcases, Custom Colors",  $240.78  ,1,0.2,  $30.10  
2112,CA-2015-164882,2015-10-31,10/31/2015,same day,SG-20080,,Consumer,United States,Redlands,California,92374.0,WEST,FUR-CH-10004218,Furniture,Chairs,"Global Fabric Manager's Chair, Dark Gray",323.136,4,0.2,20.196
2686,CA-2016-133123,09/06/2016,9/11/2016,STANDARD CLASS,KB-16315,Karl Braun,Consumer,United States,Thomasville,North Carolina,27360.0,  South  ,OFF-EN-10003055,  Office Supplies  ,Envelopes,"Blue String-Tie & Button Interoffice Envelopes, 10 x 13",95.95 USD,3,0.2,29.985
5073,CA-2014-124478,08-Aug-2014,8/12/2014,standard class,MA-17560,Matt Abelman,home office,United States,Trenton,Michigan,48183.0,  Central  ,TEC-PH-10001128,Technology,Phones,Motorola Droid Maxx,299.98,2,0.0,$ 83.99
5663,CA-2016-108875,09/24/2016,10/1/2016,  Standard Class  ,CL-12700,Craig Leslie,Home Office,United States,Aurora,Colorado,80013.0,  West  ,OFF-ST-10001370,Office Supplies,Storage,Sensible Storage WireTech Storage Systems,511.056,9,0.2,-95.823
1018,CA-2015-108665,07/06/2015,7/10/2015,  Standard Class  ,KM-16225,Kalyca Meade,Corporate,United States,New York City,New York,10011.0,East,FUR-FU-10000965,furniture,Furnishings,"Howard Miller 11-1/2"" Diameter Ridgewood Wall Clock",155.82,3,0.0,63.8862
7362,CA-2016-163594,2016/04/12 00:00:00,4/14/2016,First Class,JF-15295,Jason Fortune-,consumer,United States,Los Angeles,California,90036.0,west,FUR-CH-10000225,Furniture,Chairs,"Global Geo Office Task Chair, Gray",$ 194.35,3,0.2,-36.441
6115,CA-2016-124590,11/12/2016,11/16/2016,  Standard Class  ,SP-20920,Susan Pistek,Consumer,United States,Parma,Ohio,44134.0,east,FUR-CH-10003746,furniture,Chairs,Hon 4070 Series Pagoda Round Back Stacking Chairs,449.372,2,0.3,-12.8392
5007,CA-2015-169796,2015-11-09,11/14/2015,standard class,Dp-13240,Dean percer,Home Office,United States,New York City,New York,10035.0,East,TEC-MA-10000045,technology,Machines,Zebra ZM400 Thermal Label Printer,  $2321.90  ,2,0.0,"$ 1,114.51"
1929,US-2017-101539,03/16/2017,3/18/2017,Second Class,VM-21685,Valerie Mitchum,home office,United States,Seattle,Washington,98105.0,West,OFF-PA-10001972,Office Supplies,Paper,Xerox 214,6.48,1,0.0,3.1104
351,CA-2016-129714,2016/09/01 00:00:00,9/3/2016,First Class,AB-10060,Adam Bellavance,  Home Office  ,United States,New York City,New York,10009.0,  East  ,OFF-PA-10001970,Office Supplies,Paper,Xerox 1881,24.56,2,0.0,$ 11.54
5198,CA-2014-159709,2014/05/10 00:00:00,5/15/2014,STANDARD CLASS,AI-10855,Arianne Irving,Consumer,United States,Kent,Washington,98031.0,West,TEC-PH-10003988,Technology,Phones,"LF Elite 3D Dazzle Designer Hard Case Cover, Lf Stylus Pen and Wiper For Apple Iphone 5c Mini Lite",43.6,5,0.2,4.36 USD
8031,CA-2016-158806,2016-01-07,1/11/2016,standard class,NM-18520,Neoma Murray,CONSUMER,United States,Amarillo,Texas,79109.0,Central,FUR-FU-10004270,Furniture,Furnishings,"Executive Impressions 13"" Clairmont Wall Clock",23.076,3,0.6,  $-10.96  
1935,CA-2017-101245,2017-11-27,12/3/2017,Standard Class,LW-16990,Lindsay Williams,Corporate,United States,San Francisco,California,94109.0,WEST,OFF-PA-10003129,OFFICE SUPPLIES,Paper,Tops White Computer Printout Paper,$ 244.55,5,0.0,-
6889,CA-2017-120222,04/25/2017,5/2/2017,STANDARD CLASS,LL-16840,Lauren Leatherbury,Consumer,United States,Los Angeles,California,90032.0,West,OFF-BI-10000666,  Office Supplies  ,Binders,Surelock Post Binders,  $73.34  ,3,0.2,27.504
8252,CA-2015-140221,05-Mar-2015,3/9/2015,Second Class,MS-17365,Maribeth Schnelling,Consumer,United States,Chicago,Illinois,60653.0,CENTRAL,OFF-AP-10000828,OFFICE SUPPLIES,Appliances,Avanti 4.4 Cu. Ft. Refrigerator,$ 180.98,5,0.8,$ -470.55
565,CA-2015-130736,12/07/2015,12/9/2015,First Class,JF-15490,Jeremy Farry,  Consumer  ,United States,Seattle,Washington,98105.0,  West  ,OFF-LA-10000634,OFFICE SUPPLIES,Labels,Avery 509,$ 2.61,1,0.0,1.2006
1583,CA-2015-131338,Pending,8/12/2015,  First Class  ,NP-18325,Naresj Patel,consumer,United States,New York City,New York,10024.0,East,OFF-BI-10000545,  Office Supplies  ,Binders,GBC Ibimaster 500 Manual ProClick Binding System,"$ 1,217.57",2,0.2,456.588
3549,CA-2017-155292,2017-10-30,11/1/2017,first class,RD-19810,Ross DeVincentis,Home Office,United States,Richmond,Kentucky,40475.0,SOUTH,FUR-CH-10000553,FURNITURE,Chairs,"Metal Folding Chairs, Beige, 4/Carton",$ 33.94,1,0.0,9.16 USD
2176,CA-2016-125738,2016-10-15,10/21/2016,Standard Class,PB-18805,Patrick Bzostek,HOME OFFICE,United States,Salt Lake City,Utah,84106.0,WEST,OFF-PA-10000740,  Office Supplies  ,Paper,Xerox 1982,45.68,2,0.0,21.01 USD
4871,CA-2017-131366,24-Nov-2017,11/29/2017,  Standard Class  ,SC-20440,Shaun Chance,corporate,United States,Lancaster,Pennsylvania,17602.0,East,OFF-PA-10000675,Office Supplies,Paper,Xerox 1919,229.544,7,0.2,83.21 USD
3996,CA-2015-105627,2015-03-08,3/12/2015,standard class,DK-12895,Dana Kaydos,CONSUMER,United States,Kenosha,Wisconsin,53142.0,  Central  ,FUR-CH-10002084,Furniture,Chairs,Hon Mobius Operator's Chair,$ 860.93,7,0.0,$ 189.40
2229,CA-2016-139157,Pending,10/5/2016,Standard Class,GM-14680,Greg Matthias,consumer,United States,New York City,New York,,EAST,FUR-TA-10003238,Furniture,Tables,"Chromcraft Bull-Nose Wood 48"" x 96"" Rectangular Conference Tables",$ 330.59,1,0.4,-115.7058
1116,CA-2017-140585,2017/12/18 00:00:00,12/23/2017,SECOND CLASS,RA-19915,Russell Applegate,Consumer,United States,Encinitas,California,92024.0,West,TEC-AC-10003610,  Technology  ,Accessories,Logitech Illuminated - Keyboard,$ 119.98,2,0.0,57.59 USD
8889,CA-2017-103968,2017/12/01 00:00:00,12/7/2017,  Standard Class  ,ML-17755,Max Ludwig,Home Office,United States,Stockton,California,95207.0,west,FUR-FU-10003394,furniture,Furnishings,"Tenex ""The Solids"" Textured Chair Mats",629.64 USD,9,0.0,107.0388
5913,CA-2014-120432,2014-08-24,8/26/2014,Second Class,DW-13585,Dorothy Wardle,corporate,United States,Owensboro,Kentucky,42301.0,SOUTH,OFF-SU-10004661,  Office Supplies  ,Supplies,Acme Titanium Bonded Scissors,N/A,3,0.0,6.63 USD
5655,CA-2016-145261,18-Dec-2016,12/21/2016,First Class,AH-10120,Adrian Hane,Home Office,United States,Salem,Oregon,97301.0,west,OFF-BI-10001670,Office Supplies,Binders,Vinyl Sectional Post Binders,45.24 USD,4,0.7,-30.16 USD
7461,US-2015-136987,2015/04/11 00:00:00,4/14/2015,second class,AR-10540,Andy Reiter,Consumer,United States,Los Angeles,California,90004.0,west,TEC-CO-10001943,  Technology  ,Copiers,Canon PC-428 Personal Copier,639.968,4,0.2,$ 215.99
822,CA-2014-140858,2014/06/28 00:00:00,7/2/2014,standard class,CA-12775,Cynthia Arntzen,Consumer,United States,Philadelphia,Pennsylvania,19140.0,East,OFF-PA-10003395,Office Supplies,Paper,Xerox 1941,335.52,4,0.2,117.43 USD
2887,CA-2017-102099,2017-12-18,12/19/2017,first class,EP-13915,Emily Phan,Consumer,United States,Los Angeles,California,90008.0,WEST,OFF-AR-10003811,  Office Supplies  ,Art,Newell 327,6.63,3,0.0,1.7901
2273,CA-2015-142944,03/06/2015,3/11/2015,STANDARD CLASS,JL-15850,John Lucas,Consumer,United States,San Francisco,California,94122.0,West,FUR-FU-10000308,Furniture,Furnishings,Deflect-o Glass Clear Studded Chair Mats,$ 435.26,7,0.0,95.76 USD
7856,CA-2017-135587,2017-12-07,12/12/2017,  Standard Class  ,BH-11710,Brosina Hoffman,  Consumer  ,United States,Hattiesburg,Mississippi,39401.0,south,TEC-AC-10001266,technology,Accessories,Memorex Micro Travel Drive 8 GB,52.00 USD,4,0.0,23.40 USD
82,CA-2014-139451,10/12/2014,10/16/2014,STANDARD CLASS,DN-13690,Duane Noonan,consumer,United States,San Francisco,California,94122.0,  West  ,OFF-AR-10002053,Office Supplies,Art,"Premium Writing Pencils, Soft, #2 by Central Association for the Blind",14.9,5,0.0,4.172
1324,CA-2017-162635,2017-10-09,10/10/2017,first class,EB-14170,Evan Bailliet,Consumer,United States,Wilmington,North Carolina,28403.0,South,OFF-PA-10002659,Office Supplies,Paper,Avoid Verbal Orders Carbonless Minifold Book,$ 10.82,4,0.2,  $3.52  
7506,US-2017-106579,2017-06-08,6/13/2017,Standard Class,BW-11200,Ben Wallace,  Consumer  ,United States,Skokie,Illinois,60076.0,Central,OFF-BI-10000309,Office Supplies,Binders,"GBC Twin Loop Wire Binding Elements, 9/16"" Spine, Black",-,4,0.8,-
1615,US-2016-113509,2016-03-15,3/19/2016,STANDARD CLASS,PL-18925,Paul Lucas,Home Office,United States,Philadelphia,Pennsylvania,19143.0,EAST,TEC-AC-10004855,Technology,Accessories,V7 USB Numeric Keypad,-,3,0.2,-13.65 USD
832,CA-2017-129462,2017-06-16,6/21/2017,Second Class,JE-15745,Joel Eaton,Consumer,United States,Florence,Kentucky,41042.0,south,TEC-PH-10001557,Technology,Phones,Pyle PMP37LED,  $191.98  ,2,0.0,51.8346
3874,CA-2016-136231,09/05/2016,9/7/2016,Second Class,DM-13015,Darrin Martin,CONSUMER,United States,Johnson City,Tennessee,37604.0,South,OFF-EN-10001099,Office Supplies,Envelopes,Staple envelope,-,3,0.2,$ 7.63
5141,CA-2015-154886,08-Nov-2015,11/12/2015,  Standard Class  ,SW-20455,,  Consumer  ,United States,San Francisco,California,94109.0,West,TEC-AC-10001956,TECHNOLOGY,Accessories,Microsoft Arc Touch Mouse,$ 119.90,2,0.0,43.164
5606,CA-2016-134516,2016-09-20,9/25/2016,  Standard Class  ,FM-14215,Filia McAdams,  Corporate  ,United States,Greensboro,North Carolina,27405.0,SOUTH,FUR-FU-10001546,Furniture,Furnishings,Dana Swing-Arm Lamps,17.09 USD,2,0.2,$ 1.07
6126,CA-2017-145772,06/03/2017,6/7/2017,Standard Class,SS-20140,Saphhira Shifley,CORPORATE,United States,Los Angeles,California,90036.0,west,OFF-PA-10001593,Office Supplies,Paper,Xerox 1947,11.96,2,0.0,5.38 USD
3020,CA-2015-123568,08-Nov-2015,11/14/2015,  Standard Class  ,SC-20095,Sanjit Chand,consumer,United States,West Jordan,Utah,84084.0,west,OFF-FA-10002701,OFFICE SUPPLIES,Fasteners,Alliance Rubber Bands,5.04,3,0.0,$ 0.20
1650,CA-2015-120341,09/26/2015,9/29/2015,Second Class,SF-20200,Sarah Foster,CONSUMER,United States,Philadelphia,Pennsylvania,19143.0,east,TEC-PH-10003357,Technology,Phones,Grandstream GXP2100 Mainstream Business Phone,N/A,1,0.4,-9.18 USD
4056,CA-2014-122931,2014-09-29,10/3/2014,standard class,SM-20950,Suzanne McNair,Corporate,United States,Philadelphia,Pennsylvania,19134.0,East,OFF-ST-10004459,  Office Supplies  ,Storage,Tennsco Single-Tier Lockers,"$ 1,801.63",6,0.2,  $-337.81  
2484,CA-2017-126067,28-Aug-2017,9/3/2017,Standard Class,KN-16705,Kristina Nunn,Home Office,United States,Seattle,Washington,98105.0,West,FUR-TA-10000617,Furniture,Tables,"Hon Practical Foundations 30 x 60 Training Table, Light Gray/Charcoal","$ 1,137.75",5,0.0,  $250.31  
4387,CA-2016-156811,10/27/2016,11/2/2016,Standard Class,BP-11095,Bart Pistole,Corporate,United States,San Francisco,California,94122.0,  West  ,OFF-AP-10001366,OFFICE SUPPLIES,Appliances,Staple holder,$ 43.92,4,0.0,11.8584
9658,CA-2014-156160,Pending,9/29/2014,  Standard Class  ,AS-10090,Adam Shillingsburg,Consumer,United States,New York City,New York,,east,OFF-AR-10003876,OFFICE SUPPLIES,Art,"Avery Hi-Liter GlideStik Fluorescent Highlighter, Yellow Ink",$ 13.04,4,0.0,5.74 USD
9866,CA-2017-113278,2017-01-14,1/20/2017,STANDARD CLASS,HR-14770,Hallie Redmond,Home Office,United States,Richmond,Indiana,47374.0,CENTRAL,FUR-FU-10001037,  Furniture  ,Furnishings,"DAX Charcoal/Nickel-Tone Document Frame, 5 x 7",18.96,2,0.0,N/A
6877,US-2016-121013,2016-09-05,9/10/2016,Standard Class,MM-17920,Michael Moore,consumer,United States,Chesapeake,Virginia,23320.0,SOUTH,FUR-TA-10003238,furniture,Tables,"Chromcraft Bull-Nose Wood 48"" x 96"" Rectangular Conference Tables","$ 1,652.94",3,0.0,$ 314.06
8846,CA-2017-156664,18-Dec-2017,12/23/2017,STANDARD CLASS,BP-11290,Beth Paige,consumer,United States,Columbus,Ohio,43229.0,East,OFF-FA-10002988,Office Supplies,Fasteners,Ideal Clamps,4.824,3,0.2,1.75 USD
3711,CA-2017-113670,2017-10-15,10/17/2017,First Class,RS-19765,Roland Schwarz,Corporate,United States,Los Angeles,California,90045.0,west,FUR-TA-10001705,Furniture,Tables,Bush Advantage Collection Round Conference Table,510.24 USD,3,0.2,6.378
2418,CA-2017-168655,2017-10-12,10/18/2017,standard class,ML-18040,Michelle Lonsdale,corporate,United States,Albuquerque,New Mexico,87105.0,West,OFF-BI-10002082,Office Supplies,Binders,GBC Twin Loop Wire Binding Elements,$ 79.87,3,0.2,29.952
750,CA-2017-126074,10/02/2017,10/6/2017,  Standard Class  ,RF-19735,Roland Fjeld,  Consumer  ,United States,Trenton,Michigan,48183.0,CENTRAL,OFF-BI-10003638,office supplies,Binders,GBC Durable Plastic Covers,$ 58.05,3,0.0,$ 26.70
5262,CA-2014-105165,2014-09-07,9/10/2014,FIRST CLASS,SZ-20035,Sam Zeldin,  Home Office  ,United States,Houston,Texas,77036.0,Central,OFF-BI-10000050,Office Supplies,Binders,"Angle-D Binders with Locking Rings, Label Holders",2.92,2,0.8,$ -4.82
2374,CA-2016-159940,2016-07-07,7/11/2016,second class,BF-11020,,Corporate,United States,Aurora,Illinois,60505.0,Central,OFF-PA-10001609,Office Supplies,Paper,Tops Wirebound Message Log Books,23.69 USD,9,0.2,7.6986
4686,CA-2016-159912,2016-08-29,9/3/2016,STANDARD CLASS,GB-14530,George Bell,Corporate,United States,Philadelphia,Pennsylvania,19120.0,EAST,OFF-BI-10002071,office supplies,Binders,Fellowes Black Plastic Comb Bindings,$ 3.49,2,0.7,$ -2.79
2612,CA-2014-127446,11/25/2014,11/30/2014,STANDARD CLASS,MC-17590,Matt Collister,CORPORATE,United States,Arlington,Texas,76017.0,CENTRAL,OFF-PA-10000955,OFFICE SUPPLIES,Paper,Southworth 25% Cotton Granite Paper & Envelopes,15.70 USD,3,0.2,5.1012
8365,CA-2017-137631,04/28/2017,5/2/2017,  Standard Class  ,JL-15235,Janet Lee,  Consumer  ,United States,Kissimmee,Florida,34741.0,  South  ,TEC-PH-10002624,technology,Phones,Samsung Galaxy S4 Mini,$ 751.98,2,0.2,84.5982
6569,CA-2014-100678,18-Apr-2014,4/22/2014,Standard Class,KM-16720,,Consumer,United States,Houston,Texas,77095.0,Central,OFF-AR-10001868,  Office Supplies  ,Art,Prang Dustless Chalk Sticks,2.688,2,0.2,  $1.01  
4099,CA-2014-116904,2014-09-23,9/28/2014,Standard Class,SC-20095,,Consumer,United States,Minneapolis,Minnesota,55407.0,CENTRAL,OFF-BI-10001120,Office Supplies,Binders,Ibico EPK-21 Electric Binding System,"$ 9,449.95",5,0.0,"$ 4,630.48"
4148,CA-2017-106068,2017-10-23,10/28/2017,  Standard Class  ,RB-19330,Randy Bradley,  Consumer  ,United States,Austin,Texas,78745.0,CENTRAL,OFF-BI-10000962,Office Supplies,Binders,"Acco Flexible ACCOHIDE Square Ring Data Binder, Dark Blue, 11 1/2"" X 14"" 7/8""",9.762,3,0.8,N/A
4451,CA-2015-121965,2015-06-19,6/23/2015,STANDARD CLASS,LH-17155,Logan Haushalter,Consumer,United States,Los Angeles,California,90032.0,  West  ,OFF-EN-10000056,OFFICE SUPPLIES,Envelopes,Cameo Buff Policy Envelopes,186.69,3,0.0,87.7443
1140,CA-2016-152170,12-Nov-2016,11/15/2016,Second Class,FH-14275,,CORPORATE,United States,La Porte,Indiana,46350.0,Central,OFF-AR-10003394,  Office Supplies  ,Art,Newell 332,20.58,7,0.0,5.5566
7616,CA-2014-148425,30-Nov-2014,12/4/2014,STANDARD CLASS,RF-19345,Randy Ferguson,corporate,United States,Orlando,Florida,32839.0,SOUTH,OFF-BI-10000201,office supplies,Binders,"Avery Triangle Shaped Sheet Lifters, Black, 2/Pack",  $6.64  ,9,0.7,  $-4.43  
2232,CA-2017-157091,2017-06-26,7/1/2017,standard class,DB-13405,Denny Blanton,  Consumer  ,United States,La Porte,Indiana,46350.0,Central,FUR-FU-10000293,furniture,Furnishings,Eldon Antistatic Chair Mats for Low to Medium Pile Carpets,526.45,5,0.0,$ 31.59
2165,CA-2016-154018,2016-10-13,10/19/2016,  Standard Class  ,HA-14920,Helen Andreada,consumer,United States,Laredo,Texas,78041.0,Central,OFF-PA-10000551,OFFICE SUPPLIES,Paper,Array Memo Cubes,8.288,2,0.2,$ 3.00
2956,CA-2016-153353,08/18/2016,8/24/2016,STANDARD CLASS,GG-14650,Greg Guthrie,Corporate,United States,New York City,New York,,east,TEC-PH-10000439,Technology,Phones,GE DSL Phone Line Filter,$ 39.99,1,0.0,11.60 USD
6391,CA-2015-147529,02/07/2015,2/11/2015,STANDARD CLASS,DK-12835,Damala Kotsonis,Corporate,United States,Springfield,Virginia,22153.0,SOUTH,OFF-PA-10003349,Office Supplies,Paper,Xerox 1957,  $12.96  ,2,0.0,6.3504
7383,CA-2016-105732,2016-09-13,9/18/2016,standard class,AG-10270,Alejandro Grove,consumer,United States,Omaha,Nebraska,,Central,OFF-SU-10004782,  Office Supplies  ,Supplies,"Elite 5"" Scissors",  $16.90  ,2,0.0,5.07 USD
2475,CA-2016-114972,11/03/2016,11/6/2016,First Class,PF-19225,Phillip Flathmann,consumer,United States,Los Angeles,California,90032.0,West,TEC-AC-10000682,technology,Accessories,Kensington K72356US Mouse-in-a-Box USB Desktop Mouse,82.95,5,0.0,29.0325
1571,US-2014-157385,2014-11-23,11/25/2014,First Class,SC-20095,Sanjit Chand,  Consumer  ,United States,Los Angeles,California,90004.0,  West  ,FUR-CH-10000863,FURNITURE,Chairs,Novimex Swivel Fabric Task Chair,$ 603.92,5,0.2,-67.941
173,CA-2014-118962,Pending,8/9/2014,Standard Class,CS-12130,Chad Sievert,consumer,United States,Los Angeles,California,90004.0,WEST,OFF-PA-10001144,office supplies,Paper,Xerox 1913,110.96,2,0.0,$ 53.26
9036,CA-2015-148873,2015/10/01 00:00:00,10/5/2015,standard class,EM-13960,Eric Murdock,Consumer,United States,Quincy,Illinois,62301.0,CENTRAL,TEC-AC-10003657,Technology,Accessories,Lenovo 17-Key USB Numeric Keypad,$ 108.77,4,0.2,N/A
2088,CA-2016-140501,06/23/2016,6/28/2016,Standard Class,IM-15070,Irene Maddox,  Consumer  ,United States,New York City,New York,10009.0,East,OFF-PA-10003129,Office Supplies,Paper,Tops White Computer Printout Paper,$ 146.73,3,0.0,68.9631
9746,CA-2017-137505,2017/11/24 00:00:00,11/24/2017,Same Day,BP-11290,Beth Paige,consumer,United States,Los Angeles,California,90008.0,West,FUR-TA-10000617,  Furniture  ,Tables,"Hon Practical Foundations 30 x 60 Training Table, Light Gray/Charcoal",364.08,2,0.2,N/A
4699,US-2015-138121,12/17/2015,12/17/2015,Same Day,JL-15835,John Lee,CONSUMER,United States,Detroit,Michigan,48205.0,CENTRAL,FUR-FU-10002116,  Furniture  ,Furnishings,"Tenex Carpeted, Granite-Look or Clear Contemporary Contour Shape Chair Mats",212.13,3,0.0,14.85 USD
7075,CA-2016-112256,2016-07-23,7/28/2016,standard class,CK-12205,Chloris Kastensmidt,Consumer,United States,Mcallen,Texas,78501.0,  Central  ,OFF-BI-10004364,Office Supplies,Binders,Storex Dura Pro Binders,4.75 USD,4,0.8,N/A
6326,CA-2015-110289,10/29/2015,11/2/2015,standard class,NB-18655,Nona Balk,Corporate,United States,San Francisco,California,94109.0,West,OFF-EN-10001434,Office Supplies,Envelopes,"Strathmore #10 Envelopes, Ultimate White",210.84 USD,4,0.0,103.31 USD
8065,CA-2016-132997,2016-11-07,11/9/2016,FIRST CLASS,LW-17215,Luke Weiss,consumer,United States,Rochester,New York,14609.0,east,OFF-PA-10004983,Office Supplies,Paper,Xerox 23,  $12.96  ,2,0.0,6.22 USD
2679,US-2014-160780,06/21/2014,6/21/2014,same day,SV-20785,Stewart Visinsky,Consumer,United States,Pueblo,Colorado,81001.0,WEST,OFF-BI-10002931,  Office Supplies  ,Binders,"Avery Trapezoid Extra Heavy Duty 4"" Binders",25.16 USD,2,0.7,$ -16.78
1833,CA-2015-131422,2015-11-05,11/9/2015,  Standard Class  ,GB-14530,George Bell,corporate,United States,Monroe,North Carolina,28110.0,South,FUR-CH-10001270,  Furniture  ,Chairs,Harbour Creations Steel Folding Chair,207.00 USD,3,0.2,-
7615,CA-2015-113740,2015/08/24 00:00:00,8/28/2015,  Second Class  ,SC-20380,Shahid Collister,consumer,United States,New York City,New York,10035.0,East,FUR-FU-10000010,Furniture,Furnishings,"DAX Value U-Channel Document Frames, Easel Back",  $14.91  ,3,0.0,4.6221
8257,CA-2017-152310,2017-08-12,8/19/2017,Standard Class,DK-12895,Dana Kaydos,  Consumer  ,United States,Seattle,Washington,98103.0,  West  ,OFF-ST-10001228,Office Supplies,Storage,Personal File Boxes with Fold-Down Carry Handle,46.74 USD,3,0.0,$ 11.69
9125,CA-2016-128916,2016-08-18,8/20/2016,Second Class,MA-17560,Matt Abelman,HOME OFFICE,United States,Houston,Texas,77070.0,CENTRAL,FUR-FU-10001940,Furniture,Furnishings,Staple-based wall hangings,9.552,3,0.6,-
6298,CA-2014-141313,2014/12/28 00:00:00,1/1/2015,Standard Class,AJ-10780,Anthony Jacobs,Corporate,United States,Beverly,Massachusetts,1915.0,EAST,OFF-PA-10003302,Office Supplies,Paper,Xerox 1906,141.76,4,0.0,66.6272
4408,CA-2016-100041,2016-11-20,11/25/2016,STANDARD CLASS,BF-10975,Barbara Fisher,Corporate,United States,Columbus,Indiana,47201.0,central,OFF-PA-10000418,Office Supplies,Paper,Xerox 189,314.55 USD,3,0.0,$ 150.98
9043,CA-2015-168760,09/22/2015,9/26/2015,Second Class,MM-18280,Muhammed MacIntyre,  Corporate  ,United States,Los Angeles,California,,west,OFF-AP-10004532,Office Supplies,Appliances,Kensington 6 Outlet Guardian Standard Surge Protector,61.44 USD,3,0.0,$ 16.59
5147,CA-2017-161333,2017-02-02,2/7/2017,Standard Class,JL-15835,John Lee,Consumer,United States,Los Angeles,California,90045.0,west,OFF-AP-10000252,Office Supplies,Appliances,Harmony HEPA Quiet Air Purifiers,46.8,4,0.0,16.38 USD
835,CA-2016-165316,07/23/2016,7/27/2016,Standard Class,JB-15400,Jennifer Braxton,Corporate,United States,Tampa,Florida,33614.0,SOUTH,OFF-AP-10003266,  Office Supplies  ,Appliances,"Holmes Replacement Filter for HEPA Air Cleaner, Large Room",23.696,2,0.2,$ 6.52
6809,CA-2015-128125,03/31/2015,4/5/2015,  Standard Class  ,EB-13705,Ed Braxton,Corporate,United States,Houston,Texas,77095.0,Central,FUR-FU-10001085,Furniture,Furnishings,3M Polarizing Light Filter Sleeves,N/A,3,0.6,-7.833
3772,US-2016-101196,2016-05-12,5/17/2016,Standard Class,FM-14215,Filia McAdams,corporate,United States,Philadelphia,Pennsylvania,19140.0,East,OFF-ST-10004804,Office Supplies,Storage,"Belkin 19"" Vented Equipment Shelf, Black",$ 82.37,2,0.2,-19.5624
4536,CA-2017-138464,07/08/2017,7/12/2017,standard class,VF-21715,Vicky Freymann,home office,United States,Seattle,Washington,98115.0,west,FUR-FU-10003142,FURNITURE,Furnishings,"Master Big Foot Doorstop, Beige",  $15.84  ,3,0.0,$ 4.91
5493,CA-2014-105249,2014-11-28,11/28/2014,Same Day,DH-13675,Duane Huffman,home office,United States,San Francisco,California,,  West  ,OFF-SU-10001225,Office Supplies,Supplies,Staple remover,$ 7.36,2,0.0,0.1472
9187,CA-2017-156776,2017-08-07,8/11/2017,STANDARD CLASS,JL-15505,Jeremy Lonsdale,CONSUMER,United States,Westminster,California,92683.0,west,OFF-AP-10002534,Office Supplies,Appliances,3.6 Cubic Foot Counter Height Office Refrigerator,  $1473.10  ,5,0.0,  $412.47  
66,CA-2015-135545,11/24/2015,11/30/2015,Standard Class,KM-16720,Kunst Miller,Consumer,United States,Los Angeles,California,90004.0,  West  ,FUR-FU-10000397,  Furniture  ,Furnishings,Luxo Economy Swing Arm Lamp,$ 79.76,4,0.0,N/A
2958,CA-2017-168900,04-May-2017,5/9/2017,Standard Class,SH-20395,Shahid Hopkins,consumer,United States,Springfield,Ohio,45503.0,EAST,OFF-BI-10003910,OFFICE SUPPLIES,Binders,DXL Angle-View Binders with Locking Rings by Samsill,2.313,1,0.7,-1.9275
3663,US-2017-129777,2017-07-03,7/9/2017,Standard Class,FM-14290,Frank Merwin,Home Office,United States,Quincy,Massachusetts,2169.0,EAST,TEC-AC-10003590,Technology,Accessories,"TRENDnet 56K USB 2.0 Phone, Internet and Fax Modem",$ 258.90,10,0.0,93.20 USD
7471,CA-2015-100734,2015-09-15,9/20/2015,Standard Class,AC-10615,Ann Chong,Corporate,United States,Philadelphia,Pennsylvania,19143.0,East,OFF-BI-10002609,Office Supplies,Binders,Avery Hidden Tab Dividers for Binding Systems,$ 3.58,4,0.7,-2.8608
355,CA-2016-138520,04/08/2016,4/13/2016,standard class,JL-15505,Jeremy Lonsdale,consumer,United States,New York City,New York,10035.0,EAST,FUR-BO-10002268,furniture,Bookcases,Sauder Barrister Bookcases,388.70 USD,6,0.2,$ -4.86
3934,CA-2017-123001,2017-09-02,9/8/2017,Standard Class,AW-10840,Anthony Witt,CONSUMER,United States,Bakersfield,California,93309.0,west,OFF-AR-10001919,OFFICE SUPPLIES,Art,"OIC #2 Pencils, Medium Soft",9.4,5,0.0,2.73 USD
9462,CA-2014-100867,10/19/2014,10/24/2014,standard class,EH-14125,Eugene Hildebrand,home office,United States,Lakewood,California,90712.0,West,TEC-PH-10004922,TECHNOLOGY,Phones,RCA Visys Integrated PBX 8-Line Router,321.55 USD,6,0.2,20.10 USD
9212,CA-2015-167479,14-Mar-2015,3/19/2015,  Standard Class  ,AI-10855,Arianne Irving,consumer,United States,Roseville,California,,west,OFF-PA-10002105,Office Supplies,Paper,Xerox 223,19.44,3,0.0,9.3312
5607,CA-2016-134516,2016-09-20,9/25/2016,STANDARD CLASS,FM-14215,Filia McAdams,Corporate,United States,Greensboro,North Carolina,27405.0,South,FUR-CH-10002880,Furniture,Chairs,"Global High-Back Leather Tilter, Burgundy",  $98.39  ,1,0.2,$ -11.07
6727,CA-2016-128811,09/12/2016,9/16/2016,standard class,SF-20200,Sarah Foster,consumer,United States,Seattle,Washington,98103.0,West,OFF-BI-10000301,Office Supplies,Binders,GBC Instant Report Kit,$ 20.70,4,0.2,7.76 USD
6387,US-2017-104661,Pending,1/18/2017,FIRST CLASS,TB-21250,Tim Brockman,CONSUMER,United States,Austin,Texas,78745.0,Central,OFF-BI-10001098,office supplies,Binders,Acco D-Ring Binder w/DublLock,4.28 USD,1,0.8,-6.6278
4123,CA-2017-133823,2017/05/11 00:00:00,5/12/2017,  Same Day  ,LP-17080,Liz Pelletier,  Consumer  ,United States,Seattle,Washington,98103.0,WEST,OFF-LA-10004545,  Office Supplies  ,Labels,Avery 50,37.59,3,0.0,17.6673
8028,CA-2015-132465,09/11/2015,9/15/2015,Second Class,DM-13525,Don Miller,corporate,United States,New York City,New York,,East,TEC-AC-10001998,TECHNOLOGY,Accessories,Logitech LS21 Speaker System - PC Multimedia - 2.1-CH - Wired,19.99,1,0.0,6.80 USD
4113,CA-2015-153717,2015/12/25 00:00:00,1/1/2016,standard class,DL-13495,Dionis Lloyd,CORPORATE,United States,Detroit,Michigan,48227.0,central,OFF-AR-10002375,office supplies,Art,Newell 351,3.28 USD,1,0.0,  $0.95  
473,CA-2014-144666,Pending,11/11/2014,  Second Class  ,JP-15520,,  Consumer  ,United States,San Francisco,California,94110.0,  West  ,FUR-BO-10001601,FURNITURE,Bookcases,"Sauder Mission Library with Doors, Fruitwood Finish",$ 222.67,2,0.15,10.48 USD
2849,CA-2017-157854,Pending,4/15/2017,Standard Class,DM-13345,Denise Monton,Corporate,United States,Roswell,Georgia,30076.0,SOUTH,OFF-BI-10001359,Office Supplies,Binders,GBC DocuBind TL300 Electric Binding System,"$ 2,690.97",3,0.0,1264.7559
5937,CA-2016-103107,07/04/2016,7/4/2016,  Same Day  ,RB-19465,Rick Bensley,Home Office,United States,Seattle,Washington,98103.0,WEST,TEC-PH-10001198,TECHNOLOGY,Phones,Avaya 4621SW VoIP phone,$ 177.48,3,0.2,19.9665
5867,US-2014-117968,2014-08-05,8/7/2014,Second Class,RS-19420,Ricardo Sperren,corporate,United States,Meriden,Connecticut,6450.0,East,FUR-CH-10002335,furniture,Chairs,Hon GuestStacker Chair,"$ 1,133.35",5,0.0,$ 294.67
2755,CA-2015-155306,2015/04/17 00:00:00,4/21/2015,STANDARD CLASS,GA-14515,George Ashbrook,  Consumer  ,United States,San Francisco,California,94122.0,West,TEC-PH-10002310,Technology,Phones,Plantronics Calisto P620-M USB Wireless Speakerphone System,783.96,5,0.2,68.5965
869,CA-2014-136742,Pending,4/10/2014,  Standard Class  ,GP-14740,Guy Phonely,Corporate,United States,Lancaster,Pennsylvania,,East,OFF-BI-10003719,office supplies,Binders,Large Capacity Hanging Post Binders,44.91,6,0.7,-35.93 USD
7758,CA-2017-112844,2017/11/13 00:00:00,11/16/2017,  Second Class  ,SP-20620,Stefania Perrino,  Corporate  ,United States,Buffalo,New York,14215.0,East,TEC-PH-10003988,  Technology  ,Phones,"LF Elite 3D Dazzle Designer Hard Case Cover, Lf Stylus Pen and Wiper For Apple Iphone 5c Mini Lite",-,4,0.0,$ 12.21
7664,CA-2017-139493,09/13/2017,9/19/2017,standard class,SG-20605,Speros Goranitis,Consumer,United States,Asheville,North Carolina,28806.0,South,OFF-AR-10003158,Office Supplies,Art,Fluorescent Highlighters by Dixon,15.92,5,0.2,-
4375,CA-2016-158575,11/18/2016,11/24/2016,Standard Class,SB-20290,Sean Braxton,Corporate,United States,Kent,Ohio,44240.0,  East  ,OFF-AP-10002998,Office Supplies,Appliances,Holmes 99% HEPA Air Purifier,103.968,6,0.2,16.8948
6119,CA-2017-143378,09/19/2017,9/25/2017,  Standard Class  ,JR-16210,Justin Ritter,  Corporate  ,United States,Springfield,Oregon,97477.0,  West  ,TEC-PH-10001425,technology,Phones,Mophie Juice Pack Helium for iPhone,191.976,3,0.2,19.1976
7507,CA-2014-115889,11/02/2014,11/6/2014,STANDARD CLASS,SH-20395,Shahid Hopkins,  Consumer  ,United States,San Francisco,California,94122.0,west,TEC-PH-10001615,Technology,Phones,AT&T CL82213,46.384,2,0.2,$ 5.22
6078,CA-2016-151561,01-Sep-2016,9/7/2016,  Standard Class  ,PG-18820,Patrick Gardner,CONSUMER,United States,New York City,New York,10011.0,  East  ,TEC-AC-10003399,technology,Accessories,Memorex Mini Travel Drive 64 GB USB 2.0 Flash Drive,72.48,2,0.0,$ 30.44
9325,CA-2017-121853,23-Sep-2017,9/29/2017,standard class,DB-13660,Duane Benoit,  Consumer  ,United States,Los Angeles,California,90036.0,  West  ,FUR-CH-10003973,furniture,Chairs,GuestStacker Chair with Chrome Finish Legs,$ 594.82,2,0.2,$ 59.48
5959,CA-2016-127138,2016-03-12,3/15/2016,Second Class,DK-13225,Dean Katz,corporate,United States,San Francisco,California,94109.0,west,OFF-EN-10004459,Office Supplies,Envelopes,Security-Tint Envelopes,N/A,4,0.0,  $14.97  
8356,CA-2017-132199,2017-05-03,5/8/2017,STANDARD CLASS,BO-11350,Bill Overfelt,CORPORATE,United States,Philadelphia,Pennsylvania,19134.0,East,OFF-FA-10002280,office supplies,Fasteners,Advantus Plastic Paper Clips,8.0,2,0.2,2.8
4085,CA-2017-163692,09/07/2017,9/9/2017,  First Class  ,Dp-13240,Dean percer,home office,United States,Phoenix,Arizona,85023.0,  West  ,OFF-BI-10003291,  Office Supplies  ,Binders,Wilson Jones Leather-Like Binders with DublLock Round Rings,$ 7.86,3,0.7,-6.0237
1076,CA-2016-134348,12-Nov-2016,11/19/2016,standard class,MS-17710,Maurice Satty,CONSUMER,United States,Mesa,Arizona,85204.0,West,TEC-AC-10003447,TECHNOLOGY,Accessories,Micropad Numeric Keypads,31.98 USD,2,0.2,$ 2.00
9252,CA-2017-155712,02-Mar-2017,3/8/2017,Standard Class,KD-16615,Ken Dana,corporate,United States,Los Angeles,California,,  West  ,OFF-BI-10004224,office supplies,Binders,Catalog Binders with Expanding Posts,107.648,2,0.2,33.64 USD
6740,CA-2014-144029,2014-05-26,5/31/2014,STANDARD CLASS,MM-18055,Michelle Moray,  Consumer  ,United States,Chicago,Illinois,60623.0,Central,OFF-ST-10001837,office supplies,Storage,"SAFCO Mobile Desk Side File, Wire Frame",102.62 USD,3,0.2,  $7.70  
4336,CA-2015-154795,20-Dec-2015,12/24/2015,STANDARD CLASS,GZ-14470,Gary Zandusky,  Consumer  ,United States,Bullhead City,Arizona,86442.0,  West  ,OFF-EN-10003068,Office Supplies,Envelopes,#6 3/4 Gummed Flap White Envelopes,$ 7.92,1,0.2,2.772
3681,CA-2015-132626,2015-07-09,7/14/2015,Standard Class,BT-11680,Brian Thompson,Consumer,United States,Clinton,Maryland,20735.0,  East  ,OFF-LA-10000476,Office Supplies,Labels,"Avery 05222 Permanent Self-Adhesive File Folder Labels for Typewriters, on Rolls, White, 250/Roll",12.39,3,0.0,$ 5.70
4752,CA-2016-159989,2016-12-09,12/13/2016,  Standard Class  ,EB-13870,Emily Burns,consumer,United States,Franklin,Tennessee,37064.0,South,TEC-PH-10000169,technology,Phones,ARKON Windshield Dashboard Air Vent Car Mount Holder,N/A,3,0.2,  $-9.15  
9612,CA-2017-144365,10/24/2017,10/30/2017,Standard Class,CS-11950,Carlos Soltero,Consumer,United States,Jackson,Mississippi,39212.0,  South  ,OFF-FA-10000735,OFFICE SUPPLIES,Fasteners,Staples,11.68,4,0.0,N/A
7012,US-2014-135881,23-May-2014,5/27/2014,STANDARD CLASS,GT-14710,Greg Tran,consumer,United States,New York City,New York,,East,OFF-SU-10003002,Office Supplies,Supplies,Letter Slitter,$ 5.04,2,0.0,0.15 USD
5894,CA-2017-159954,09/10/2017,9/14/2017,Standard Class,SS-20410,Shahid Shariari,Consumer,United States,Atlanta,Georgia,30318.0,South,OFF-BI-10004876,  Office Supplies  ,Binders,Wilson Jones Suede Grain Vinyl Binders,2.78,1,0.0,1.36 USD
7146,US-2017-141558,11-Mar-2017,3/16/2017,Standard Class,MH-17290,Marc Harrigan,  Home Office  ,United States,Philadelphia,Pennsylvania,19140.0,East,FUR-TA-10004086,Furniture,Tables,KI Adjustable-Height Table,$ 154.76,3,0.4,-46.43 USD
74,US-2015-134026,2015/04/26 00:00:00,5/2/2015,STANDARD CLASS,JE-15745,Joel Eaton,Consumer,United States,Memphis,Tennessee,38109.0,south,FUR-FU-10003708,Furniture,Furnishings,"Tenex Traditional Chairmats for Medium Pile Carpet, Standard Lip, 36"" x 48""",97.04 USD,2,0.2,$ 1.21
4024,CA-2017-130764,10/27/2017,10/28/2017,First Class,JO-15145,Jack O'Briant,  Corporate  ,United States,San Francisco,California,94110.0,WEST,FUR-BO-10003034,FURNITURE,Bookcases,"O'Sullivan Elevations Bookcase, Cherry Finish",556.66 USD,5,0.15,6.549
5636,CA-2017-123022,2017-09-03,9/8/2017,STANDARD CLASS,SC-20050,Sample Company A,HOME OFFICE,United States,La Mesa,California,91941.0,WEST,OFF-BI-10002225,office supplies,Binders,"Square Ring Data Binders, Rigid 75 Pt. Covers, 11"" x 14-7/8""",82.56 USD,5,0.2,$ 28.90
6686,US-2015-129637,2015-12-17,12/22/2015,  Standard Class  ,MC-18100,Mick Crebagga,Consumer,United States,Bloomington,Illinois,61701.0,Central,FUR-FU-10000965,Furniture,Furnishings,"Howard Miller 11-1/2"" Diameter Ridgewood Wall Clock",$ 41.55,2,0.6,$ -19.74
6751,CA-2016-154767,2016-06-28,6/30/2016,Second Class,BP-11155,Becky Pak,consumer,United States,Paterson,New Jersey,7501.0,EAST,FUR-CH-10003535,furniture,Chairs,"Global Armless Task Chair, Royal Blue",N/A,2,0.0,N/A
1102,CA-2016-107216,14-Jun-2016,6/17/2016,First Class,PV-18985,Paul Van Hugh,home office,United States,San Francisco,California,94122.0,West,OFF-AR-10002255,OFFICE SUPPLIES,Art,Newell 346,$ 8.64,3,0.0,$ 2.51
9532,CA-2017-102729,2017-10-26,10/31/2017,Standard Class,BF-11215,Benjamin Farhat,HOME OFFICE,United States,Dallas,Texas,75217.0,central,OFF-ST-10000464,OFFICE SUPPLIES,Storage,"Multi-Use Personal File Cart and Caster Set, Three Stacking Bins",-,2,0.2,$ 5.56
7640,CA-2017-104885,2017-03-02,3/8/2017,  Standard Class  ,DB-13555,Dorothy Badders,CORPORATE,United States,Newark,Delaware,19711.0,east,FUR-BO-10003660,furniture,Bookcases,"Bush Cubix Collection Bookcases, Fully Assembled",441.96,2,0.0,101.65 USD
2725,CA-2014-153479,2014/10/04 00:00:00,10/8/2014,standard class,DF-13135,David Flashing,consumer,United States,Vallejo,California,94591.0,West,OFF-BI-10002867,office supplies,Binders,GBC Recycled Regency Composition Covers,$ 95.65,2,0.2,31.09 USD
9571,CA-2015-113131,Pending,9/24/2015,Same Day,MB-17305,Maria Bertelson,  Consumer  ,United States,Columbus,Ohio,43229.0,  East  ,OFF-ST-10001172,  Office Supplies  ,Storage,"Tennsco Lockers, Sand",33.568,2,0.2,1.6784
119,US-2015-136476,2015-04-05,4/10/2015,STANDARD CLASS,GG-14650,Greg Guthrie,CORPORATE,United States,Bristol,Tennessee,37620.0,  South  ,OFF-BI-10003650,Office Supplies,Binders,GBC DocuBind 300 Electric Binding Machine,  $157.79  ,1,0.7,  $-115.72  
2023,CA-2016-168354,19-Sep-2016,9/21/2016,First Class,RH-19510,Rick Huthwaite,home office,United States,Providence,Rhode Island,,east,OFF-BI-10004826,Office Supplies,Binders,JM Magazine Binder,49.53,3,0.0,  $23.77  
9880,CA-2016-122581,2016-08-21,8/25/2016,Standard Class,JK-15370,Jay Kimmel,consumer,United States,New York City,New York,10035.0,east,FUR-CH-10002961,FURNITURE,Chairs,"Leather Task Chair, Black",573.174,7,0.1,63.686
9115,CA-2016-135461,02/07/2016,2/10/2016,  Second Class  ,EB-13975,Erica Bern,  Corporate  ,United States,Los Angeles,California,90049.0,  West  ,TEC-PH-10004094,Technology,Phones,Motorola L703CM,$ 623.96,5,0.2,  $39.00  
2035,CA-2017-162481,2017-09-25,9/29/2017,Standard Class,CT-11995,Carol Triggs,CONSUMER,United States,Rochester,Minnesota,55901.0,central,OFF-BI-10002976,office supplies,Binders,ACCOHIDE Binder by Acco,8.26,2,0.0,3.88 USD
6588,CA-2017-104731,2017-07-21,7/27/2017,  Standard Class  ,AM-10705,Anne McFarland,Consumer,United States,Salem,Virginia,24153.0,South,FUR-BO-10003441,  Furniture  ,Bookcases,"Bush Westfield Collection Bookcases, Fully Assembled",$ 302.94,3,0.0,  $69.68  
9642,CA-2014-104563,2014/03/07 00:00:00,3/12/2014,Standard Class,CM-12715,Craig Molinari,Corporate,United States,Seattle,Washington,98103.0,west,OFF-ST-10000934,OFFICE SUPPLIES,Storage,"Contico 72""H Heavy-Duty Storage System",204.9,5,0.0,0.0
3534,CA-2014-110849,Pending,4/23/2014,Standard Class,JL-15835,John Lee,  Consumer  ,United States,Los Angeles,California,90049.0,west,OFF-AR-10002375,  Office Supplies  ,Art,Newell 351,13.12,4,0.0,3.8048
1220,US-2017-118087,2017-09-09,9/13/2017,Standard Class,SP-20620,Stefania Perrino,Corporate,United States,Philadelphia,Pennsylvania,19134.0,EAST,TEC-PH-10002200,Technology,Phones,Samsung Galaxy Note 2,N/A,7,0.4,-386.3916
8947,CA-2017-148355,2017-12-24,12/28/2017,Standard Class,NC-18535,Nick Crebassa,CORPORATE,United States,New Bedford,Massachusetts,2740.0,east,OFF-PA-10001972,office supplies,Paper,Xerox 214,19.44 USD,3,0.0,9.3312
9350,CA-2016-114860,2016-12-22,12/28/2016,STANDARD CLASS,DN-13690,Duane Noonan,  Consumer  ,United States,Moreno Valley,California,92553.0,WEST,FUR-FU-10001934,  Furniture  ,Furnishings,Magnifier Swing Arm Lamp,41.96,2,0.0,10.91 USD
3045,CA-2015-135174,2015/04/30 00:00:00,5/2/2015,  Second Class  ,BP-11230,Benjamin Patterson,Consumer,United States,Troy,Ohio,45373.0,EAST,TEC-PH-10001530,TECHNOLOGY,Phones,Cisco Unified IP Phone 7945G VoIP phone,1022.97,5,0.4,-255.7425
6265,US-2016-115952,2016/10/06 00:00:00,10/6/2016,  Same Day  ,JH-15910,Jonathan Howell,CONSUMER,United States,Tulsa,Oklahoma,,central,OFF-BI-10004654,Office Supplies,Binders,Avery Binding System Hidden Tab Executive Style Index Sets,28.85,5,0.0,14.425
2511,CA-2016-136812,18-Nov-2016,11/23/2016,  Standard Class  ,AW-10930,,home office,United States,Oklahoma City,Oklahoma,73120.0,Central,OFF-ST-10003470,Office Supplies,Storage,"Tennsco Snap-Together Open Shelving Units, Starter Sets and Add-On Units",1117.92,4,0.0,$ 55.90
4829,CA-2014-152562,2014-11-01,11/8/2014,  Standard Class  ,JO-15145,Jack O'Briant,corporate,United States,Richmond,Kentucky,40475.0,South,OFF-AR-10001919,office supplies,Art,"OIC #2 Pencils, Medium Soft",5.64 USD,3,0.0,  $1.64  
4193,CA-2015-150875,2015-11-16,11/20/2015,standard class,HK-14890,Heather Kirkland,corporate,United States,Boise,Idaho,,WEST,FUR-TA-10000577,FURNITURE,Tables,Bretford CR4500 Series Slim Rectangular Table,696.42 USD,2,0.0,160.1766
4484,CA-2016-109365,2016-11-03,11/8/2016,standard class,XP-21865,Xylona Preis,Consumer,United States,Los Angeles,California,,West,OFF-PA-10001725,Office Supplies,Paper,Xerox 1892,116.28 USD,3,0.0,56.9772
7107,CA-2017-128944,06/19/2017,6/21/2017,  Second Class  ,KH-16330,Katharine Harms,corporate,United States,Newark,Ohio,43055.0,  East  ,TEC-AC-10001553,Technology,Accessories,"Memorex 25GB 6X Branded Blu-Ray Recordable Disc, 15/Pack",122.328,9,0.2,1.53 USD
6859,CA-2017-128965,2017/04/17 00:00:00,4/22/2017,Standard Class,PS-18760,Pamela Stobb,CONSUMER,United States,Los Angeles,California,90008.0,  West  ,OFF-LA-10001404,  Office Supplies  ,Labels,Avery 517,$ 7.38,2,0.0,3.4686
178,US-2015-101511,Pending,11/23/2015,Second Class,JE-15745,Joel Eaton,CONSUMER,United States,Newark,Ohio,43055.0,  East  ,FUR-CH-10004698,Furniture,Chairs,"Padded Folding Chairs, Black, 4/Carton",$ 396.80,7,0.3,$ -11.34
1644,CA-2015-111829,2015-03-19,3/20/2015,first class,FH-14365,Fred Hopkins,CORPORATE,United States,Seattle,Washington,98115.0,WEST,OFF-ST-10000142,  Office Supplies  ,Storage,Deluxe Rollaway Locking File with Drawer,"$ 1,247.64",3,0.0,349.34 USD
9287,CA-2017-154011,19-Jun-2017,6/26/2017,STANDARD CLASS,DB-13270,Deborah Brumfield,  Home Office  ,United States,Dallas,Texas,75081.0,central,OFF-BI-10003166,Office Supplies,Binders,GBC Plasticlear Binding Covers,6.888,3,0.8,-11.02 USD
4088,CA-2016-111913,Pending,8/6/2016,  Second Class  ,LC-16930,Linda Cazamias,  Corporate  ,United States,Sacramento,California,95823.0,west,OFF-BI-10000343,office supplies,Binders,"Pressboard Covers with Storage Hooks, 9 1/2"" x 11"", Light Blue",$ 11.78,3,0.2,N/A
1375,CA-2015-120362,2015-09-14,9/19/2015,standard class,CA-12265,Christina Anderson,consumer,United States,Provo,Utah,,WEST,FUR-TA-10003008,FURNITURE,Tables,"Lesro Round Back Collection Coffee Table, End Table",912.75 USD,5,0.0,$ 118.66
1721,CA-2016-169943,19-May-2016,5/24/2016,standard class,BN-11515,Bradley Nguyen,Consumer,United States,New York City,New York,10011.0,East,OFF-BI-10002824,OFFICE SUPPLIES,Binders,Recycled Easel Ring Binders,47.74 USD,4,0.2,14.92 USD
4227,CA-2017-120327,2017/11/11 00:00:00,11/16/2017,standard class,WB-21850,,Consumer,United States,Urbandale,Iowa,50322.0,Central,OFF-FA-10004854,OFFICE SUPPLIES,Fasteners,"Vinyl Coated Wire Paper Clips in Organizer Box, 800/Box",45.92 USD,4,0.0,21.5824
7701,CA-2017-151799,2017-12-14,12/18/2017,  Standard Class  ,BF-11170,Ben Ferrer,Home Office,United States,Lawrence,Massachusetts,1841.0,EAST,OFF-FA-10001332,OFFICE SUPPLIES,Fasteners,"Acco Banker's Clasps, 5 3/4""-Long",17.28,6,0.0,  $8.12  
2265,CA-2016-131065,2016-11-14,11/16/2016,Second Class,AA-10375,Allen Armold,Consumer,United States,Atlanta,Georgia,30318.0,South,OFF-PA-10002479,Office Supplies,Paper,Xerox 4200 Series MultiUse Premium Copy Paper (20Lb. and 84 Bright),-,1,0.0,2.376
88,CA-2017-155558,10/26/2017,11/2/2017,Standard Class,PG-18895,Paul Gonzalez,Consumer,United States,Rochester,Minnesota,55901.0,Central,OFF-LA-10000134,Office Supplies,Labels,Avery 511,6.16,2,0.0,  $2.96  
9386,CA-2017-163097,27-Aug-2017,8/31/2017,STANDARD CLASS,SF-20200,Sarah Foster,Consumer,United States,Mesa,Arizona,85204.0,WEST,FUR-FU-10004973,FURNITURE,Furnishings,Flat Face Poster Frame,$ 120.58,8,0.2,33.16 USD
8682,CA-2016-143805,2016-12-01,12/3/2016,second class,JD-15895,,Corporate,United States,Richmond,Virginia,23223.0,SOUTH,OFF-SU-10004664,office supplies,Supplies,Acme Softgrip Scissors,40.7,5,0.0,11.803
404,CA-2014-155208,04/16/2014,4/20/2014,  Standard Class  ,SP-20650,Stephanie Phelps,Corporate,United States,Wilmington,North Carolina,28403.0,  South  ,OFF-AR-10003478,Office Supplies,Art,"Avery Hi-Liter EverBold Pen Style Fluorescent Highlighters, 4/Pack",39.072,6,0.2,9.768
5826,CA-2017-161067,2017-09-03,9/6/2017,second class,KB-16405,Katrina Bavinger,home office,United States,New York City,New York,10035.0,East,OFF-PA-10000418,Office Supplies,Paper,Xerox 189,-,4,0.0,$ 201.31
8561,CA-2016-132829,23-Dec-2016,12/26/2016,Second Class,LA-16780,Laura Armstrong,Corporate,United States,Houston,Texas,77041.0,Central,TEC-PH-10004912,technology,Phones,Cisco SPA112 2 Port Phone Adapter,131.88,3,0.2,14.8365
7308,CA-2016-144092,2016/11/05 00:00:00,11/7/2016,SECOND CLASS,LH-17155,Logan Haushalter,  Consumer  ,United States,San Jose,California,95123.0,West,FUR-CH-10004875,FURNITURE,Chairs,Harbour Creations 67200 Series Stacking Chairs,113.888,2,0.2,9.9652
9798,CA-2015-128608,2015-01-12,1/17/2015,  Standard Class  ,CS-12490,Cindy Schnelling,CORPORATE,United States,Toledo,Ohio,43615.0,EAST,TEC-PH-10004977,technology,Phones,GE 30524EE4,235.188,2,0.4,  $-43.12  
2457,CA-2017-140949,17-Mar-2017,3/22/2017,second class,DB-13405,Denny Blanton,CONSUMER,United States,New York City,New York,10011.0,East,OFF-LA-10004093,office supplies,Labels,Avery 486,-,1,0.0,-
3781,CA-2014-149643,16-Nov-2014,11/20/2014,  Standard Class  ,RH-19510,Rick Huthwaite,Home Office,United States,Manhattan,Kansas,66502.0,  Central  ,TEC-PH-10000038,Technology,Phones,Jawbone MINI JAMBOX Wireless Bluetooth Speaker,273.96 USD,2,0.0,10.9584
2215,CA-2017-129378,2017-10-01,10/2/2017,  First Class  ,NS-18505,Neola Schneider,consumer,United States,San Jose,California,95123.0,WEST,OFF-BI-10001922,office supplies,Binders,Storex Dura Pro Binders,$ 61.78,13,0.2,20.85 USD
1028,CA-2016-126529,2016-01-11,1/13/2016,Second Class,DE-13255,Deanra Eno,HOME OFFICE,United States,Springfield,Ohio,45503.0,EAST,TEC-PH-10000148,  Technology  ,Phones,Cyber Acoustics AC-202b Speech Recognition Stereo Headset,15.588,2,0.4,-
9698,CA-2016-122511,11-Mar-2016,3/11/2016,  Same Day  ,BT-11485,Brad Thomas,Home Office,United States,Philadelphia,Pennsylvania,19140.0,East,FUR-FU-10001037,FURNITURE,Furnishings,"DAX Charcoal/Nickel-Tone Document Frame, 5 x 7",30.336,4,0.2,N/A
1422,CA-2015-124800,2015/09/26 00:00:00,9/30/2015,Standard Class,RW-19540,Rick Wilson,corporate,United States,Mesa,Arizona,85204.0,WEST,OFF-AP-10004980,Office Supplies,Appliances,3M Replacement Filter for Office Air Cleaner for 20' x 33' Room,60.67 USD,2,0.2,  $14.41  
2437,CA-2017-140053,03-Jul-2017,7/10/2017,  Standard Class  ,CA-12265,Christina Anderson,Consumer,United States,Farmington,New Mexico,87401.0,West,FUR-FU-10003708,Furniture,Furnishings,"Tenex Traditional Chairmats for Medium Pile Carpet, Standard Lip, 36"" x 48""",545.85 USD,9,0.0,N/A
4802,US-2016-148901,2016-05-14,5/19/2016,STANDARD CLASS,MK-17905,Michael Kennedy,CORPORATE,United States,Jacksonville,Florida,32216.0,SOUTH,OFF-BI-10004002,Office Supplies,Binders,Wilson Jones International Size A4 Ring Binders,10.38,2,0.7,$ -7.61
9082,CA-2017-166898,09/11/2017,9/13/2017,Second Class,KH-16630,Ken Heidel,  Corporate  ,United States,Santa Ana,California,92704.0,west,OFF-PA-10002262,Office Supplies,Paper,Xerox 192,N/A,3,0.0,$ 9.33
1279,CA-2014-163293,2014-09-08,9/11/2014,  First Class  ,KC-16255,Karen Carlisle,Corporate,United States,Macon,Georgia,,South,TEC-AC-10004209,Technology,Accessories,Memorex Froggy Flash Drive 4 GB,32.97 USD,3,0.0,12.8583
5781,US-2015-159513,04/02/2015,4/9/2015,STANDARD CLASS,JD-15790,John Dryer,consumer,United States,Los Angeles,California,90049.0,WEST,TEC-MA-10003329,Technology,Machines,"Vtech AT&T CL2940 Corded Speakerphone, Black",N/A,3,0.2,24.29 USD
4900,CA-2016-130484,22-Aug-2016,8/27/2016,  Standard Class  ,SG-20470,Sheri Gordon,consumer,United States,Gresham,Oregon,97030.0,WEST,OFF-BI-10000088,OFFICE SUPPLIES,Binders,GBC Imprintable Covers,26.352,8,0.7,-18.4464
8202,CA-2015-114811,08-Nov-2015,11/8/2015,Same Day,KD-16495,Keith Dawkins,corporate,United States,New York City,New York,10024.0,East,OFF-ST-10000885,  Office Supplies  ,Storage,Fellowes Desktop Hanging File Manager,$ 67.15,5,0.0,$ 16.79
1979,CA-2015-109939,2015/05/08 00:00:00,5/12/2015,STANDARD CLASS,AA-10375,Allen Armold,Consumer,United States,Salem,Oregon,97301.0,West,OFF-AR-10000127,Office Supplies,Art,Newell 321,$ 5.25,2,0.2,-
1062,CA-2015-161263,2015-04-16,4/21/2015,Standard Class,TS-21160,Theresa Swint,CORPORATE,United States,Toledo,Ohio,43615.0,EAST,OFF-AP-10002350,Office Supplies,Appliances,Belkin F9H710-06 7 Outlet SurgeMaster Surge Protector,-,3,0.2,-
3899,CA-2017-102267,11/30/2017,12/4/2017,Standard Class,SC-20800,Stuart Calhoun,consumer,United States,Edinburg,Texas,78539.0,central,OFF-FA-10000611,Office Supplies,Fasteners,Binder Clips by OIC,2.368,2,0.2,0.8288
4844,US-2016-139388,2016-11-07,11/9/2016,  First Class  ,CC-12475,Cindy Chapman,consumer,United States,Lakewood,New Jersey,,east,OFF-FA-10004968,  Office Supplies  ,Fasteners,Rubber Band Ball,14.96,4,0.0,$ 0.30
7793,CA-2017-169362,10/12/2017,10/15/2017,FIRST CLASS,SP-20860,Sung Pak,  Corporate  ,United States,Dallas,Texas,75217.0,Central,TEC-AC-10001383,Technology,Accessories,Logitech Wireless Touch Keyboard K400,$ 39.98,2,0.2,$ -1.50
4575,CA-2016-139395,2016-12-12,12/18/2016,STANDARD CLASS,MG-17650,Matthew Grinstein,home office,United States,Jackson,Michigan,49201.0,  Central  ,FUR-FU-10003724,  Furniture  ,Furnishings,Westinghouse Clip-On Gooseneck Lamps,-,4,0.0,8.70 USD
1503,CA-2016-100468,Pending,12/1/2016,standard class,AT-10435,Alyssa Tate,home office,United States,Los Angeles,California,90045.0,west,TEC-PH-10001300,  Technology  ,Phones,"iKross Bluetooth Portable Keyboard + Cell Phone Stand Holder + Brush for Apple iPhone 5S 5C 5, 4S 4",33.52 USD,2,0.2,N/A
8563,CA-2016-123540,2016-04-02,4/6/2016,SECOND CLASS,DJ-13420,Denny Joy,Corporate,United States,Milwaukee,Wisconsin,53209.0,Central,FUR-CH-10000847,furniture,Chairs,Global Executive Mid-Back Manager's Chair,1454.9,5,0.0,$ 378.27
7257,CA-2016-152730,05/30/2016,6/4/2016,  Standard Class  ,EM-14140,Eugene Moren,Home Office,United States,Superior,Wisconsin,54880.0,Central,OFF-AR-10003732,Office Supplies,Art,Newell 333,5.56 USD,2,0.0,1.4456
3434,CA-2017-131212,12/05/2017,12/9/2017,  Standard Class  ,AB-10165,Alan Barnes,consumer,United States,Bellevue,Washington,98006.0,west,OFF-BI-10001617,Office Supplies,Binders,GBC Wire Binding Combs,  $24.82  ,3,0.2,8.3754
3444,CA-2017-168858,11/19/2017,11/23/2017,Standard Class,JD-16150,Justin Deggeller,CORPORATE,United States,New York City,New York,10011.0,East,OFF-AP-10003849,  Office Supplies  ,Appliances,Hoover Shoulder Vac Commercial Portable Vacuum,2504.74,7,0.0,  $626.18  
9406,CA-2014-152618,03/14/2014,3/17/2014,First Class,RB-19465,Rick Bensley,Home Office,United States,Chicago,Illinois,60653.0,Central,TEC-MA-10003626,Technology,Machines,Hewlett-Packard Deskjet 6540 Color Inkjet Printer,574.91,2,0.3,$ 156.05
679,US-2017-119438,2017-03-18,3/23/2017,Standard Class,CD-11980,Carol Darley,Consumer,United States,Tyler,Texas,75701.0,  Central  ,FUR-FU-10003553,Furniture,Furnishings,"Howard Miller 13-1/2"" Diameter Rosebrook Wall Clock",N/A,3,0.6,$ -41.26
6112,CA-2016-124590,11/12/2016,11/16/2016,Standard Class,SP-20920,Susan Pistek,Consumer,United States,Parma,Ohio,44134.0,East,OFF-AP-10002311,Office Supplies,Appliances,"Holmes Replacement Filter for HEPA Air Cleaner, Very Large Room, HEPA Filter",110.10 USD,2,0.2,33.0288
5876,CA-2015-130554,2015-04-07,4/9/2015,FIRST CLASS,FM-14290,Frank Merwin,HOME OFFICE,United States,Philadelphia,Pennsylvania,19140.0,  East  ,OFF-AR-10001954,office supplies,Art,Newell 331,11.736,3,0.2,$ 1.03
7553,CA-2014-140396,2014-11-20,11/25/2014,STANDARD CLASS,KH-16330,Katharine Harms,CORPORATE,United States,New York City,New York,10024.0,east,OFF-BI-10003669,  Office Supplies  ,Binders,3M Organizer Strips,12.96,3,0.2,4.536
103,CA-2016-129903,12/01/2016,12/4/2016,  Second Class  ,GZ-14470,Gary Zandusky,  Consumer  ,United States,Rochester,Minnesota,55901.0,CENTRAL,OFF-PA-10004040,OFFICE SUPPLIES,Paper,Universal Premium White Copier/Laser Paper (20Lb. and 87 Bright),$ 23.92,4,0.0,N/A
958,CA-2017-102414,2017/05/15 00:00:00,5/18/2017,  Second Class  ,JA-15970,Joseph Airdo,Consumer,United States,Phoenix,Arizona,85023.0,west,OFF-BI-10004465,Office Supplies,Binders,Avery Durable Slant Ring Binders,4.752,2,0.7,-3.168
4422,CA-2014-117016,2014-03-04,3/9/2014,Standard Class,SC-20095,Sanjit Chand,CONSUMER,United States,Margate,Florida,33063.0,South,OFF-AR-10001374,office supplies,Art,"BIC Brite Liner Highlighters, Chisel Tip",15.552,3,0.2,2.3328
9377,CA-2017-108756,Pending,12/29/2017,Standard Class,PO-18865,Patrick O'Donnell,Consumer,United States,East Orange,New Jersey,7017.0,East,TEC-AC-10003237,Technology,Accessories,Memorex Micro Travel Drive 4 GB,31.8,3,0.0,13.67 USD
5682,CA-2016-141551,09/24/2016,9/30/2016,standard class,BP-11230,Benjamin Patterson,Consumer,United States,Broken Arrow,Oklahoma,74012.0,central,OFF-PA-10001569,Office Supplies,Paper,Xerox 232,  $6.48  ,1,0.0,  $3.11  
7158,CA-2016-131380,2016/03/28 00:00:00,3/31/2016,SECOND CLASS,CC-12220,Chris Cortes,Consumer,United States,Los Angeles,California,90032.0,WEST,OFF-ST-10002485,  Office Supplies  ,Storage,Rogers Deluxe File Chest,$ 87.92,4,0.0,0.8792
9395,CA-2014-125997,20-Sep-2014,9/23/2014,First Class,MW-18220,Mitch Webber,Consumer,United States,New York City,New York,10011.0,EAST,FUR-CH-10001394,Furniture,Chairs,Global Leather Executive Chair,631.782,2,0.1,140.40 USD
6862,CA-2017-128965,17-Apr-2017,4/22/2017,Standard Class,PS-18760,Pamela Stobb,Consumer,United States,Los Angeles,California,90008.0,West,OFF-LA-10003190,OFFICE SUPPLIES,Labels,Avery 474,23.04 USD,8,0.0,  $11.29  
9337,CA-2017-130715,2017-09-16,9/20/2017,STANDARD CLASS,CY-12745,Craig Yedwab,Corporate,United States,San Francisco,California,94110.0,West,OFF-FA-10000621,OFFICE SUPPLIES,Fasteners,"OIC Colored Binder Clips, Assorted Sizes",17.9,5,0.0,8.771
5877,CA-2014-152443,Pending,5/26/2014,Standard Class,FG-14260,Frank Gastineau,HOME OFFICE,United States,Lawrence,Massachusetts,1841.0,east,OFF-BI-10001071,Office Supplies,Binders,GBC ProClick Punch Binding System,$ 447.86,7,0.0,219.4514
2821,CA-2016-160500,05-May-2016,5/8/2016,FIRST CLASS,DM-13015,Darrin Martin,CONSUMER,United States,Encinitas,California,92024.0,WEST,FUR-TA-10003748,Furniture,Tables,Bevis 36 x 72 Conference Tables,298.776,3,0.2,7.47 USD
3777,US-2014-102715,11-Apr-2014,4/13/2014,second class,JK-15370,Jay Kimmel,Consumer,United States,Miami,Florida,33180.0,south,TEC-AC-10001874,Technology,Accessories,Logitech Wireless Anywhere Mouse MX for PC and Mac,$ 335.94,7,0.2,$ 41.99
4031,CA-2017-124296,24-Dec-2017,12/28/2017,Standard Class,CS-12355,Christine Sundaresam,Consumer,United States,Lafayette,Louisiana,70506.0,South,FUR-CH-10002439,furniture,Chairs,"Iceberg Nesting Folding Chair, 19w x 6d x 43h",$ 232.88,4,0.0,$ 60.55
4830,CA-2016-152408,05/15/2016,5/21/2016,Standard Class,TT-21220,Thomas Thornton,  Consumer  ,United States,New York City,New York,10035.0,  East  ,OFF-BI-10002393,  Office Supplies  ,Binders,Binder Posts,13.776,3,0.2,4.4772
4133,CA-2015-111703,02-Jul-2015,7/9/2015,Standard Class,KB-16315,Karl Braun,Consumer,United States,Hollywood,Florida,33021.0,South,OFF-PA-10003349,OFFICE SUPPLIES,Paper,Xerox 1957,15.552,3,0.2,5.6376
4421,CA-2015-163090,2015-11-17,11/21/2015,Second Class,GH-14665,Greg Hansen,consumer,United States,Chicago,Illinois,60610.0,Central,OFF-SU-10002537,OFFICE SUPPLIES,Supplies,Acme Box Cutter Scissors,$ 40.92,5,0.2,3.07 USD
1948,CA-2017-157987,2017/09/02 00:00:00,9/6/2017,Standard Class,AC-10615,Ann Chong,corporate,United States,New York City,New York,10009.0,East,FUR-FU-10001196,FURNITURE,Furnishings,DAX Cubicle Frames - 8x10,11.54,2,0.0,  $3.46  
6907,CA-2017-149468,20-May-2017,5/20/2017,Same Day,AR-10405,Allen Rosenblatt,Corporate,United States,Trenton,Michigan,48183.0,Central,OFF-BI-10002225,Office Supplies,Binders,"Square Ring Data Binders, Rigid 75 Pt. Covers, 11"" x 14-7/8""",41.28,2,0.0,$ 19.81
2300,CA-2015-113145,11/01/2015,11/5/2015,Standard Class,VD-21670,Valerie Dominguez,CONSUMER,United States,New York City,New York,10011.0,east,TEC-PH-10002597,technology,Phones,Xblue XB-1670-86 X16 Small Office Telephone - Titanium,N/A,4,0.0,$ 125.99
4526,US-2017-105046,07/17/2017,7/23/2017,STANDARD CLASS,BE-11335,Bill Eplett,Home Office,United States,Rome,New York,13440.0,East,TEC-PH-10004536,TECHNOLOGY,Phones,Avaya 5420 Digital phone,269.98,2,0.0,67.495
4378,CA-2014-166954,04/25/2014,4/30/2014,STANDARD CLASS,BT-11305,Beth Thompson,Home Office,United States,San Gabriel,California,91776.0,west,FUR-CH-10003973,Furniture,Chairs,GuestStacker Chair with Chrome Finish Legs,1487.04,5,0.2,$ 148.70
4831,CA-2014-120278,2014-11-07,11/12/2014,  Standard Class  ,MS-17365,Maribeth Schnelling,Consumer,United States,Wausau,Wisconsin,54401.0,central,OFF-AP-10001293,Office Supplies,Appliances,Belkin 8 Outlet Surge Protector,$ 245.88,6,0.0,68.85 USD
9249,CA-2016-127761,2016-11-10,11/14/2016,Standard Class,SW-20275,Scott Williamson,Consumer,United States,New York City,New York,10009.0,East,OFF-BI-10002557,OFFICE SUPPLIES,Binders,Presstex Flexible Ring Binders,3.64,1,0.2,1.365
6770,CA-2017-139787,2017-09-19,9/23/2017,  Standard Class  ,JP-16135,Julie Prescott,Home Office,United States,Columbus,Georgia,31907.0,  South  ,OFF-AR-10002445,office supplies,Art,SANFORD Major Accent Highlighters,35.4,5,0.0,13.452
8643,CA-2015-108259,2015/11/08 00:00:00,11/15/2015,STANDARD CLASS,NS-18640,Noel Staavos,Corporate,United States,Jacksonville,North Carolina,28540.0,south,OFF-FA-10000624,  Office Supplies  ,Fasteners,OIC Binder Clips,  $31.50  ,11,0.2,11.814
529,US-2015-138303,03-Sep-2015,9/7/2015,standard class,MG-18145,Mike Gockenbach,CONSUMER,United States,Philadelphia,Pennsylvania,19134.0,  East  ,OFF-ST-10004963,office supplies,Storage,Eldon Gobal File Keepers,36.336,3,0.2,$ -7.27
1234,CA-2016-153682,30-May-2016,6/1/2016,FIRST CLASS,BG-11695,Brooke Gillingham,Corporate,United States,Cincinnati,Ohio,45231.0,east,TEC-CO-10001046,TECHNOLOGY,Copiers,Canon Imageclass D680 Copier / Fax,839.99 USD,2,0.4,70.00 USD
780,CA-2015-144267,2015-08-21,8/23/2015,FIRST CLASS,NZ-18565,Nick Zandusky,HOME OFFICE,United States,San Francisco,California,94110.0,west,OFF-PA-10001947,  Office Supplies  ,Paper,Xerox 1974,  $23.92  ,4,0.0,$ 11.72
3913,CA-2017-148068,09/18/2017,9/25/2017,Standard Class,MM-18280,Muhammed MacIntyre,CORPORATE,United States,New York City,New York,10035.0,  East  ,OFF-PA-10001639,Office Supplies,Paper,Xerox 203,19.44,3,0.0,9.33 USD
9841,US-2016-125402,09/25/2016,10/1/2016,STANDARD CLASS,DL-12865,Dan Lawera,  Consumer  ,United States,Long Beach,California,90805.0,West,TEC-PH-10003356,  Technology  ,Phones,"SmartStand Mobile Device Holder, Assorted Colors",44.736,8,0.2,  $4.47  
8719,CA-2016-120824,06/12/2016,6/16/2016,second class,AW-10930,Arthur Wiediger,home office,United States,Houston,Texas,77070.0,Central,OFF-AR-10003469,  Office Supplies  ,Art,Nontoxic Chalk,11.264,8,0.2,N/A
1861,US-2017-121251,2017/03/26 00:00:00,3/27/2017,First Class,GM-14440,Gary McGarr,CONSUMER,United States,New York City,New York,10009.0,East,FUR-BO-10001918,FURNITURE,Bookcases,"Sauder Forest Hills Library with Doors, Woodland Oak Finish",N/A,2,0.2,$ -28.98
8433,US-2014-127635,2014/09/14 00:00:00,9/18/2014,second class,SC-20260,Scott Cohen,corporate,United States,Corpus Christi,Texas,78415.0,Central,OFF-FA-10000053,OFFICE SUPPLIES,Fasteners,Revere Boxed Rubber Bands by Revere,6.048,4,0.2,-1.3608
7388,CA-2016-105732,13-Sep-2016,9/18/2016,Standard Class,AG-10270,Alejandro Grove,Consumer,United States,Omaha,Nebraska,68104.0,Central,FUR-FU-10003664,  Furniture  ,Furnishings,"Electrix Architect's Clamp-On Swing Arm Lamp, Black",-,14,0.0,N/A
5912,CA-2016-155383,2016-12-17,12/22/2016,standard class,SC-20680,Steve Carroll,Home Office,United States,Seattle,Washington,98115.0,West,OFF-ST-10001328,OFFICE SUPPLIES,Storage,"Personal Filing Tote with Lid, Black/Gray",46.53 USD,3,0.0,13.0284
4833,CA-2014-120278,11/07/2014,11/12/2014,STANDARD CLASS,MS-17365,Maribeth Schnelling,Consumer,United States,Wausau,Wisconsin,54401.0,Central,OFF-ST-10002214,Office Supplies,Storage,X-Rack File for Hanging Folders,$ 22.58,2,0.0,5.87 USD
1993,CA-2017-133648,25-Jun-2017,7/2/2017,  Standard Class  ,ML-17755,,Home Office,United States,Springfield,Oregon,97477.0,west,OFF-LA-10003923,Office Supplies,Labels,Alphabetical Labels for Top Tab Filing,$ 71.04,6,0.2,26.64
9120,US-2016-155971,2016/06/06 00:00:00,6/12/2016,  Standard Class  ,RB-19795,Ross Baird,HOME OFFICE,United States,Los Angeles,California,90036.0,west,OFF-LA-10000452,  Office Supplies  ,Labels,Avery 488,$ 22.05,7,0.0,10.58 USD
7224,CA-2016-109953,14-Jul-2016,7/18/2016,Standard Class,RB-19360,Raymond Buch,Consumer,United States,San Francisco,California,94122.0,West,TEC-PH-10004093,technology,Phones,Panasonic Kx-TS550,110.376,3,0.2,$ 12.42
9454,CA-2015-129546,2015-09-28,10/5/2015,STANDARD CLASS,RP-19855,Roy Phan,  Corporate  ,United States,Los Angeles,California,90032.0,  West  ,OFF-SU-10004884,office supplies,Supplies,Acme Galleria Hot Forged Steel Scissors with Colored Handles,47.19 USD,3,0.0,13.6851
6801,CA-2016-109827,12/25/2016,1/1/2017,Standard Class,LW-16825,Laurel Workman,CORPORATE,United States,Phoenix,Arizona,85023.0,  West  ,TEC-MA-10003356,Technology,Machines,Panasonic KX MC6040 Color Laser Multifunction Printer,$ 269.97,2,0.7,-386.957
5813,US-2015-163279,03/22/2015,3/26/2015,standard class,JD-16150,Justin Deggeller,Corporate,United States,San Diego,California,92037.0,  West  ,TEC-PH-10001795,TECHNOLOGY,Phones,ClearOne CHATAttach 160 - speaker phone,1487.976,3,0.2,185.997
2472,US-2016-135923,01/22/2016,1/28/2016,Standard Class,CM-11935,Carlos Meador,CONSUMER,United States,Fayetteville,North Carolina,28314.0,South,FUR-BO-10002213,FURNITURE,Bookcases,"Sauder Forest Hills Library, Woodland Oak Finish",$ 451.14,4,0.2,-67.67 USD
9412,CA-2016-108959,2016/03/10 00:00:00,3/14/2016,Second Class,MH-17785,,CORPORATE,United States,Glendale,Arizona,85301.0,West,OFF-ST-10001272,Office Supplies,Storage,"Mini 13-1/2 Capacity Data Binder Rack, Pearl",104.70 USD,1,0.2,$ 6.54
8785,US-2017-129224,03/17/2017,3/23/2017,STANDARD CLASS,AS-10630,Ann Steele,  Home Office  ,United States,Knoxville,Tennessee,37918.0,  South  ,OFF-LA-10003190,Office Supplies,Labels,Avery 474,  $4.61  ,2,0.2,1.6704
5744,US-2017-147886,28-Mar-2017,3/31/2017,First Class,DH-13075,Dave Hallsten,CORPORATE,United States,Fairfield,California,94533.0,West,OFF-PA-10000743,  Office Supplies  ,Paper,Xerox 1977,$ 20.04,3,0.0,9.6192
1397,CA-2016-124485,2016/11/24 00:00:00,11/26/2016,First Class,NC-18340,Nat Carroll,CONSUMER,United States,New York City,New York,10035.0,East,OFF-BI-10000822,Office Supplies,Binders,"Acco PRESSTEX Data Binder with Storage Hooks, Light Blue, 9 1/2"" X 11""",$ 17.22,4,0.2,6.0256
3993,CA-2015-161998,05/01/2015,5/5/2015,  Standard Class  ,DB-13120,David Bremer,  Corporate  ,United States,Tampa,Florida,33614.0,  South  ,OFF-SU-10004261,office supplies,Supplies,"Fiskars 8"" Scissors, 2/Pack",41.376,3,0.2,$ 4.65
4719,CA-2015-109736,2015/10/10 00:00:00,10/11/2015,First Class,DJ-13420,Denny Joy,Corporate,United States,San Francisco,California,94109.0,West,OFF-PA-10004101,Office Supplies,Paper,Xerox 1894,N/A,7,0.0,21.77 USD
9058,CA-2015-149097,10/20/2015,10/24/2015,STANDARD CLASS,SV-20785,Stewart Visinsky,  Consumer  ,United States,Los Angeles,California,90045.0,West,FUR-FU-10003424,  Furniture  ,Furnishings,Nu-Dell Oak Frame,N/A,7,0.0,$ 23.92
1043,CA-2016-102981,09/06/2016,9/9/2016,  Second Class  ,MO-17500,Mary O'Rourke,consumer,United States,New York City,New York,,East,FUR-BO-10001811,  Furniture  ,Bookcases,"Atlantic Metals Mobile 5-Shelf Bookcases, Custom Colors",  $722.35  ,3,0.2,$ 90.29
3291,CA-2015-157770,12/13/2015,12/15/2015,FIRST CLASS,RD-19585,Rob Dowd,  Consumer  ,United States,Temecula,California,92592.0,  West  ,TEC-AC-10003399,TECHNOLOGY,Accessories,Memorex Mini Travel Drive 64 GB USB 2.0 Flash Drive,36.24,1,0.0,$ 15.22
9242,CA-2017-110310,2017-10-27,11/2/2017,Standard Class,NB-18655,Nona Balk,CORPORATE,United States,Tallahassee,Florida,32303.0,south,OFF-AR-10001662,OFFICE SUPPLIES,Art,Rogers Handheld Barrel Pencil Sharpener,6.58 USD,3,0.2,0.58 USD
258,US-2015-159982,11/28/2015,12/4/2015,Standard Class,DR-12880,Dan Reichenbach,corporate,United States,Chicago,Illinois,60623.0,CENTRAL,TEC-PH-10001580,TECHNOLOGY,Phones,Logitech Mobile Speakerphone P710e - speaker phone,647.90 USD,6,0.2,56.6916
9994,CA-2017-119914,04-May-2017,5/9/2017,SECOND CLASS,CC-12220,Chris Cortes,Consumer,United States,Westminster,California,92683.0,WEST,OFF-AP-10002684,  Office Supplies  ,Appliances,"Acco 7-Outlet Masterpiece Power Center, Wihtout Fax/Phone Line Protection",243.16,2,0.0,  $72.95  
8611,CA-2014-151946,2014/06/04 00:00:00,6/9/2014,standard class,BT-11440,Bobby Trafton,  Consumer  ,United States,New York City,New York,10035.0,  East  ,FUR-FU-10002191,Furniture,Furnishings,G.E. Halogen Desk Lamp Bulbs,13.96 USD,2,0.0,6.7008
8152,CA-2017-140151,2017/03/23 00:00:00,3/25/2017,First Class,RB-19360,Raymond Buch,consumer,United States,Seattle,Washington,98115.0,West,OFF-ST-10001558,OFFICE SUPPLIES,Storage,Acco Perma 4000 Stacking Storage Drawers,  $32.48  ,2,0.0,4.872
4978,CA-2015-165050,2015/12/07 00:00:00,12/9/2015,first class,AH-10210,Alan Hwang,Consumer,United States,New York City,New York,10024.0,  East  ,OFF-BI-10003727,Office Supplies,Binders,Avery Durable Slant Ring Binders With Label Holder,  $6.69  ,2,0.2,$ 2.34
2090,CA-2015-139290,Pending,10/30/2015,Standard Class,MY-17380,Maribeth Yedwab,corporate,United States,Rancho Cucamonga,California,91730.0,WEST,OFF-LA-10004008,  Office Supplies  ,Labels,Avery 507,5.76,2,0.0,2.65 USD
8776,CA-2016-163636,2016-12-05,12/9/2016,  Second Class  ,MP-18175,Mike Pelletier,HOME OFFICE,United States,Chicago,Illinois,60623.0,Central,OFF-AR-10001547,Office Supplies,Art,Newell 311,  $3.54  ,2,0.2,  $0.31  
504,US-2016-105578,2016/05/30 00:00:00,6/4/2016,standard class,MY-17380,Maribeth Yedwab,Corporate,United States,Parker,Colorado,80134.0,west,OFF-BI-10000831,office supplies,Binders,Storex Flexible Poly Binders with Double Pockets,$ 2.38,3,0.7,-1.90 USD
9255,CA-2014-168368,2014-02-11,2/15/2014,Second Class,GA-14725,Guy Armstrong,CONSUMER,United States,Columbia,Missouri,65203.0,CENTRAL,FUR-CH-10001146,furniture,Chairs,"Global Value Mid-Back Manager's Chair, Gray",60.89,1,0.0,-
9530,CA-2017-101637,24-Mar-2017,3/25/2017,  Same Day  ,AC-10615,Ann Chong,CORPORATE,United States,Beaumont,Texas,77705.0,Central,OFF-ST-10002352,OFFICE SUPPLIES,Storage,Iris Project Case,$ 12.77,2,0.2,$ 0.96
1346,CA-2014-118339,17-Mar-2014,3/24/2014,  Standard Class  ,BN-11515,Bradley Nguyen,CONSUMER,United States,Lakeville,Minnesota,55044.0,Central,OFF-AP-10001154,Office Supplies,Appliances,Bionaire Personal Warm Mist Humidifier/Vaporizer,93.78 USD,2,0.0,36.57 USD
6927,CA-2016-140046,28-Jul-2016,8/3/2016,Standard Class,KM-16660,,CONSUMER,United States,Los Angeles,California,90032.0,West,OFF-LA-10000305,office supplies,Labels,Avery 495,18.9,3,0.0,8.694
6521,CA-2017-138289,Pending,1/18/2017,second class,AR-10540,Andy Reiter,Consumer,United States,Jackson,Michigan,49201.0,CENTRAL,OFF-BI-10004995,office supplies,Binders,GBC DocuBind P400 Electric Binding System,5443.96,4,0.0,"2,504.22 USD"
2249,CA-2015-116092,2015/02/15 00:00:00,2/18/2015,Second Class,JM-16195,Justin MacKendrick,Consumer,United States,Los Angeles,California,90004.0,West,OFF-BI-10001628,office supplies,Binders,"Acco Data Flex Cable Posts For Top & Bottom Load Binders, 6"" Capacity",41.72,5,0.2,13.0375
4973,US-2016-153815,2016-11-06,11/9/2016,First Class,KL-16555,Kelly Lampkin,Corporate,United States,Jacksonville,Florida,32216.0,south,FUR-FU-10004090,Furniture,Furnishings,"Executive Impressions 14"" Contract Wall Clock",35.568,2,0.2,$ 5.78
373,US-2014-119137,2014-07-23,7/27/2014,standard class,AG-10900,Arthur Gainer,CONSUMER,United States,Tucson,Arizona,85705.0,WEST,OFF-BI-10001982,office supplies,Binders,Wilson Jones Custom Binder Spines & Labels,8.16,5,0.7,-5.712
8449,CA-2017-125451,2017-10-23,10/24/2017,  First Class  ,AH-10075,Adam Hart,Corporate,United States,Cranston,Rhode Island,2920.0,EAST,FUR-TA-10004915,  Furniture  ,Tables,"Office Impressions End Table, 20-1/2""H x 24""W x 20""D",$ 637.90,3,0.3,$ -127.58
4636,CA-2017-116288,03/12/2017,3/17/2017,  Standard Class  ,BS-11380,Bill Stewart,Corporate,United States,San Francisco,California,94122.0,WEST,OFF-ST-10000736,OFFICE SUPPLIES,Storage,Carina Double Wide Media Storage Towers in Natural & Black,242.94,3,0.0,9.72 USD
2007,CA-2014-111150,2014-12-31,1/4/2015,  Standard Class  ,RW-19630,Rob Williams,Corporate,United States,Columbia,Missouri,65203.0,Central,TEC-AC-10000290,TECHNOLOGY,Accessories,Sabrent 4-Port USB 2.0 Hub,47.53,7,0.0,16.1602
3647,CA-2014-146528,2014/07/25 00:00:00,7/27/2014,second class,VF-21715,Vicky Freymann,  Home Office  ,United States,Los Angeles,California,90045.0,west,OFF-PA-10002195,office supplies,Paper,Xerox 1966,6.48,1,0.0,3.1752
6450,CA-2015-156510,09/25/2015,9/29/2015,Standard Class,EH-13990,Erica Hackney,Consumer,United States,Meriden,Connecticut,6450.0,east,OFF-BI-10000822,Office Supplies,Binders,"Acco PRESSTEX Data Binder with Storage Hooks, Light Blue, 9 1/2"" X 11""",10.76,2,0.0,5.16 USD
6341,CA-2017-143112,2017-10-05,10/9/2017,  Standard Class  ,TS-21370,Todd Sumrall,CORPORATE,United States,New York City,New York,10035.0,east,TEC-MA-10001047,technology,Machines,"3D Systems Cube Printer, 2nd Generation, Magenta","$ 5,199.96",4,0.0,1351.9896
3525,CA-2016-132731,2016-11-24,11/28/2016,Standard Class,GA-14515,George Ashbrook,Consumer,United States,Dallas,Texas,75081.0,Central,TEC-PH-10004120,Technology,Phones,AT&T 1080 Phone,657.552,6,0.2,49.32 USD
6061,CA-2015-134201,2015-04-10,4/16/2015,Standard Class,EH-14125,Eugene Hildebrand,HOME OFFICE,United States,Rochester,New York,14609.0,East,OFF-ST-10001476,OFFICE SUPPLIES,Storage,Steel Personal Filing/Posting Tote,142.04 USD,4,0.0,38.3508
8175,CA-2014-114125,2014-07-09,7/13/2014,STANDARD CLASS,GH-14410,Gary Hansen,HOME OFFICE,United States,Los Angeles,California,90049.0,West,OFF-ST-10001505,office supplies,Storage,"Perma STOR-ALL Hanging File Box, 13 1/8""W x 12 1/4""D x 10 1/2""H",23.92,4,0.0,4.07 USD
998,CA-2015-162537,28-Oct-2015,11/3/2015,STANDARD CLASS,RD-19585,Rob Dowd,Consumer,United States,Henderson,Kentucky,42420.0,south,OFF-ST-10004258,Office Supplies,Storage,Portable Personal File Box,36.63,3,0.0,$ 9.89
8164,CA-2015-168207,11/02/2015,11/6/2015,standard class,LT-17110,Liz Thompson,CONSUMER,United States,San Diego,California,,west,FUR-FU-10004909,Furniture,Furnishings,Contemporary Wood/Metal Frame,$ 96.96,6,0.0,33.936
3283,US-2014-117170,2014-09-17,9/24/2014,STANDARD CLASS,KT-16465,Kean Takahito,Consumer,United States,Raleigh,North Carolina,27604.0,SOUTH,OFF-PA-10000682,office supplies,Paper,Xerox 1924,4.62 USD,1,0.2,1.68 USD
1177,CA-2014-120243,27-Dec-2014,12/30/2014,Second Class,AT-10435,Alyssa Tate,  Home Office  ,United States,Los Angeles,California,90004.0,West,OFF-LA-10004425,Office Supplies,Labels,Staple-on labels,$ 11.56,4,0.0,  $5.43  
552,CA-2016-136406,2016-04-15,4/17/2016,SECOND CLASS,BD-11320,Bill Donatelli,  Consumer  ,United States,San Francisco,California,94110.0,west,FUR-CH-10002024,FURNITURE,Chairs,HON 5400 Series Task Chairs for Big and Tall,"1,121.57 USD",2,0.2,0.0
745,US-2016-146710,08/27/2016,9/1/2016,Standard Class,SS-20875,Sung Shariari,consumer,United States,Dallas,Texas,75220.0,central,OFF-PA-10004971,  Office Supplies  ,Paper,Xerox 196,$ 4.62,1,0.2,$ 1.68
5560,US-2015-114741,Pending,12/10/2015,standard class,IL-15100,Ivan Liston,Consumer,United States,North Las Vegas,Nevada,89031.0,West,OFF-ST-10000078,office supplies,Storage,Tennsco 6- and 18-Compartment Lockers,"$ 1,325.85",5,0.0,  $238.65  
5530,CA-2017-136609,06-Aug-2017,8/11/2017,Standard Class,TB-21355,Todd Boyes,corporate,United States,Cedar Hill,Texas,75104.0,central,OFF-PA-10004381,Office Supplies,Paper,14-7/8 x 11 Blue Bar Computer Printout Paper,115.296,3,0.2,40.3536
4330,CA-2017-149853,10/03/2017,10/9/2017,Standard Class,PO-18850,Patrick O'Brill,Consumer,United States,Hialeah,Florida,,south,OFF-PA-10000556,OFFICE SUPPLIES,Paper,Xerox 208,15.55 USD,3,0.2,$ 5.44
2699,CA-2014-145317,03/18/2014,3/23/2014,STANDARD CLASS,SM-20320,Sean Miller,HOME OFFICE,United States,Jacksonville,Florida,32216.0,South,OFF-PA-10001804,Office Supplies,Paper,Xerox 195,$ 21.38,4,0.2,$ 7.48
9211,CA-2017-142776,12/11/2017,12/14/2017,Second Class,RS-19870,Roy Skaria,Home Office,United States,Burlington,Iowa,52601.0,  Central  ,OFF-BI-10002012,OFFICE SUPPLIES,Binders,Wilson Jones Easy Flow II Sheet Lifters,5.4,3,0.0,  $2.59  
7483,CA-2014-113964,2014-09-23,9/30/2014,standard class,JP-16135,Julie Prescott,Home Office,United States,New York City,New York,10011.0,east,OFF-BI-10004654,Office Supplies,Binders,Avery Binding System Hidden Tab Executive Style Index Sets,18.46 USD,4,0.2,6.92 USD
6835,CA-2016-142615,11/20/2016,11/24/2016,Standard Class,BM-11575,Brendan Murry,Corporate,United States,Montebello,California,90640.0,West,TEC-AC-10004803,Technology,Accessories,Sony Micro Vault Click 4 GB USB 2.0 Flash Drive,N/A,2,0.0,$ 3.90
7600,CA-2014-131947,17-Sep-2014,9/22/2014,Standard Class,JA-15970,Joseph Airdo,CONSUMER,United States,Springfield,Oregon,97477.0,West,OFF-PA-10000246,Office Supplies,Paper,Riverleaf Stik-Withit Designer Note Cubes,40.24 USD,5,0.2,13.08 USD
7532,CA-2016-107146,2016-06-17,6/19/2016,first class,LC-16885,Lena Creighton,Consumer,United States,Longmont,Colorado,80501.0,west,FUR-FU-10002298,  Furniture  ,Furnishings,"Rubbermaid ClusterMat Chairmats, Mat Size- 66"" x 60"", Lip 20"" x 11"" -90 Degree Angle",266.35 USD,3,0.2,-13.32 USD
4646,CA-2016-143910,08/12/2016,8/16/2016,STANDARD CLASS,BC-11125,Becky Castell,HOME OFFICE,United States,New York City,New York,10011.0,EAST,FUR-CH-10000225,  Furniture  ,Chairs,"Global Geo Office Task Chair, Gray",$ 145.76,2,0.1,-8.098
7170,CA-2014-117464,22-Jul-2014,7/24/2014,Second Class,NP-18325,Naresj Patel,Consumer,United States,San Francisco,California,94122.0,west,FUR-TA-10004767,furniture,Tables,Safco Drafting Table,$ 170.35,3,0.2,-
9404,CA-2016-105459,08/12/2016,8/17/2016,second class,NP-18700,Nora Preis,  Consumer  ,United States,New York City,New York,10024.0,EAST,OFF-ST-10000078,Office Supplies,Storage,Tennsco 6- and 18-Compartment Lockers,"$ 1,591.02",6,0.0,286.38 USD
8992,US-2017-139577,01-Oct-2017,10/6/2017,STANDARD CLASS,TN-21040,Tanja Norvell,home office,United States,San Francisco,California,,West,TEC-AC-10004708,Technology,Accessories,Sony 32GB Class 10 Micro SDHC R40 Memory Card,104.75 USD,5,0.0,21.9975
4891,CA-2016-135776,2016-12-23,12/30/2016,STANDARD CLASS,EH-13765,Edward Hooks,Corporate,United States,Seattle,Washington,98103.0,  West  ,OFF-AR-10001246,Office Supplies,Art,Newell 317,N/A,3,0.0,2.5578
694,CA-2015-131534,03/28/2015,4/2/2015,standard class,AB-10165,Alan Barnes,CONSUMER,United States,Los Angeles,California,90036.0,WEST,OFF-PA-10000743,  Office Supplies  ,Paper,Xerox 1977,33.40 USD,5,0.0,16.03 USD
2534,CA-2014-111500,2014-08-17,8/21/2014,STANDARD CLASS,DJ-13510,Don Jones,  Corporate  ,United States,Little Rock,Arkansas,72209.0,South,TEC-AC-10000844,technology,Accessories,Logitech Gaming G510s - Keyboard,339.96 USD,4,0.0,N/A
5763,CA-2017-158169,2017-08-12,8/15/2017,First Class,JM-16195,Justin MacKendrick,consumer,United States,Lake Forest,California,92630.0,west,FUR-FU-10001473,Furniture,Furnishings,DAX Wood Document Frame,54.92,4,0.0,19.77 USD
983,CA-2014-163419,11/11/2014,11/14/2014,Second Class,TZ-21580,Tracy Zic,CONSUMER,United States,Louisville,Colorado,80027.0,  West  ,TEC-PH-10000560,TECHNOLOGY,Phones,Samsung Galaxy S III - 16GB - pebble blue (T-Mobile),559.984,2,0.2,-
5267,CA-2017-147452,2017/09/30 00:00:00,10/3/2017,First Class,CS-11845,Cari Sayre,Corporate,United States,Seattle,Washington,98103.0,West,OFF-PA-10004039,Office Supplies,Paper,Xerox 1882,-,3,0.0,82.2906
80,CA-2016-127208,Pending,6/15/2016,First Class,SC-20770,Stewart Carmichael,corporate,United States,Decatur,Alabama,35601.0,  South  ,OFF-AP-10002118,Office Supplies,Appliances,"1.7 Cubic Foot Compact ""Cube"" Office Refrigerators",208.16,1,0.0,56.20 USD
4044,CA-2014-110786,2014-12-29,1/2/2015,STANDARD CLASS,AJ-10795,Anthony Johnson,corporate,United States,San Francisco,California,94110.0,West,FUR-FU-10000672,Furniture,Furnishings,"Executive Impressions 10"" Spectator Wall Clock",70.56,6,0.0,$ 23.99
3206,CA-2014-158372,10-Nov-2014,11/16/2014,  Standard Class  ,RD-19900,Ruben Dartt,consumer,United States,San Diego,California,92037.0,west,OFF-PA-10002137,Office Supplies,Paper,"Southworth 100% Résumé Paper, 24lb.",62.24,8,0.0,28.008
6473,CA-2014-151897,06-Jun-2014,6/10/2014,standard class,VT-21700,Valerie Takahito,Home Office,United States,Houston,Texas,77070.0,  Central  ,OFF-LA-10001074,OFFICE SUPPLIES,Labels,Round Specialty Laser Printer Labels,-,10,0.2,33.83 USD
9557,CA-2015-156853,2015-12-03,12/5/2015,Second Class,HP-14815,Harold Pawlan,home office,United States,Concord,New Hampshire,3301.0,East,OFF-PA-10003656,  Office Supplies  ,Paper,Xerox 1935,184.66 USD,7,0.0,84.94 USD
3102,CA-2017-119578,2017/12/22 00:00:00,12/27/2017,  Second Class  ,JG-15310,Jason Gross,Corporate,United States,Providence,Rhode Island,2908.0,EAST,OFF-SU-10003505,OFFICE SUPPLIES,Supplies,Premier Electric Letter Opener,  $695.16  ,6,0.0,-
4958,CA-2015-127607,2015-03-20,3/26/2015,  Standard Class  ,JK-15730,Joe Kamberova,Consumer,United States,Carrollton,Texas,75007.0,  Central  ,OFF-BI-10001308,office supplies,Binders,GBC Standard Plastic Binding Systems' Combs,2.512,2,0.8,$ -4.40
4948,CA-2014-102085,2014-10-04,10/9/2014,Standard Class,JD-16015,Joy Daniels,consumer,United States,Seattle,Washington,98115.0,WEST,OFF-LA-10002475,Office Supplies,Labels,Avery 519,29.24,4,0.0,  $13.74  
9884,CA-2014-112291,2014-04-03,4/8/2014,Standard Class,KE-16420,Katrina Edelman,Corporate,United States,Los Angeles,California,90008.0,West,OFF-EN-10001415,OFFICE SUPPLIES,Envelopes,Staple envelope,N/A,2,0.0,5.58
2143,CA-2016-155481,2016-09-01,9/5/2016,  Standard Class  ,DK-13225,Dean Katz,CORPORATE,United States,Philadelphia,Pennsylvania,19140.0,  East  ,OFF-PA-10004675,Office Supplies,Paper,"Telephone Message Books with Fax/Mobile Section, 5 1/2"" x 3 3/16""",30.48 USD,6,0.2,-
9253,CA-2017-102309,23-Sep-2017,9/25/2017,Second Class,DO-13645,Doug O'Connell,  Consumer  ,United States,Pine Bluff,Arkansas,71603.0,South,TEC-AC-10001114,Technology,Accessories,Microsoft Wireless Mobile Mouse 4000,-,5,0.0,63.984
2269,CA-2017-105480,12/20/2017,12/26/2017,  Standard Class  ,DK-13225,,CORPORATE,United States,Rochester,New York,14609.0,east,OFF-PA-10002787,OFFICE SUPPLIES,Paper,Xerox 227,6.48,1,0.0,3.11 USD
446,CA-2016-115756,2016/09/05 00:00:00,9/7/2016,second class,PK-19075,Pete Kriz,  Consumer  ,United States,Detroit,Michigan,48227.0,central,OFF-LA-10001317,OFFICE SUPPLIES,Labels,Avery 520,22.05 USD,7,0.0,$ 10.58
7366,CA-2016-127243,2016-11-28,12/4/2016,Standard Class,DS-13180,David Smith,Corporate,United States,Philadelphia,Pennsylvania,19140.0,  East  ,OFF-BI-10003166,Office Supplies,Binders,GBC Plasticlear Binding Covers,6.89 USD,2,0.7,$ -5.05
5596,CA-2017-160325,2017-09-24,9/24/2017,Same Day,BP-11095,,Corporate,United States,Lawrence,Massachusetts,1841.0,East,TEC-PH-10001944,  Technology  ,Phones,Wi-Ex zBoost YX540 Cellular Phone Signal Booster,$ 437.85,3,0.0,N/A
3468,US-2015-147242,2015-09-10,9/14/2015,standard class,EH-13765,Edward Hooks,Corporate,United States,Revere,Massachusetts,2151.0,  East  ,OFF-PA-10003039,office supplies,Paper,Xerox 1960,278.82 USD,9,0.0,125.47 USD
6621,US-2017-167402,01/13/2017,1/18/2017,Second Class,CP-12085,Cathy Prescott,Corporate,United States,Springfield,Missouri,65807.0,  Central  ,OFF-SU-10002881,  Office Supplies  ,Supplies,Martin Yale Chadless Opener Electric Letter Opener,  $4164.05  ,5,0.0,-
9864,CA-2017-113278,01/14/2017,1/20/2017,  Standard Class  ,HR-14770,Hallie Redmond,Home Office,United States,Richmond,Indiana,47374.0,Central,OFF-PA-10004156,Office Supplies,Paper,Xerox 188,11.34 USD,1,0.0,-
1702,CA-2015-114069,2015-07-13,7/15/2015,  Second Class  ,ND-18370,Natalie DeCherney,  Consumer  ,United States,New York City,New York,10035.0,east,FUR-CH-10000595,Furniture,Chairs,Safco Contoured Stacking Chairs,  $1931.04  ,9,0.1,321.84
2527,CA-2015-124541,04/06/2015,4/10/2015,Standard Class,TT-21220,Thomas Thornton,Consumer,United States,Houston,Texas,77041.0,central,OFF-BI-10004965,OFFICE SUPPLIES,Binders,Ibico Covers for Plastic or Wire Binding Elements,6.90 USD,3,0.8,-12.075
69,CA-2014-106376,2014/12/05 00:00:00,12/10/2014,standard class,BS-11590,Brendan Sweed,CORPORATE,United States,Gilbert,Arizona,85234.0,  West  ,TEC-PH-10002726,Technology,Phones,netTALK DUO VoIP Telephone Service,  $167.97  ,4,0.2,N/A
1169,CA-2017-145226,12/08/2017,12/10/2017,second class,DL-13315,,consumer,United States,New York City,New York,10035.0,EAST,OFF-ST-10004123,Office Supplies,Storage,Safco Industrial Wire Shelving System,272.94,3,0.0,$ 0.00
49,CA-2016-169194,20-Jun-2016,6/25/2016,  Standard Class  ,LH-16900,Lena Hernandez,consumer,United States,Dover,Delaware,19901.0,EAST,TEC-PH-10003988,TECHNOLOGY,Phones,"LF Elite 3D Dazzle Designer Hard Case Cover, Lf Stylus Pen and Wiper For Apple Iphone 5c Mini Lite",21.8,2,0.0,6.10 USD
1054,CA-2015-110667,Pending,4/8/2015,Standard Class,NF-18595,Nicole Fjeld,Home Office,United States,New York City,New York,,EAST,OFF-AR-10000716,office supplies,Art,DIXON Ticonderoga Erasable Checking Pencils,N/A,2,0.0,  $4.35  
7360,US-2014-115189,12/30/2014,1/3/2015,Second Class,AR-10345,Alex Russell,CORPORATE,United States,Philadelphia,Pennsylvania,,east,FUR-TA-10004575,  Furniture  ,Tables,Hon 5100 Series Wood Tables,523.764,3,0.4,-
881,CA-2017-111689,30-Nov-2017,12/2/2017,Second Class,HP-14815,Harold Pawlan,HOME OFFICE,United States,New York City,New York,10024.0,east,FUR-CH-10004287,Furniture,Chairs,SAFCO Arco Folding Chair,"$ 1,242.90",5,0.1,262.39 USD
2652,CA-2017-112515,09/17/2017,9/21/2017,Second Class,AS-10225,Alan Schoenberger,corporate,United States,Provo,Utah,84604.0,West,OFF-BI-10000829,Office Supplies,Binders,Avery Non-Stick Binders,$ 10.78,3,0.2,$ 3.50
4635,CA-2015-130456,2015-08-21,8/26/2015,STANDARD CLASS,DS-13180,David Smith,Corporate,United States,San Francisco,California,94122.0,West,OFF-ST-10000736,Office Supplies,Storage,Carina Double Wide Media Storage Towers in Natural & Black,  $80.98  ,1,0.0,3.24 USD
2440,CA-2017-139948,2017-07-17,7/22/2017,Standard Class,SW-20455,Shaun Weien,consumer,United States,Tampa,Florida,33614.0,  South  ,FUR-FU-10002597,furniture,Furnishings,"C-Line Magnetic Cubicle Keepers, Clear Polypropylene",7.90 USD,2,0.2,2.17 USD
6568,CA-2017-131282,02/05/2017,2/8/2017,second class,CB-12025,Cassandra Brandow,  Consumer  ,United States,Waco,Texas,76706.0,central,OFF-AR-10003087,Office Supplies,Art,Staples in misc. colors,7.12,5,0.2,0.71 USD
1468,CA-2015-100769,05/16/2015,5/16/2015,  Same Day  ,TH-21550,Tracy Hopkins,HOME OFFICE,United States,Jacksonville,Florida,32216.0,SOUTH,TEC-AC-10002402,  Technology  ,Accessories,Razer Kraken PRO Over Ear PC and Music Headset,$ 255.97,4,0.2,31.996
6518,US-2017-116652,2017-09-15,9/19/2017,STANDARD CLASS,RD-19480,Rick Duston,CONSUMER,United States,San Francisco,California,94122.0,  West  ,OFF-AR-10001915,office supplies,Art,Peel-Off China Markers,$ 99.30,10,0.0,$ 41.71
3026,CA-2015-164441,Pending,11/13/2015,Standard Class,AC-10450,,CONSUMER,United States,New York City,New York,10011.0,EAST,OFF-PA-10001667,office supplies,Paper,Great White Multi-Use Recycled Paper (20Lb. and 84 Bright),17.94,3,0.0,8.073
2442,CA-2016-146934,2016/05/22 00:00:00,5/27/2016,STANDARD CLASS,AF-10870,Art Ferguson,consumer,United States,Passaic,New Jersey,7055.0,east,FUR-TA-10003748,Furniture,Tables,Bevis 36 x 72 Conference Tables,174.286,2,0.3,-19.92 USD
8373,CA-2016-113726,2016-11-24,12/1/2016,STANDARD CLASS,SC-20680,Steve Carroll,HOME OFFICE,United States,Seattle,Washington,98105.0,  West  ,FUR-FU-10003535,furniture,Furnishings,Howard Miller Distant Time Traveler Alarm Clock,$ 82.26,3,0.0,33.73 USD
231,US-2014-156216,Pending,9/17/2014,Standard Class,EA-14035,Erin Ashbrook,  Corporate  ,United States,Charlotte,North Carolina,28205.0,South,OFF-BI-10001679,Office Supplies,Binders,GBC Instant Index System for Binding Systems,N/A,7,0.7,-
1321,CA-2017-167703,02/03/2017,2/8/2017,standard class,MC-17575,Matt Collins,consumer,United States,Cincinnati,Ohio,,East,OFF-BI-10002071,OFFICE SUPPLIES,Binders,Fellowes Black Plastic Comb Bindings,5.229,3,0.7,-4.1832
42,CA-2017-120999,2017-09-10,9/15/2017,  Standard Class  ,LC-16930,,CORPORATE,United States,Naperville,Illinois,60540.0,  Central  ,TEC-PH-10004093,Technology,Phones,Panasonic Kx-TS550,147.17 USD,4,0.2,16.5564
778,CA-2015-144267,08/21/2015,8/23/2015,  First Class  ,NZ-18565,Nick Zandusky,  Home Office  ,United States,San Francisco,California,94110.0,West,FUR-CH-10002335,FURNITURE,Chairs,Hon GuestStacker Chair,  $544.01  ,3,0.2,40.8006
8945,CA-2014-154592,07-Dec-2014,12/8/2014,First Class,EH-14005,Erica Hernandez,  Home Office  ,United States,San Francisco,California,94109.0,WEST,OFF-PA-10000062,Office Supplies,Paper,Green Bar Computer Printout Paper,$ 164.88,3,0.0,$ 80.79
4687,CA-2016-159912,2016/08/29 00:00:00,9/3/2016,Standard Class,GB-14530,George Bell,  Corporate  ,United States,Philadelphia,Pennsylvania,19120.0,East,OFF-FA-10000053,office supplies,Fasteners,Revere Boxed Rubber Bands by Revere,10.584,7,0.2,-2.3814
1730,CA-2016-106894,07-Feb-2016,2/7/2016,SAME DAY,CA-12265,Christina Anderson,consumer,United States,Springfield,Virginia,22153.0,south,OFF-LA-10001045,  Office Supplies  ,Labels,Permanent Self-Adhesive File Folder Labels for Typewriters by Universal,7.83 USD,3,0.0,3.6018
2914,CA-2014-113929,2014-06-16,6/21/2014,standard class,CK-12205,Chloris Kastensmidt,Consumer,United States,Hempstead,New York,11550.0,east,OFF-BI-10002852,  Office Supplies  ,Binders,Ibico Standard Transparent Covers,39.55 USD,3,0.2,14.34 USD
580,CA-2017-118640,07/20/2017,7/26/2017,standard class,CS-11950,,consumer,United States,Chicago,Illinois,60610.0,Central,FUR-FU-10001475,Furniture,Furnishings,"Contract Clock, 14"", Brown",8.792,1,0.6,-5.7148
3834,CA-2014-105984,2014-11-24,11/24/2014,same day,MY-18295,Muhammed Yedwab,corporate,United States,Columbus,Ohio,43229.0,East,TEC-PH-10000560,Technology,Phones,Samsung Galaxy S III - 16GB - pebble blue (T-Mobile),1049.97,5,0.4,-209.994
5829,CA-2017-161067,09/03/2017,9/6/2017,Second Class,KB-16405,Katrina Bavinger,Home Office,United States,New York City,New York,10035.0,East,OFF-AR-10003251,office supplies,Art,Prang Drawing Pencil Set,5.56,2,0.0,2.224
6591,CA-2014-164749,03/23/2014,3/26/2014,First Class,BG-11740,Bruce Geld,  Consumer  ,United States,Delray Beach,Florida,33445.0,SOUTH,OFF-LA-10004484,OFFICE SUPPLIES,Labels,Avery 476,$ 9.91,3,0.2,3.22 USD
7919,CA-2015-152513,04-Jul-2015,7/8/2015,Second Class,JP-16135,Julie Prescott,Home Office,United States,San Diego,California,92024.0,west,OFF-BI-10002706,Office Supplies,Binders,Avery Premier Heavy-Duty Binder with Round Locking Rings,22.85 USD,2,0.2,  $7.43  
1492,CA-2017-166436,11/24/2017,11/28/2017,Standard Class,TS-21370,,CORPORATE,United States,New York City,New York,10035.0,East,OFF-PA-10001838,office supplies,Paper,"Adams Telephone Message Book W/Dividers/Space For Phone Numbers, 5 1/4""X8 1/2"", 300/Messages",$ 5.88,1,0.0,  $2.88  
8635,CA-2017-159793,Pending,8/29/2017,Standard Class,SV-20365,Seth Vernon,CONSUMER,United States,Philadelphia,Pennsylvania,19140.0,east,FUR-BO-10001798,furniture,Bookcases,Bush Somerset Collection Bookcase,130.98,2,0.5,N/A
9707,CA-2016-161746,10/21/2016,10/27/2016,Standard Class,CS-11950,Carlos Soltero,CONSUMER,United States,Los Angeles,California,90045.0,WEST,FUR-CH-10004626,  Furniture  ,Chairs,Office Star Flex Back Scooter Chair with Aluminum Finish Frame,  $242.14  ,3,0.2,$ 12.11
62,CA-2016-111682,2016/06/17 00:00:00,6/18/2016,  First Class  ,TB-21055,Ted Butterfield,  Consumer  ,United States,Troy,New York,12180.0,EAST,OFF-AR-10001868,  Office Supplies  ,Art,Prang Dustless Chalk Sticks,$ 1.68,1,0.0,0.84
4396,CA-2014-142965,2014-07-20,7/20/2014,same day,SW-20245,Scot Wooten,CONSUMER,United States,Springfield,Ohio,,East,OFF-BI-10000977,Office Supplies,Binders,Ibico Plastic Spiral Binding Combs,27.36 USD,3,0.7,-21.888
7624,CA-2014-124464,07/14/2014,7/20/2014,Standard Class,SS-20515,Shirley Schmidt,  Home Office  ,United States,Newark,Delaware,19711.0,East,OFF-AP-10000576,Office Supplies,Appliances,Belkin 7 Outlet SurgeMaster II,$ 39.48,1,0.0,-
7334,CA-2015-125563,04/11/2015,4/17/2015,STANDARD CLASS,PR-18880,Patrick Ryan,Consumer,United States,Tampa,Florida,33614.0,south,FUR-FU-10001290,Furniture,Furnishings,Executive Impressions Supervisor Wall Clock,  $67.36  ,2,0.2,10.10 USD
403,CA-2014-113166,2014-12-24,12/26/2014,  First Class  ,LF-17185,Luke Foster,  Consumer  ,United States,Miami,Florida,33180.0,South,OFF-PA-10001947,Office Supplies,Paper,Xerox 1974,  $9.57  ,2,0.2,$ 3.47
333,US-2016-150147,04/25/2016,4/29/2016,Second Class,JL-15850,John Lucas,Consumer,United States,Philadelphia,Pennsylvania,19134.0,East,OFF-BI-10001153,OFFICE SUPPLIES,Binders,Ibico Recycled Grain-Textured Covers,20.72 USD,2,0.7,$ -13.82
2085,CA-2016-140501,2016-06-23,6/28/2016,Standard Class,IM-15070,Irene Maddox,CONSUMER,United States,New York City,New York,10009.0,East,OFF-LA-10003510,Office Supplies,Labels,"Avery 4027 File Folder Labels for Dot Matrix Printers, 5000 Labels per Box, White",$ 122.12,4,0.0,$ 56.18
6821,CA-2017-163860,2017-12-28,1/1/2018,STANDARD CLASS,LO-17170,Lori Olson,  Corporate  ,United States,Peoria,Illinois,61604.0,central,FUR-CH-10004698,FURNITURE,Chairs,"Padded Folding Chairs, Black, 4/Carton",-,2,0.3,-3.2392
165,CA-2014-139892,09/08/2014,9/12/2014,standard class,BM-11140,Becky Martin,  Consumer  ,United States,San Antonio,Texas,78207.0,central,OFF-AR-10004441,OFFICE SUPPLIES,Art,BIC Brite Liner Highlighters,9.936,3,0.2,2.73 USD
4033,CA-2016-169957,26-Sep-2016,9/30/2016,Standard Class,SN-20710,Steve Nguyen,Home Office,United States,Covington,Washington,98042.0,West,OFF-PA-10004040,office supplies,Paper,Universal Premium White Copier/Laser Paper (20Lb. and 87 Bright),  $29.90  ,5,0.0,14.651
2716,CA-2014-127187,04-Dec-2014,12/8/2014,  Standard Class  ,CP-12085,Cathy Prescott,  Corporate  ,United States,New York City,New York,10024.0,east,TEC-PH-10000673,TECHNOLOGY,Phones,Plantronics Voyager Pro HD - Bluetooth Headset,  $129.98  ,2,0.0,$ 62.39
8918,US-2016-144057,09-May-2016,5/13/2016,Standard Class,CV-12805,Cynthia Voltz,corporate,United States,Austin,Texas,78745.0,Central,OFF-PA-10004327,OFFICE SUPPLIES,Paper,Xerox 1911,76.64 USD,2,0.2,26.824
9605,CA-2015-138625,02-Nov-2015,11/5/2015,FIRST CLASS,EG-13900,Emily Grady,  Consumer  ,United States,Chesapeake,Virginia,23320.0,  South  ,OFF-AP-10003099,Office Supplies,Appliances,"Eureka Hand Vacuum, Bagless",197.72,4,0.0,N/A
9933,CA-2015-104948,2015-11-13,11/17/2015,standard class,KH-16510,Keith Herrera,  Consumer  ,United States,San Bernardino,California,92404.0,West,OFF-PA-10004610,Office Supplies,Paper,Xerox 1900,$ 29.96,7,0.0,  $13.48  
7033,CA-2016-145548,11/11/2016,11/16/2016,standard class,EB-13750,Edward Becker,Corporate,United States,New York City,New York,10011.0,east,FUR-CH-10003774,FURNITURE,Chairs,"Global Wood Trimmed Manager's Task Chair, Khaki",245.646,3,0.1,$ 8.19
1335,CA-2014-121664,06-May-2014,5/10/2014,Standard Class,HP-14815,Harold Pawlan,HOME OFFICE,United States,Los Angeles,California,,west,OFF-BI-10003684,  Office Supplies  ,Binders,Wilson Jones Legal Size Ring Binders,140.74 USD,8,0.2,52.78 USD
4092,CA-2016-161473,04/01/2016,4/5/2016,  Standard Class  ,TB-21175,Thomas Boland,Corporate,United States,New York City,New York,,EAST,OFF-BI-10003305,Office Supplies,Binders,Avery Hanging File Binders,$ 14.35,3,0.2,$ 4.66
1660,CA-2017-127285,10/30/2017,11/6/2017,  Standard Class  ,MM-18055,Michelle Moray,consumer,United States,Seattle,Washington,98115.0,West,OFF-BI-10004330,  Office Supplies  ,Binders,"GBC Velobind Prepunched Cover Sets, Regency Series",  $88.75  ,3,0.2,  $27.73  
8399,CA-2017-120061,2017-11-02,11/7/2017,  Second Class  ,SR-20425,Sharelle Roach,  Home Office  ,United States,Springfield,Ohio,45503.0,EAST,FUR-CH-10001973,furniture,Chairs,Office Star Flex Back Scooter Chair with White Frame,155.372,2,0.3,-35.51 USD
754,CA-2016-110499,07-Apr-2016,4/9/2016,FIRST CLASS,YC-21895,Yoseph Carroll,corporate,United States,San Francisco,California,94110.0,west,TEC-CO-10002095,  Technology  ,Copiers,Hewlett Packard 610 Color Digital Copier / Printer,"$ 1,199.98",3,0.2,374.99 USD
7092,CA-2015-119480,09-Jan-2015,1/13/2015,  Standard Class  ,CC-12685,Craig Carroll,consumer,United States,Henderson,Kentucky,,South,OFF-AP-10001205,Office Supplies,Appliances,Belkin 5 Outlet SurgeMaster Power Centers,$ 163.44,3,0.0,45.7632
707,CA-2014-138527,2014/09/12 00:00:00,9/17/2014,standard class,BN-11470,Brad Norvell,corporate,United States,Cary,North Carolina,27511.0,South,TEC-AC-10002399,  Technology  ,Accessories,SanDisk Cruzer 32 GB USB Flash Drive,15.216,1,0.2,2.28 USD
3533,CA-2014-110849,04/18/2014,4/23/2014,  Standard Class  ,JL-15835,John Lee,Consumer,United States,Los Angeles,California,90049.0,west,TEC-MA-10002859,Technology,Machines,Ativa MDM8000 8-Sheet Micro-Cut Shredder,287.968,4,0.2,$ 97.19
8553,CA-2014-140473,05/30/2014,6/3/2014,STANDARD CLASS,MC-17425,Mark Cousins,corporate,United States,Chicago,Illinois,60623.0,Central,TEC-CO-10004202,TECHNOLOGY,Copiers,Brother DCP1000 Digital 3 in 1 Multifunction Machine,  $719.98  ,3,0.2,134.9955
9870,CA-2014-114195,11/01/2014,11/3/2014,First Class,EA-14035,Erin Ashbrook,CORPORATE,United States,Mason,Ohio,45040.0,East,OFF-BI-10000494,  Office Supplies  ,Binders,Acco Economy Flexible Poly Round Ring Binder,3.132,2,0.7,-2.61 USD
9577,CA-2015-143147,26-May-2015,5/28/2015,  Second Class  ,PS-18760,Pamela Stobb,  Consumer  ,United States,San Antonio,Texas,78207.0,central,TEC-MA-10004679,TECHNOLOGY,Machines,StarTech.com 10/100 VDSL2 Ethernet Extender Kit,$ 399.54,2,0.4,  $-79.91  
7728,US-2015-150231,2015/03/16 00:00:00,3/20/2015,Second Class,JK-15640,Jim Kriz,Home Office,United States,New York City,New York,10009.0,East,OFF-AR-10001761,Office Supplies,Art,Avery Hi-Liter Smear-Safe Highlighters,$ 17.52,3,0.0,6.3072
9551,CA-2015-160864,2015-05-03,5/6/2015,first class,NF-18595,Nicole Fjeld,HOME OFFICE,United States,San Jose,California,95123.0,west,OFF-BI-10004654,  Office Supplies  ,Binders,Avery Binding System Hidden Tab Executive Style Index Sets,N/A,3,0.2,5.193
8978,CA-2017-156622,11/23/2017,11/26/2017,First Class,JP-15460,Jennifer Patt,CORPORATE,United States,Dallas,Texas,75220.0,  Central  ,OFF-BI-10003707,OFFICE SUPPLIES,Binders,Aluminum Screw Posts,  $6.10  ,2,0.8,$ -9.16
1835,CA-2017-162691,2017-08-01,8/7/2017,STANDARD CLASS,AS-10045,Aaron Smayling,  Corporate  ,United States,Austin,Texas,78745.0,central,OFF-PA-10003729,office supplies,Paper,Xerox 1998,36.29 USD,7,0.2,12.70 USD
7077,CA-2016-167416,12-May-2016,5/17/2016,  Standard Class  ,JM-15580,Jill Matthias,CONSUMER,United States,Seattle,Washington,98105.0,WEST,OFF-EN-10001141,Office Supplies,Envelopes,"Manila Recycled Extra-Heavyweight Clasp Envelopes, 6"" x 9""",-,5,0.0,  $26.90  
5418,CA-2014-132542,2014/10/06 00:00:00,10/8/2014,Second Class,AM-10360,Alice McCarthy,CORPORATE,United States,Omaha,Nebraska,68104.0,  Central  ,OFF-BI-10004099,office supplies,Binders,GBC VeloBinder Strips,15.36,2,0.0,7.68
3870,CA-2015-132486,10/23/2015,10/27/2015,  Second Class  ,JF-15355,Jay Fein,Consumer,United States,San Diego,California,92105.0,west,FUR-CH-10004540,FURNITURE,Chairs,Global Chrome Stack Chair,191.97 USD,7,0.2,16.7972
6914,CA-2015-104115,12-Jun-2015,6/16/2015,Standard Class,JH-15910,Jonathan Howell,consumer,United States,West Palm Beach,Florida,33407.0,South,TEC-PH-10002844,Technology,Phones,Speck Products Candyshell Flip Case,$ 55.98,2,0.2,N/A
5072,CA-2014-124478,2014-08-08,8/12/2014,  Standard Class  ,MA-17560,Matt Abelman,home office,United States,Trenton,Michigan,48183.0,Central,FUR-FU-10002088,  Furniture  ,Furnishings,Nu-Dell Float Frame 11 x 14 1/2,$ 53.88,6,0.0,22.6296
6928,CA-2016-140382,2016/06/23 00:00:00,6/25/2016,SECOND CLASS,RD-19900,Ruben Dartt,Consumer,United States,San Francisco,California,94109.0,West,OFF-ST-10003638,OFFICE SUPPLIES,Storage,Mobile Personal File Cube,93.68 USD,4,0.0,$ 25.29
7229,CA-2014-157546,2014/07/20 00:00:00,7/22/2014,First Class,RD-19720,Roger Demir,Consumer,United States,San Francisco,California,94122.0,west,OFF-BI-10002498,Office Supplies,Binders,Clear Mylar Reinforcing Strips,89.71 USD,6,0.2,$ 30.28
3071,CA-2014-119375,2014-11-17,11/22/2014,standard class,YC-21895,Yoseph Carroll,corporate,United States,Newark,Delaware,19711.0,EAST,OFF-ST-10002011,Office Supplies,Storage,Smead Adjustable Mobile File Trolley with Lockable Top,"$ 2,934.33",7,0.0,792.2691
7164,CA-2014-122070,2014/04/22 00:00:00,4/24/2014,SECOND CLASS,AH-10030,Aaron Hawkins,corporate,United States,Troy,New York,12180.0,  East  ,OFF-EN-10004773,Office Supplies,Envelopes,Staple envelope,247.84,8,0.0,121.4416
3729,CA-2016-165169,2016-06-05,6/11/2016,STANDARD CLASS,JL-15235,,Consumer,United States,Newark,Delaware,19711.0,EAST,OFF-LA-10000407,OFFICE SUPPLIES,Labels,Avery White Multi-Purpose Labels,N/A,3,0.0,6.8724
2247,CA-2017-103380,11/21/2017,11/25/2017,Standard Class,BF-11005,Barry Franz,Home Office,United States,Pasadena,California,91104.0,West,TEC-PH-10004165,Technology,Phones,Mitel MiVoice 5330e IP Phone,659.98 USD,3,0.2,$ 49.50
836,CA-2016-165316,2016/07/23 00:00:00,7/27/2016,  Standard Class  ,JB-15400,Jennifer Braxton,CORPORATE,United States,Tampa,Florida,33614.0,South,TEC-MA-10004002,Technology,Machines,Zebra GX420t Direct Thermal/Thermal Transfer Printer,$ 265.48,1,0.5,$ -111.50
8389,CA-2014-139423,01-Nov-2014,11/5/2014,Standard Class,DG-13300,Deirdre Greer,  Corporate  ,United States,Orange,New Jersey,7050.0,east,OFF-AP-10004708,Office Supplies,Appliances,Fellowes Superior 10 Outlet Split Surge Protector,  $76.12  ,2,0.0,N/A
5225,US-2017-109582,2017-09-12,9/17/2017,SECOND CLASS,JM-15865,John Murray,CONSUMER,United States,Los Angeles,California,90036.0,West,OFF-PA-10004071,  Office Supplies  ,Paper,"Eaton Premium Continuous-Feed Paper, 25% Cotton, Letter Size, White, 1000 Shts/Box",$ 166.44,3,0.0,  $79.89  
433,US-2016-123750,2016-04-15,4/21/2016,Standard Class,RB-19795,Ross Baird,Home Office,United States,Gastonia,North Carolina,28052.0,South,OFF-ST-10000617,  Office Supplies  ,Storage,Woodgrain Magazine Files by Perma,4.768,2,0.2,-0.77 USD
3371,CA-2016-134887,2016-03-25,3/25/2016,SAME DAY,TB-21280,Toby Braunhardt,Consumer,United States,Norman,Oklahoma,73071.0,CENTRAL,TEC-AC-10003832,TECHNOLOGY,Accessories,Logitech P710e Mobile Speakerphone,  $1287.45  ,5,0.0,-
6623,CA-2014-130449,2014-09-06,9/9/2014,FIRST CLASS,VP-21760,Victoria Pisteka,Corporate,United States,San Francisco,California,94109.0,WEST,FUR-FU-10001487,FURNITURE,Furnishings,"Eldon Expressions Wood and Plastic Desk Accessories, Cherry Wood",41.88 USD,6,0.0,12.1452
4828,CA-2014-152562,11/01/2014,11/8/2014,Standard Class,JO-15145,Jack O'Briant,corporate,United States,Richmond,Kentucky,40475.0,South,OFF-ST-10000464,OFFICE SUPPLIES,Storage,"Multi-Use Personal File Cart and Caster Set, Three Stacking Bins",N/A,2,0.0,N/A
6190,CA-2017-157903,04-Apr-2017,4/8/2017,Standard Class,AM-10705,Anne McFarland,CONSUMER,United States,Des Plaines,Illinois,60016.0,CENTRAL,TEC-PH-10004345,Technology,Phones,Cisco SPA 502G IP Phone,$ 383.84,4,0.2,  $47.98  
8884,US-2017-115252,2017-10-20,10/25/2017,Standard Class,MY-18295,Muhammed Yedwab,corporate,United States,Durham,North Carolina,27707.0,South,OFF-PA-10001667,Office Supplies,Paper,Great White Multi-Use Recycled Paper (20Lb. and 84 Bright),$ 14.35,3,0.2,$ 4.49
1194,US-2015-130519,09/15/2015,9/15/2015,same day,NG-18355,Nat Gilpin,Corporate,United States,Coral Springs,Florida,33065.0,South,OFF-PA-10001937,office supplies,Paper,Xerox 21,15.55 USD,3,0.2,$ 5.44
6921,CA-2017-121706,02/26/2017,3/2/2017,Standard Class,BM-11140,Becky Martin,  Consumer  ,United States,Santa Barbara,California,93101.0,  West  ,OFF-AP-10003287,  Office Supplies  ,Appliances,Tripp Lite TLP810NET Broadband Surge for Modem/Fax,356.79,7,0.0,99.90 USD
6150,CA-2017-101322,2017-12-28,12/31/2017,first class,JG-15310,Jason Gross,corporate,United States,Long Beach,California,90805.0,west,FUR-CH-10003968,  Furniture  ,Chairs,Novimex Turbo Task Chair,-,6,0.2,-34.07 USD
3849,CA-2017-161053,2017/09/22 00:00:00,9/23/2017,  First Class  ,JE-15745,Joel Eaton,Consumer,United States,Fayetteville,Arkansas,72701.0,South,OFF-BI-10004318,OFFICE SUPPLIES,Binders,Ibico EB-19 Dual Function Manual Binding System,691.96,4,0.0,318.3016
3039,US-2015-123960,06/11/2015,6/16/2015,  Standard Class  ,BD-11605,Brian Dahlen,Consumer,United States,Monroe,Louisiana,71203.0,south,FUR-FU-10004666,Furniture,Furnishings,DAX Clear Channel Poster Frame,29.16,2,0.0,  $10.79  
4557,CA-2015-130218,2015-03-23,3/26/2015,First Class,SG-20470,Sheri Gordon,Consumer,United States,Florence,South Carolina,29501.0,  South  ,OFF-ST-10002486,Office Supplies,Storage,Eldon Shelf Savers Cubes and Bins,27.92 USD,4,0.0,0.5584
2730,CA-2017-104801,2017-02-13,2/19/2017,Standard Class,FH-14350,Fred Harton,Consumer,United States,Seattle,Washington,98105.0,West,OFF-AR-10001547,Office Supplies,Art,Newell 311,$ 6.63,3,0.0,1.79 USD
3425,CA-2016-134803,2016-05-28,6/3/2016,Standard Class,CL-12565,Clay Ludtke,Consumer,United States,Los Angeles,California,90004.0,WEST,TEC-MA-10001972,Technology,Machines,Okidata C331dn Printer,558.4,2,0.2,  $41.88  
434,CA-2016-127369,06/06/2016,6/7/2016,First Class,DB-13060,Dave Brooks,  Consumer  ,United States,Lowell,Massachusetts,1852.0,East,OFF-ST-10003306,Office Supplies,Storage,Letter Size Cart,$ 714.30,5,0.0,207.15 USD
3266,US-2014-126571,11-Oct-2014,10/15/2014,  Standard Class  ,JF-15565,Jill Fjeld,  Consumer  ,United States,Philadelphia,Pennsylvania,19120.0,  East  ,OFF-ST-10003816,Office Supplies,Storage,Fellowes High-Stak Drawer Files,  $281.90  ,2,0.2,10.5714
6988,CA-2016-116526,2016/09/01 00:00:00,9/5/2016,STANDARD CLASS,JA-15970,Joseph Airdo,consumer,United States,Detroit,Michigan,48227.0,Central,OFF-BI-10001116,office supplies,Binders,"Wilson Jones 1"" Hanging DublLock Ring Binders",26.4,5,0.0,N/A
9848,CA-2017-169327,2017-09-02,9/4/2017,Second Class,MH-17290,Marc Harrigan,HOME OFFICE,United States,Los Angeles,California,90008.0,West,FUR-FU-10004188,furniture,Furnishings,Luxo Professional Combination Clamp-On Lamps,511.5,5,0.0,132.99
105,US-2015-156867,11/13/2015,11/17/2015,STANDARD CLASS,LC-16870,Lena Cacioppo,Consumer,United States,Aurora,Colorado,80013.0,West,FUR-FU-10004006,Furniture,Furnishings,"Deflect-o DuraMat Lighweight, Studded, Beveled Mat for Low Pile Carpeting",102.36,3,0.2,-3.8385
3308,CA-2014-104738,2014/12/30 00:00:00,1/1/2015,Second Class,SP-20620,Stefania Perrino,Corporate,United States,Laredo,Texas,78041.0,  Central  ,OFF-BI-10002160,  Office Supplies  ,Binders,Acco Hanging Data Binders,$ 2.29,3,0.8,$ -3.66
1657,US-2017-132444,2017-11-18,11/21/2017,first class,CD-12280,Christina DeMoss,Consumer,United States,Seattle,Washington,98105.0,West,OFF-ST-10000563,  Office Supplies  ,Storage,Fellowes Bankers Box Stor/Drawer Steel Plus,$ 95.94,3,0.0,$ 9.59
1534,CA-2016-139885,12/04/2016,12/8/2016,Standard Class,EB-13840,Ellis Ballard,CORPORATE,United States,New York City,New York,10035.0,EAST,OFF-ST-10003324,Office Supplies,Storage,Belkin OmniView SE Rackmount Kit,212.88,6,0.0,0.0
4673,CA-2016-133550,31-Jul-2016,8/6/2016,Standard Class,KL-16645,Ken Lonsdale,consumer,United States,Detroit,Michigan,48205.0,Central,TEC-PH-10004042,Technology,Phones,ClearOne Communications CHAT 70 OC Speaker Phone,$ 635.96,4,0.0,-
4081,CA-2016-140417,09/25/2016,9/29/2016,Standard Class,KE-16420,Katrina Edelman,  Corporate  ,United States,Tigard,Oregon,97224.0,West,OFF-PA-10000380,Office Supplies,Paper,"REDIFORM Incoming/Outgoing Call Register, 11"" X 8 1/2"", 100 Messages",60.048,9,0.2,$ 22.52
9148,US-2016-165505,01/23/2016,1/27/2016,standard class,CB-12535,Claudia Bergmann,CORPORATE,United States,Burlington,Vermont,5408.0,east,OFF-AR-10003477,office supplies,Art,4009 Highlighters,8.04,6,0.0,2.7336
4344,CA-2017-105410,2017-03-19,3/22/2017,  First Class  ,ND-18370,Natalie DeCherney,  Consumer  ,United States,San Francisco,California,94110.0,West,TEC-PH-10000038,  Technology  ,Phones,Jawbone MINI JAMBOX Wireless Bluetooth Speaker,657.50 USD,6,0.2,N/A
1444,CA-2015-166135,10/01/2015,10/6/2015,STANDARD CLASS,SC-20440,Shaun Chance,CORPORATE,United States,Aurora,Colorado,80013.0,west,OFF-ST-10002974,  Office Supplies  ,Storage,"Trav-L-File Heavy-Duty Shuttle II, Black",139.424,4,0.2,17.428
215,CA-2015-146262,01/02/2015,1/9/2015,  Standard Class  ,VW-21775,Victoria Wilson,CORPORATE,United States,Medina,Ohio,44256.0,east,TEC-PH-10002844,TECHNOLOGY,Phones,Speck Products Candyshell Flip Case,62.982,3,0.4,  $-14.70  
8599,CA-2014-141110,2014-11-26,12/1/2014,  Standard Class  ,LS-17200,Luke Schmidt,corporate,United States,Fresno,California,93727.0,West,OFF-BI-10002012,Office Supplies,Binders,Wilson Jones Easy Flow II Sheet Lifters,4.32,3,0.2,$ 1.51
3338,US-2017-109253,08/21/2017,8/22/2017,FIRST CLASS,PR-18880,Patrick Ryan,CONSUMER,United States,Oakland,California,94601.0,WEST,FUR-TA-10001539,Furniture,Tables,Chromcraft Rectangular Conference Tables,$ 568.73,3,0.2,28.4364
9163,CA-2016-160108,12/08/2016,12/12/2016,  Standard Class  ,AG-10900,Arthur Gainer,CONSUMER,United States,Eau Claire,Wisconsin,54703.0,CENTRAL,FUR-CH-10002335,Furniture,Chairs,Hon GuestStacker Chair,680.01,3,0.0,  $176.80  
9917,CA-2017-160927,2017/01/29 00:00:00,1/31/2017,Second Class,TM-21010,Tamara Manning,Consumer,United States,Marion,Iowa,52302.0,Central,OFF-ST-10001590,office supplies,Storage,"Tenex Personal Project File with Scoop Front Design, Black",13.48,1,0.0,3.5048
1420,CA-2015-124800,26-Sep-2015,9/30/2015,Standard Class,RW-19540,Rick Wilson,Corporate,United States,Mesa,Arizona,85204.0,WEST,OFF-PA-10000501,Office Supplies,Paper,Petty Cash Envelope,86.272,4,0.2,31.27 USD
3061,CA-2016-144554,11/07/2016,11/12/2016,STANDARD CLASS,DM-13345,Denise Monton,CORPORATE,United States,Newark,Ohio,43055.0,East,TEC-AC-10002800,TECHNOLOGY,Accessories,Plantronics Audio 478 Stereo USB Headset,N/A,3,0.2,22.4955
8471,US-2017-132031,2017-04-23,4/27/2017,standard class,PN-18775,Parhena Norris,  Home Office  ,United States,Clarksville,Tennessee,37042.0,SOUTH,TEC-AC-10002473,TECHNOLOGY,Accessories,Maxell 4.7GB DVD-R,45.408,2,0.2,11.92 USD
182,CA-2014-166191,2014-12-05,12/9/2014,Second Class,DK-13150,David Kendrick,Corporate,United States,Decatur,Illinois,62521.0,CENTRAL,TEC-AC-10004659,TECHNOLOGY,Accessories,Imation Secure+ Hardware Encrypted USB 2.0 Flash Drive; 16GB,408.74 USD,7,0.2,$ 76.64
5051,CA-2015-150511,18-Sep-2015,9/24/2015,STANDARD CLASS,AB-10060,Adam Bellavance,  Home Office  ,United States,Des Moines,Washington,98198.0,WEST,OFF-PA-10001776,office supplies,Paper,"Wirebound Message Books, Four 2 3/4"" x 5"" Forms per Page, 600 Sets per Book",18.54,2,0.0,8.71 USD
8695,US-2014-112795,2014-08-23,8/28/2014,second class,CR-12625,Corey Roper,HOME OFFICE,United States,Grand Rapids,Michigan,49505.0,  Central  ,OFF-PA-10001934,Office Supplies,Paper,Xerox 1993,  $19.44  ,3,0.0,9.5256
2447,CA-2015-100573,2015/09/25 00:00:00,10/1/2015,Standard Class,AM-10705,Anne McFarland,  Consumer  ,United States,Los Angeles,California,90004.0,West,OFF-EN-10000461,  Office Supplies  ,Envelopes,"#10- 4 1/8"" x 9 1/2"" Recycled Envelopes",17.48,2,0.0,8.2156
9980,US-2016-103674,2016/12/06 00:00:00,12/10/2016,Standard Class,AP-10720,Anne Pryor,home office,United States,Los Angeles,California,90032.0,West,OFF-BI-10002026,Office Supplies,Binders,Ibico Recycled Linen-Style Covers,437.472,14,0.2,153.1152
5857,CA-2015-112214,05-Aug-2015,8/11/2015,Standard Class,AH-10690,Anna Häberlin,Corporate,United States,Dallas,Texas,75220.0,Central,OFF-BI-10002982,OFFICE SUPPLIES,Binders,Avery Self-Adhesive Photo Pockets for Polaroid Photos,-,1,0.8,  $-2.18  
5675,CA-2016-146318,22-Jan-2016,1/27/2016,standard class,MC-17275,Marc Crier,  Consumer  ,United States,Seattle,Washington,98105.0,  West  ,OFF-PA-10003953,  Office Supplies  ,Paper,Xerox 218,$ 12.96,2,0.0,6.2208
3523,CA-2016-114482,2016/11/21 00:00:00,11/25/2016,SECOND CLASS,DM-13345,Denise Monton,Corporate,United States,Des Moines,Iowa,50315.0,  Central  ,TEC-PH-10001580,TECHNOLOGY,Phones,Logitech Mobile Speakerphone P710e - speaker phone,404.94 USD,3,0.0,109.3338
3035,US-2015-123960,2015-06-11,6/16/2015,Standard Class,BD-11605,Brian Dahlen,Consumer,United States,Monroe,Louisiana,71203.0,South,TEC-AC-10003038,Technology,Accessories,Kingston Digital DataTraveler 16GB USB 2.0,N/A,6,0.0,10.203
7961,CA-2017-131807,05-Oct-2017,10/10/2017,Standard Class,GG-14650,Greg Guthrie,Corporate,United States,Chico,California,,WEST,TEC-PH-10000702,  Technology  ,Phones,"Square Credit Card Reader, 4 1/2"" x 4 1/2"" x 1"", White",$ 7.99,1,0.2,2.70 USD
3689,CA-2017-140760,02-Jun-2017,6/5/2017,Second Class,DO-13435,Denny Ordway,  Consumer  ,United States,Mesa,Arizona,85204.0,  West  ,OFF-PA-10002479,office supplies,Paper,Xerox 4200 Series MultiUse Premium Copy Paper (20Lb. and 84 Bright),25.344,6,0.2,-
71,CA-2016-106075,2016-09-18,9/23/2016,Standard Class,HM-14980,Henry MacAllister,  Consumer  ,United States,New York City,New York,10009.0,East,OFF-BI-10004654,OFFICE SUPPLIES,Binders,Avery Binding System Hidden Tab Executive Style Index Sets,4.62 USD,1,0.2,N/A
545,CA-2014-103849,05/11/2014,5/16/2014,Standard Class,PG-18895,Paul Gonzalez,Consumer,United States,Fort Worth,Texas,76106.0,  Central  ,TEC-PH-10002597,Technology,Phones,Xblue XB-1670-86 X16 Small Office Telephone - Titanium,$ 100.79,1,0.2,-
1205,CA-2016-114727,2016-07-18,7/24/2016,standard class,LS-16945,Linda Southworth,CORPORATE,United States,Denver,Colorado,80219.0,WEST,OFF-ST-10000689,Office Supplies,Storage,"Fellowes Strictly Business Drawer File, Letter/Legal Size",N/A,3,0.2,  $-33.80  
3317,CA-2017-161739,2017-11-10,11/15/2017,SECOND CLASS,EB-13750,Edward Becker,Corporate,United States,Round Rock,Texas,78664.0,central,FUR-FU-10001468,Furniture,Furnishings,Tenex Antistatic Computer Chair Mats,$ 341.96,5,0.6,-427.45
9101,CA-2017-152933,12-Oct-2017,10/16/2017,  Standard Class  ,MG-17650,Matthew Grinstein,HOME OFFICE,United States,Dallas,Texas,75081.0,Central,TEC-AC-10003033,Technology,Accessories,Plantronics CS510 - Over-the-Head monaural Wireless Headset System,791.88 USD,3,0.2,128.68 USD
3384,CA-2015-130659,12/04/2015,12/9/2015,  Second Class  ,MS-17365,,CONSUMER,United States,New York City,New York,10035.0,  East  ,FUR-CH-10003535,  Furniture  ,Chairs,"Global Armless Task Chair, Royal Blue",384.174,7,0.1,29.8802
9675,US-2014-164644,2014-07-22,7/24/2014,  Second Class  ,JL-15850,,Consumer,United States,Houston,Texas,77095.0,  Central  ,OFF-ST-10003123,OFFICE SUPPLIES,Storage,Fellowes Bases and Tops For Staxonsteel/High-Stak Systems,  $26.63  ,1,0.2,1.3316
4620,CA-2017-145219,24-Dec-2017,12/25/2017,first class,RM-19675,Robert Marley,Home Office,United States,Los Angeles,California,90049.0,  West  ,TEC-CO-10001449,Technology,Copiers,Hewlett Packard LaserJet 3310 Copier,  $2879.95  ,6,0.2,  $1007.98  
8324,CA-2016-130778,2016/11/19 00:00:00,11/25/2016,standard class,ND-18370,Natalie DeCherney,Consumer,United States,Long Beach,New York,11561.0,East,OFF-PA-10001509,  Office Supplies  ,Paper,"Recycled Desk Saver Line ""While You Were Out"" Book, 5 1/2"" X 4""",  $44.75  ,5,0.0,$ 20.59
4280,US-2016-107440,2016-04-16,4/20/2016,STANDARD CLASS,BS-11365,Bill Shonely,Corporate,United States,Lakewood,New Jersey,8701.0,EAST,OFF-BI-10002432,OFFICE SUPPLIES,Binders,Wilson Jones Standard D-Ring Binders,25.3,5,0.0,11.891
3998,CA-2015-105627,08-Mar-2015,3/12/2015,STANDARD CLASS,DK-12895,Dana Kaydos,Consumer,United States,Kenosha,Wisconsin,,  Central  ,OFF-AR-10002704,OFFICE SUPPLIES,Art,Boston 1900 Electric Pencil Sharpener,-,1,0.0,4.494
8186,CA-2015-136728,2015-09-13,9/17/2015,  Second Class  ,AG-10900,Arthur Gainer,Consumer,United States,Chicago,Illinois,60623.0,CENTRAL,OFF-EN-10002621,OFFICE SUPPLIES,Envelopes,Staple envelope,7.824,1,0.2,N/A
878,CA-2016-116736,01/17/2016,1/21/2016,Standard Class,CC-12430,Chuck Clark,Home Office,United States,Concord,New Hampshire,3301.0,East,TEC-AC-10002049,TECHNOLOGY,Accessories,Logitech G19 Programmable Gaming Keyboard,371.97,3,0.0,$ 66.95
8786,CA-2017-145765,28-May-2017,6/2/2017,  Standard Class  ,CM-11815,Candace McMahon,corporate,United States,Phoenix,Arizona,85023.0,west,TEC-PH-10001305,technology,Phones,Panasonic KX TS208W Corded phone,195.96,5,0.2,$ 19.60
197,CA-2014-140004,2014/03/21 00:00:00,3/25/2014,  Standard Class  ,CB-12025,Cassandra Brandow,  Consumer  ,United States,Hamilton,Ohio,45011.0,  East  ,OFF-AR-10004027,Office Supplies,Art,"Binney & Smith inkTank Erasable Desk Highlighter, Chisel Tip, Yellow, 12/Box",  $6.05  ,3,0.2,$ 1.59
9741,CA-2017-129294,03/16/2017,3/21/2017,  Standard Class  ,KD-16615,Ken Dana,Corporate,United States,Los Angeles,California,,West,OFF-AP-10001154,OFFICE SUPPLIES,Appliances,Bionaire Personal Warm Mist Humidifier/Vaporizer,140.67,3,0.0,54.8613
3289,CA-2015-157770,12/13/2015,12/15/2015,First Class,RD-19585,Rob Dowd,consumer,United States,Temecula,California,92592.0,West,OFF-BI-10000050,office supplies,Binders,"Angle-D Binders with Locking Rings, Label Holders",29.2,5,0.2,$ 9.86
3881,CA-2015-129896,Pending,6/20/2015,  Standard Class  ,PF-19120,,Consumer,United States,Gilbert,Arizona,85234.0,  West  ,OFF-PA-10002245,office supplies,Paper,Xerox 1895,9.568,2,0.2,2.99
2572,CA-2017-109778,16-Jul-2017,7/21/2017,Standard Class,VM-21685,Valerie Mitchum,Home Office,United States,Woodstock,Illinois,60098.0,CENTRAL,OFF-AR-10003759,Office Supplies,Art,"Crayola Anti Dust Chalk, 12/Pack",  $2.91  ,2,0.2,$ 0.91
6080,CA-2016-151561,01-Sep-2016,9/7/2016,Standard Class,PG-18820,Patrick Gardner,Consumer,United States,New York City,New York,10011.0,East,FUR-FU-10004864,Furniture,Furnishings,"Howard Miller 14-1/2"" Diameter Chrome Round Wall Clock",191.82,3,0.0,  $61.38  
7225,CA-2016-109953,07/14/2016,7/18/2016,standard class,RB-19360,Raymond Buch,Consumer,United States,San Francisco,California,94122.0,WEST,OFF-AP-10002998,Office Supplies,Appliances,Holmes 99% HEPA Air Purifier,151.62,7,0.0,$ 50.03
8623,US-2016-114230,11/27/2016,12/1/2016,STANDARD CLASS,CM-12235,Chris McAfee,consumer,United States,Phoenix,Arizona,85023.0,West,OFF-ST-10000876,office supplies,Storage,Eldon Simplefile Box Office,$ 39.81,4,0.2,3.98 USD
9363,CA-2017-111591,2017-03-21,3/25/2017,STANDARD CLASS,PS-18970,Paul Stevenson,Home Office,United States,Seattle,Washington,,West,OFF-FA-10004838,office supplies,Fasteners,"Super Bands, 12/Pack",  $13.02  ,7,0.0,$ 0.39
6148,CA-2017-105130,11/21/2017,11/25/2017,  Standard Class  ,PJ-18835,Patrick Jones,corporate,United States,San Francisco,California,94122.0,  West  ,OFF-BI-10001191,office supplies,Binders,Canvas Sectional Post Binders,$ 40.74,2,0.2,$ 14.77
4784,US-2017-147984,01/28/2017,2/1/2017,Standard Class,GB-14575,Giulietta Baptist,Consumer,United States,Wichita,Kansas,67212.0,central,OFF-PA-10000806,Office Supplies,Paper,Xerox 1934,$ 279.90,5,0.0,137.151
5328,CA-2014-130813,Pending,1/8/2014,second class,LS-17230,Lycoris Saunders,Consumer,United States,Los Angeles,California,90049.0,West,OFF-PA-10002005,  Office Supplies  ,Paper,Xerox 225,19.44,3,0.0,9.33 USD
3019,US-2016-160528,23-Aug-2016,8/30/2016,standard class,MH-18115,Mick Hernandez,home office,United States,Pharr,Texas,78577.0,Central,TEC-AC-10002842,  Technology  ,Accessories,WD My Passport Ultra 2TB Portable External Hard Drive,666.40 USD,7,0.2,-33.32
2719,CA-2017-144827,12/21/2017,12/27/2017,STANDARD CLASS,SE-20110,Sanjit Engle,Consumer,United States,Costa Mesa,California,92627.0,West,OFF-ST-10004340,  Office Supplies  ,Storage,"Fellowes Mobile File Cart, Black",  $124.36  ,2,0.0,33.5772
8650,CA-2016-164574,2016-07-29,8/3/2016,  Standard Class  ,RH-19555,Ritsa Hightower,consumer,United States,Charlotte,North Carolina,28205.0,  South  ,OFF-BI-10002429,office supplies,Binders,"Premier Elliptical Ring Binder, Black",27.40 USD,3,0.7,-20.0904
6818,CA-2014-144414,2014/06/17 00:00:00,6/21/2014,standard class,GH-14425,Gary Hwang,Consumer,United States,Seattle,Washington,98105.0,West,OFF-BI-10004995,  Office Supplies  ,Binders,GBC DocuBind P400 Electric Binding System,3266.376,3,0.2,"1,061.57 USD"
9942,CA-2017-164028,11/24/2017,11/30/2017,Standard Class,JL-15835,John Lee,  Consumer  ,United States,San Francisco,California,94122.0,West,TEC-AC-10001772,  Technology  ,Accessories,Memorex Mini Travel Drive 16 GB USB 2.0 Flash Drive,  $223.58  ,14,0.0,$ 87.20
9078,US-2014-124625,11/03/2014,11/7/2014,Standard Class,SP-20650,Stephanie Phelps,CORPORATE,United States,Omaha,Nebraska,68104.0,central,TEC-AC-10003280,TECHNOLOGY,Accessories,Belkin F8E887 USB Wired Ergonomic Keyboard,89.97,3,0.0,  $18.89  
5122,CA-2014-149538,04/04/2014,4/8/2014,Standard Class,KB-16585,Ken Black,Corporate,United States,Lafayette,Louisiana,70506.0,  South  ,TEC-AC-10002926,TECHNOLOGY,Accessories,Logitech Wireless Marathon Mouse M705,$ 99.98,2,0.0,42.9914
3835,CA-2014-105984,24-Nov-2014,11/24/2014,Same Day,MY-18295,Muhammed Yedwab,CORPORATE,United States,Columbus,Ohio,43229.0,East,FUR-CH-10000847,  Furniture  ,Chairs,Global Executive Mid-Back Manager's Chair,611.058,3,0.3,-34.9176
2683,CA-2017-127026,01/21/2017,1/27/2017,STANDARD CLASS,MH-18115,Mick Hernandez,HOME OFFICE,United States,Jackson,Michigan,49201.0,central,TEC-MA-10002981,technology,Machines,I.R.I.S IRISCard Anywhere 5 Card Scanner,N/A,3,0.1,N/A
9669,CA-2016-126270,2016-04-23,4/27/2016,Standard Class,AF-10870,Art Ferguson,consumer,United States,San Clemente,California,92672.0,west,OFF-EN-10004386,Office Supplies,Envelopes,"Recycled Interoffice Envelopes with String and Button Closure, 10 x 13",$ 71.97,3,0.0,35.985
6389,CA-2014-134103,30-Jan-2014,2/4/2014,STANDARD CLASS,MV-18190,Mike Vittorini,consumer,United States,Detroit,Michigan,48234.0,  Central  ,OFF-ST-10000991,Office Supplies,Storage,Space Solutions HD Industrial Steel Shelving.,229.94,2,0.0,  $6.90  
3134,CA-2014-107916,2014-08-24,8/26/2014,First Class,JP-15460,Jennifer Patt,corporate,United States,Oceanside,New York,11572.0,east,OFF-BI-10001116,Office Supplies,Binders,"Wilson Jones 1"" Hanging DublLock Ring Binders",12.672,3,0.2,N/A
8741,CA-2016-102498,2016-07-24,7/25/2016,  First Class  ,JG-15160,James Galang,  Consumer  ,United States,Lafayette,Louisiana,70506.0,SOUTH,OFF-AR-10004456,Office Supplies,Art,Panasonic KP-4ABK Battery-Operated Pencil Sharpener,73.2,5,0.0,-
219,CA-2016-130162,10/28/2016,11/1/2016,Standard Class,JH-15910,Jonathan Howell,Consumer,United States,Los Angeles,California,90032.0,WEST,TEC-PH-10002563,technology,Phones,Adtran 1202752G1,302.376,3,0.2,$ 22.68
4803,US-2016-148901,05/14/2016,5/19/2016,Standard Class,MK-17905,Michael Kennedy,Corporate,United States,Jacksonville,Florida,32216.0,South,OFF-BI-10002309,OFFICE SUPPLIES,Binders,Avery Heavy-Duty EZD  Binder With Locking Rings,13.392,8,0.7,-9.82 USD
3861,CA-2017-154039,Pending,2/22/2017,Standard Class,JK-16120,Julie Kriz,  Home Office  ,United States,Chicago,Illinois,60653.0,Central,TEC-PH-10002789,Technology,Phones,LG Exalt,$ 124.79,1,0.2,$ 10.92
4455,CA-2016-147137,04-Jul-2016,7/6/2016,  First Class  ,AA-10645,Anna Andreadi,consumer,United States,San Francisco,California,94109.0,West,OFF-ST-10002486,Office Supplies,Storage,Eldon Shelf Savers Cubes and Bins,27.92,4,0.0,0.56 USD
2544,US-2016-114174,08-Sep-2016,9/14/2016,  Standard Class  ,AP-10720,Anne Pryor,HOME OFFICE,United States,Malden,Massachusetts,2148.0,East,FUR-BO-10003450,  Furniture  ,Bookcases,"Bush Westfield Collection Bookcases, Dark Cherry Finish",173.94,3,0.0,13.9152
2865,US-2017-103828,08/13/2017,8/13/2017,SAME DAY,JK-15370,Jay Kimmel,CONSUMER,United States,San Francisco,California,,West,OFF-AP-10004249,Office Supplies,Appliances,Staple holder,83.79 USD,7,0.0,  $22.62  
1245,CA-2017-133641,14-May-2017,5/21/2017,Standard Class,EJ-14155,,CONSUMER,United States,Gulfport,Mississippi,39503.0,south,OFF-EN-10004955,OFFICE SUPPLIES,Envelopes,Fashion Color Clasp Envelopes,48.69,9,0.0,23.8581
421,CA-2017-110478,03/04/2017,3/9/2017,Standard Class,SP-20860,,Corporate,United States,Los Angeles,California,90045.0,WEST,OFF-EN-10000483,office supplies,Envelopes,"White Envelopes, White Envelopes with Clear Poly Window",15.25 USD,1,0.0,N/A
6216,CA-2015-161711,11/28/2015,12/3/2015,Standard Class,MC-17425,Mark Cousins,  Corporate  ,United States,New York City,New York,10035.0,  East  ,FUR-FU-10000087,FURNITURE,Furnishings,"Executive Impressions 14"" Two-Color Numerals Wall Clock",68.16 USD,3,0.0,$ 27.95
2059,CA-2017-120376,2017-12-22,12/25/2017,  First Class  ,TP-21130,Theone Pippenger,Consumer,United States,Detroit,Michigan,48227.0,central,FUR-TA-10004534,  Furniture  ,Tables,Bevis 44 x 96 Conference Tables,$ 411.80,2,0.0,N/A
8488,CA-2017-124716,2017-03-27,3/31/2017,STANDARD CLASS,BD-11560,Brendan Dodson,Home Office,United States,Fresno,California,,West,OFF-PA-10000859,OFFICE SUPPLIES,Paper,Unpadded Memo Slips,11.94,3,0.0,5.97
6423,CA-2014-159121,07/26/2014,8/1/2014,standard class,JO-15145,Jack O'Briant,Corporate,United States,Draper,Utah,84020.0,  West  ,TEC-AC-10002006,technology,Accessories,Memorex Micro Travel Drive 16 GB,  $111.93  ,7,0.0,$ 34.70
3545,CA-2017-121216,23-Dec-2017,12/25/2017,  Second Class  ,MM-17920,Michael Moore,CONSUMER,United States,College Station,Texas,,Central,OFF-PA-10004519,OFFICE SUPPLIES,Paper,Spiral Phone Message Books with Labels by Adams,28.672,8,0.2,$ 10.39
4505,US-2014-138247,2014-12-24,12/29/2014,  Standard Class  ,BF-11170,Ben Ferrer,Home Office,United States,Los Angeles,California,90045.0,West,OFF-AP-10000828,OFFICE SUPPLIES,Appliances,Avanti 4.4 Cu. Ft. Refrigerator,$ 361.96,2,0.0,101.3488
1167,CA-2015-125416,02-Nov-2015,11/2/2015,Same Day,KC-16540,Kelly Collister,Consumer,United States,Seattle,Washington,,West,TEC-AC-10001552,  Technology  ,Accessories,Logitech K350 2.4Ghz Wireless Keyboard,$ 447.93,9,0.0,$ 49.27
255,US-2015-159982,2015-11-28,12/4/2015,Standard Class,DR-12880,Dan Reichenbach,  Corporate  ,United States,Chicago,Illinois,60623.0,Central,FUR-FU-10002505,furniture,Furnishings,Eldon 100 Class Desk Accessories,12.132,9,0.6,  $-8.49  
416,CA-2017-142636,11/03/2017,11/7/2017,STANDARD CLASS,KC-16675,Kimberly Carter,Corporate,United States,Seattle,Washington,98105.0,WEST,FUR-CH-10001891,furniture,Chairs,Global Deluxe Office Fabric Chairs,$ 307.14,4,0.2,  $26.87  
9170,CA-2016-140571,2016-03-15,3/19/2016,STANDARD CLASS,SJ-20125,Sanjit Jacobs,Home Office,United States,Jackson,Mississippi,39212.0,south,OFF-PA-10001954,Office Supplies,Paper,Xerox 1964,45.68,2,0.0,21.0128
7967,CA-2015-138219,03/23/2015,3/30/2015,STANDARD CLASS,BP-11095,Bart Pistole,corporate,United States,Los Angeles,California,90049.0,west,OFF-PA-10000380,  Office Supplies  ,Paper,"REDIFORM Incoming/Outgoing Call Register, 11"" X 8 1/2"", 100 Messages",33.36,4,0.0,N/A
7736,US-2016-106313,2016-08-22,8/26/2016,Standard Class,DG-13300,Deirdre Greer,CORPORATE,United States,Seattle,Washington,,west,OFF-PA-10001870,Office Supplies,Paper,Xerox 202,19.44 USD,3,0.0,$ 9.33
760,CA-2017-133333,09/18/2017,9/22/2017,Standard Class,BF-11020,Barry Französisch,CORPORATE,United States,Green Bay,Wisconsin,54302.0,CENTRAL,OFF-PA-10002377,Office Supplies,Paper,"Adams Telephone Message Book W/Dividers/Space For Phone Numbers, 5 1/4""X8 1/2"", 200/Messages",22.72 USD,4,0.0,$ 10.22
1386,US-2016-108504,05-Feb-2016,2/5/2016,Same Day,PP-18955,Paul Prost,home office,United States,Smyrna,Georgia,30080.0,south,FUR-FU-10004091,FURNITURE,Furnishings,"Eldon 200 Class Desk Accessories, Black",18.84 USD,3,0.0,$ 7.16
655,CA-2016-137239,22-Aug-2016,8/28/2016,  Standard Class  ,CR-12730,Craig Reiter,CONSUMER,United States,Columbus,Ohio,43229.0,East,OFF-AP-10002439,  Office Supplies  ,Appliances,Tripp Lite Isotel 8 Ultra 8 Outlet Metal Surge,113.552,2,0.2,  $8.52  
1202,CA-2016-114727,18-Jul-2016,7/24/2016,STANDARD CLASS,LS-16945,Linda Southworth,Corporate,United States,Denver,Colorado,,  West  ,OFF-BI-10004967,Office Supplies,Binders,Round Ring Binders,$ 1.87,3,0.7,-1.44 USD
2414,CA-2014-151295,2014-11-12,11/16/2014,Standard Class,JA-15970,Joseph Airdo,  Consumer  ,United States,Los Angeles,California,90045.0,West,FUR-TA-10002356,furniture,Tables,Bevis Boat-Shaped Conference Table,  $629.06  ,3,0.2,N/A
7638,CA-2017-104885,03/02/2017,3/8/2017,Standard Class,DB-13555,Dorothy Badders,  Corporate  ,United States,Newark,Delaware,19711.0,EAST,OFF-AR-10001615,office supplies,Art,Newell 34,$ 59.52,3,0.0,15.4752
4272,CA-2016-123806,2016-11-24,11/27/2016,Second Class,LA-16780,Laura Armstrong,CORPORATE,United States,Baltimore,Maryland,21215.0,East,FUR-FU-10000965,furniture,Furnishings,"Howard Miller 11-1/2"" Diameter Ridgewood Wall Clock",207.76 USD,4,0.0,85.1816
5285,CA-2014-133424,2014-03-30,4/4/2014,Standard Class,Dl-13600,Dorris liebe,corporate,United States,Seattle,Washington,98105.0,WEST,OFF-LA-10002312,Office Supplies,Labels,Avery 490,$ 44.40,3,0.0,-
9916,CA-2017-160927,2017-01-29,1/31/2017,Second Class,TM-21010,Tamara Manning,consumer,United States,Marion,Iowa,52302.0,CENTRAL,OFF-PA-10000176,office supplies,Paper,Xerox 1887,-,5,0.0,45.528
2831,CA-2016-124149,04/23/2016,4/26/2016,First Class,MJ-17740,Max Jones,Consumer,United States,Lancaster,Ohio,43130.0,  East  ,OFF-PA-10002923,Office Supplies,Paper,Xerox 1942,78.304,2,0.2,$ 29.36
3470,CA-2015-100888,06-Apr-2015,4/10/2015,Standard Class,MH-17455,Mark Hamilton,Consumer,United States,Jacksonville,North Carolina,28540.0,south,OFF-PA-10001019,OFFICE SUPPLIES,Paper,Xerox 1884,  $47.95  ,3,0.2,16.18 USD
329,US-2016-141544,08/30/2016,9/1/2016,first class,PO-18850,Patrick O'Brill,consumer,United States,Philadelphia,Pennsylvania,19143.0,  East  ,FUR-CH-10003312,  Furniture  ,Chairs,Hon 2090 “Pillow Soft” Series Mid Back Swivel/Tilt Chairs,-,4,0.3,-258.50 USD
4266,US-2016-131611,11/05/2016,11/9/2016,STANDARD CLASS,EP-13915,Emily Phan,Consumer,United States,Houston,Texas,77036.0,  Central  ,OFF-BI-10004364,  Office Supplies  ,Binders,Storex Dura Pro Binders,$ 3.56,3,0.8,-6.237
5984,CA-2017-112984,2017/09/16 00:00:00,9/18/2017,second class,EH-14185,Evan Henry,Consumer,United States,Philadelphia,Pennsylvania,19143.0,  East  ,OFF-PA-10003657,  Office Supplies  ,Paper,Xerox 1927,20.54 USD,6,0.2,6.42 USD
4388,CA-2016-156811,2016-10-27,11/2/2016,STANDARD CLASS,BP-11095,Bart Pistole,CORPORATE,United States,San Francisco,California,94122.0,West,OFF-BI-10001628,Office Supplies,Binders,"Acco Data Flex Cable Posts For Top & Bottom Load Binders, 6"" Capacity",N/A,3,0.2,$ 7.82
2064,CA-2014-106439,10/31/2014,11/4/2014,standard class,GG-14650,Greg Guthrie,corporate,United States,Los Angeles,California,90049.0,WEST,OFF-BI-10004209,  Office Supplies  ,Binders,"Fellowes Twister Kit, Gray/Clear, 3/pkg",19.296,3,0.2,6.03
6559,CA-2015-166947,2015/06/05 00:00:00,6/10/2015,Standard Class,EB-13750,Edward Becker,CORPORATE,United States,Buffalo,New York,,east,FUR-CH-10004997,  Furniture  ,Chairs,Hon Every-Day Series Multi-Task Chairs,1522.638,9,0.1,$ 169.18
8388,CA-2015-149601,2015-05-28,6/3/2015,STANDARD CLASS,TB-21625,Trudy Brown,CONSUMER,United States,Manchester,Connecticut,6040.0,East,OFF-ST-10001328,office supplies,Storage,"Personal Filing Tote with Lid, Black/Gray",77.55 USD,5,0.0,21.714
9511,CA-2016-105263,08/06/2016,8/11/2016,  Standard Class  ,LM-17065,Liz MacKendrick,CONSUMER,United States,New York City,New York,10024.0,East,OFF-AR-10002399,office supplies,Art,"Dixon Prang Watercolor Pencils, 10-Color Set with Brush",38.34 USD,9,0.0,15.72 USD
4827,US-2017-136707,2017-11-12,11/15/2017,first class,JE-15610,Jim Epp,Corporate,United States,Los Angeles,California,90036.0,  West  ,OFF-BI-10003460,Office Supplies,Binders,Acco 3-Hole Punch,14.016,4,0.2,4.9056
8606,US-2016-116365,03-Jan-2016,1/8/2016,standard class,CA-12310,Christine Abelman,corporate,United States,San Antonio,Texas,78207.0,CENTRAL,TEC-PH-10002890,technology,Phones,AT&T 17929 Lendline Telephone,180.96,5,0.2,$ 13.57
1282,CA-2017-122154,2017/04/09 00:00:00,4/11/2017,FIRST CLASS,SA-20830,Sue Ann Reed,consumer,United States,Jacksonville,Florida,32216.0,  South  ,OFF-LA-10000121,  Office Supplies  ,Labels,Avery 48,$ 15.12,3,0.2,4.91 USD
8617,CA-2016-165918,09/10/2016,9/14/2016,  Standard Class  ,BD-11770,Bryan Davis,Consumer,United States,Edmonds,Washington,98026.0,  West  ,OFF-PA-10000100,OFFICE SUPPLIES,Paper,Xerox 1945,81.98 USD,2,0.0,  $40.17  
2637,CA-2015-162369,2015-08-15,8/19/2015,  Standard Class  ,TT-21265,Tim Taslimi,corporate,United States,Los Angeles,California,90045.0,west,OFF-ST-10000046,OFFICE SUPPLIES,Storage,Fellowes Super Stor/Drawer Files,323.1,2,0.0,$ 61.39
3321,CA-2014-134551,2014/12/20 00:00:00,12/25/2014,  Standard Class  ,TS-21505,Tony Sayre,CONSUMER,United States,Columbia,Tennessee,38401.0,South,FUR-CH-10004287,Furniture,Chairs,SAFCO Arco Folding Chair,662.88 USD,3,0.2,74.574
6425,CA-2017-115777,2017-08-19,8/24/2017,  Standard Class  ,DO-13645,Doug O'Connell,Consumer,United States,Lawrence,Massachusetts,1841.0,east,OFF-PA-10000552,office supplies,Paper,Xerox 200,19.44,3,0.0,9.33 USD
4477,CA-2017-121300,29-Sep-2017,9/29/2017,Same Day,MG-17680,Maureen Gastineau,home office,United States,Mentor,Ohio,44060.0,EAST,OFF-PA-10002606,  Office Supplies  ,Paper,Xerox 1928,8.448,2,0.2,2.64
7589,CA-2017-122945,11/16/2017,11/22/2017,STANDARD CLASS,MB-18085,Mick Brown,Consumer,United States,Roseville,California,95661.0,West,FUR-FU-10001196,furniture,Furnishings,DAX Cubicle Frames - 8x10,$ 17.31,3,0.0,5.193
3786,CA-2017-112487,2017-12-26,12/30/2017,  Standard Class  ,TC-21535,,home office,United States,Columbus,Ohio,43229.0,  East  ,OFF-BI-10000494,office supplies,Binders,Acco Economy Flexible Poly Round Ring Binder,3.13 USD,2,0.7,$ -2.61
2664,CA-2016-164784,2016/05/01 00:00:00,5/4/2016,First Class,HF-14995,Herbert Flentye,Consumer,United States,Memphis,Tennessee,38109.0,South,OFF-LA-10001569,OFFICE SUPPLIES,Labels,Avery 499,$ 3.98,1,0.2,1.2948
8277,US-2016-139262,Pending,2/25/2016,Standard Class,LC-16960,Lindsay Castell,Home Office,United States,Tampa,Florida,33614.0,South,OFF-BI-10003727,Office Supplies,Binders,Avery Durable Slant Ring Binders With Label Holder,3.76 USD,3,0.7,$ -2.76
1283,CA-2017-122154,2017-04-09,4/11/2017,FIRST CLASS,SA-20830,,Consumer,United States,Jacksonville,Florida,32216.0,SOUTH,OFF-BI-10002026,office supplies,Binders,Avery Arch Ring Binders,17.43,1,0.7,-13.36 USD
3471,US-2016-150035,12/01/2016,12/5/2016,STANDARD CLASS,CL-11890,Carl Ludwig,Consumer,United States,San Francisco,California,94122.0,WEST,FUR-FU-10003724,Furniture,Furnishings,Westinghouse Clip-On Gooseneck Lamps,16.74,2,0.0,$ 4.35
1363,CA-2017-125199,19-Oct-2017,10/25/2017,  Standard Class  ,HM-14860,Harry Marie,CORPORATE,United States,Philadelphia,Pennsylvania,19120.0,east,TEC-PH-10001336,  Technology  ,Phones,Digium D40 VoIP phone,309.58 USD,4,0.4,$ -56.76
1438,CA-2015-139731,15-Oct-2015,10/15/2015,Same Day,JE-15745,Joel Eaton,  Consumer  ,United States,Amarillo,Texas,79109.0,CENTRAL,TEC-AC-10004975,TECHNOLOGY,Accessories,Plantronics Audio 995 Wireless Stereo Headset,263.88 USD,3,0.2,  $42.88  
9623,CA-2014-115133,2014/09/26 00:00:00,9/30/2014,Standard Class,DA-13450,Dianna Arnett,Home Office,United States,Lancaster,Ohio,43130.0,EAST,OFF-PA-10000174,OFFICE SUPPLIES,Paper,"Message Book, Wirebound, Four 5 1/2"" X 4"" Forms/Pg., 200 Dupl. Sets/Book",32.896,4,0.2,11.1024
9505,CA-2016-113607,2016-10-14,10/18/2016,  Standard Class  ,PW-19030,Pauline Webber,Corporate,United States,New York City,New York,10009.0,  East  ,TEC-PH-10004094,  Technology  ,Phones,Motorola L703CM,"$ 1,091.93",7,0.0,-
57,CA-2016-111682,17-Jun-2016,6/18/2016,FIRST CLASS,TB-21055,Ted Butterfield,consumer,United States,Troy,New York,12180.0,East,OFF-PA-10001569,Office Supplies,Paper,Xerox 232,32.40 USD,5,0.0,15.552
5129,CA-2014-160766,09/14/2014,9/14/2014,same day,DM-13015,Darrin Martin,CONSUMER,United States,New York City,New York,10009.0,east,TEC-PH-10001536,  Technology  ,Phones,Spigen Samsung Galaxy S5 Case Wallet,  $16.99  ,1,0.0,4.4174
8474,CA-2015-169733,10/22/2015,10/26/2015,second class,GM-14500,Gene McClure,Consumer,United States,Hollywood,Florida,33021.0,SOUTH,OFF-ST-10000876,Office Supplies,Storage,Eldon Simplefile Box Office,-,1,0.2,0.9952
5119,CA-2015-127173,2015-09-26,10/3/2015,Standard Class,GM-14500,,  Consumer  ,United States,Oceanside,New York,11572.0,East,TEC-MA-10002859,TECHNOLOGY,Machines,Ativa MDM8000 8-Sheet Micro-Cut Shredder,629.93 USD,7,0.0,N/A
1845,US-2017-113852,2017/07/29 00:00:00,8/2/2017,Standard Class,GW-14605,Giulietta Weimer,Consumer,United States,Seattle,Washington,98115.0,West,TEC-AC-10003027,Technology,Accessories,Imation 8GB Mini TravelDrive USB 2.0 Flash Drive,90.57 USD,3,0.0,$ 11.77
3062,CA-2017-127621,2017-03-03,3/7/2017,Standard Class,RE-19450,Richard Eichhorn,  Consumer  ,United States,Dallas,Texas,75081.0,  Central  ,OFF-PA-10001307,Office Supplies,Paper,"Important Message Pads, 50 4-1/4 x 5-1/2 Forms per Pad",$ 26.88,8,0.2,$ 9.74
8725,US-2016-135209,29-Dec-2016,12/31/2016,second class,MH-17290,Marc Harrigan,HOME OFFICE,United States,Miami,Florida,33178.0,south,OFF-PA-10000143,OFFICE SUPPLIES,Paper,Astroparche Fine Business Paper,25.34 USD,6,0.2,$ 8.87
6498,CA-2015-103135,2015/07/24 00:00:00,7/28/2015,STANDARD CLASS,SS-20515,Shirley Schmidt,home office,United States,Louisville,Kentucky,40214.0,South,FUR-FU-10001487,  Furniture  ,Furnishings,"Eldon Expressions Wood and Plastic Desk Accessories, Cherry Wood",20.94 USD,3,0.0,N/A
2881,CA-2016-102932,09/19/2016,9/23/2016,Second Class,SD-20485,Shirley Daniels,Home Office,United States,Orange,New Jersey,7050.0,East,OFF-BI-10000756,office supplies,Binders,Storex DuraTech Recycled Plastic Frosted Binders,25.44,6,0.0,12.72
1744,CA-2017-152807,Pending,11/3/2017,Standard Class,MC-18100,Mick Crebagga,CONSUMER,United States,Philadelphia,Pennsylvania,19140.0,EAST,OFF-ST-10002486,  Office Supplies  ,Storage,Eldon Shelf Savers Cubes and Bins,N/A,2,0.2,N/A
9893,US-2016-115441,2016-07-25,7/28/2016,  Second Class  ,SH-19975,Sally Hughsby,corporate,United States,Milwaukee,Wisconsin,53209.0,  Central  ,TEC-PH-10002262,Technology,Phones,LG Electronics Tone+ HBS-730 Bluetooth Headset,297.55,5,0.0,  $83.31  
4964,CA-2014-156587,2014/03/07 00:00:00,3/8/2014,FIRST CLASS,AB-10015,Aaron Bergman,Consumer,United States,Seattle,Washington,98103.0,  West  ,OFF-ST-10002344,Office Supplies,Storage,"Carina 42""Hx23 3/4""W Media Storage Unit",  $242.94  ,3,0.0,4.8588
7697,CA-2017-107958,2017-07-02,7/5/2017,FIRST CLASS,AH-10120,Adrian Hane,  Home Office  ,United States,Houston,Texas,77036.0,central,OFF-BI-10001787,office supplies,Binders,Wilson Jones Four-Pocket Poly Binders,  $5.23  ,4,0.8,-8.1096
7659,CA-2017-155740,30-Jul-2017,8/2/2017,FIRST CLASS,TC-21475,Tony Chapman,  Home Office  ,United States,Lakewood,Ohio,44107.0,east,OFF-BI-10001071,Office Supplies,Binders,GBC ProClick Punch Binding System,76.776,4,0.7,-
741,CA-2014-112326,2014-01-04,1/8/2014,Standard Class,PO-19195,Phillina Ober,Home Office,United States,Naperville,Illinois,60540.0,CENTRAL,OFF-ST-10002743,OFFICE SUPPLIES,Storage,SAFCO Boltless Steel Shelving,$ 272.74,3,0.2,-64.77 USD
9060,CA-2016-132304,14-Jun-2016,6/18/2016,Standard Class,AR-10825,Anthony Rawles,Corporate,United States,Seattle,Washington,98103.0,west,FUR-TA-10004619,Furniture,Tables,Hon Non-Folding Utility Tables,"1,115.17 USD",7,0.0,334.551
1625,CA-2015-157084,12/19/2015,12/24/2015,STANDARD CLASS,JG-15160,James Galang,Consumer,United States,Los Angeles,California,90049.0,West,TEC-PH-10002922,technology,Phones,ShoreTel ShorePhone IP 230 VoIP phone,675.96,5,0.2,$ 84.50
525,US-2016-139486,2016-05-21,5/23/2016,  First Class  ,LH-17155,Logan Haushalter,  Consumer  ,United States,Los Angeles,California,90032.0,west,TEC-AC-10003832,technology,Accessories,Imation 16GB Mini TravelDrive USB 2.0 Flash Drive,66.26,2,0.0,27.1666
6577,CA-2017-123085,03-Mar-2017,3/8/2017,  Standard Class  ,EJ-13720,Ed Jacobs,Consumer,United States,Los Angeles,California,90008.0,West,FUR-CH-10003968,  Furniture  ,Chairs,Novimex Turbo Task Chair,170.352,3,0.2,$ -17.04
4304,CA-2016-121601,2016-10-04,10/4/2016,Same Day,MO-17500,Mary O'Rourke,consumer,United States,The Colony,Texas,75056.0,Central,OFF-EN-10003862,office supplies,Envelopes,Laser & Ink Jet Business Envelopes,59.75 USD,7,0.2,$ 19.42
7293,CA-2017-109183,2017-12-04,12/9/2017,STANDARD CLASS,LR-16915,Lena Radford,CONSUMER,United States,Nashville,Tennessee,37211.0,SOUTH,TEC-MA-10001856,Technology,Machines,Okidata C610n Printer,  $649.00  ,2,0.5,-272.58
6999,US-2016-134369,16-Sep-2016,9/22/2016,  Standard Class  ,BC-11125,Becky Castell,Home Office,United States,Laguna Niguel,California,92677.0,west,OFF-PA-10002195,Office Supplies,Paper,Xerox 1966,12.96,2,0.0,6.35 USD
3195,CA-2014-165428,09/01/2014,9/4/2014,  First Class  ,JL-15130,Jack Lebron,Consumer,United States,Houston,Texas,77036.0,Central,OFF-PA-10004100,OFFICE SUPPLIES,Paper,Xerox 216,$ 31.10,6,0.2,10.8864
436,US-2014-150574,Pending,12/25/2014,Standard Class,MK-18160,Mike Kennedy,  Consumer  ,United States,Jacksonville,Florida,32216.0,  South  ,TEC-AC-10002600,technology,Accessories,Belkin QODE FastFit Bluetooth Keyboard,$ 247.80,5,0.2,-
2955,CA-2017-134915,12-Nov-2017,11/12/2017,SAME DAY,EM-14140,Eugene Moren,Home Office,United States,Glendale,Arizona,85301.0,West,TEC-PH-10001459,TECHNOLOGY,Phones,Samsung Galaxy Mega 6.3,671.984,2,0.2,$ 50.40
309,CA-2017-126774,2017-04-15,4/17/2017,First Class,SH-20395,Shahid Hopkins,consumer,United States,Arlington,Virginia,22204.0,south,OFF-AR-10002804,  Office Supplies  ,Art,Faber Castell Col-Erase Pencils,4.89,1,0.0,N/A
1566,CA-2015-132101,03/19/2015,3/25/2015,  Standard Class  ,JO-15550,Jesus Ocampo,Home Office,United States,Seattle,Washington,98105.0,West,TEC-PH-10004539,technology,Phones,Wireless Extenders zBoost YX545 SOHO Signal Booster,453.576,3,0.2,39.6879
2632,US-2017-110604,15-May-2017,5/20/2017,  Standard Class  ,JF-15295,Jason Fortune-,  Consumer  ,United States,Seattle,Washington,98103.0,  West  ,FUR-FU-10000076,Furniture,Furnishings,24-Hour Round Wall Clock,$ 39.96,2,0.0,17.1828
5764,CA-2015-162047,03-Nov-2015,11/5/2015,First Class,FH-14365,Fred Hopkins,  Corporate  ,United States,Long Beach,New York,11561.0,EAST,FUR-CH-10004983,Furniture,Chairs,Office Star - Mid Back Dual function Ergonomic High Back Chair with 2-Way Adjustable Arms,1448.82,10,0.1,209.274
9035,CA-2015-148873,2015-10-01,10/5/2015,standard class,EM-13960,Eric Murdock,Consumer,United States,Quincy,Illinois,62301.0,central,OFF-BI-10003196,  Office Supplies  ,Binders,Accohide Poly Flexible Ring Binders,$ 2.99,4,0.8,-4.488
402,CA-2016-108987,2016/09/08 00:00:00,9/10/2016,Second Class,AG-10675,Anna Gayman,CONSUMER,United States,Houston,Texas,77036.0,central,TEC-AC-10000158,Technology,Accessories,Sony 64GB Class 10 Micro SDHC R40 Memory Card,57.58 USD,2,0.2,  $0.72  
8105,CA-2015-149846,2015/05/22 00:00:00,5/26/2015,Standard Class,SB-20185,Sarah Brown,consumer,United States,Los Angeles,California,90045.0,west,TEC-PH-10003645,Technology,Phones,Aastra 57i VoIP phone,$ 775.73,6,0.2,58.1796
882,CA-2015-129098,2015/10/09 00:00:00,10/13/2015,  Standard Class  ,DK-13090,Dave Kipp,CONSUMER,United States,Springfield,Virginia,22153.0,  South  ,OFF-ST-10001321,Office Supplies,Storage,"Decoflex Hanging Personal Folder File, Blue",$ 30.84,2,0.0,$ 8.33
9728,CA-2017-167395,2017/12/02 00:00:00,12/4/2017,  First Class  ,KM-16720,Kunst Miller,CONSUMER,United States,Lowell,Massachusetts,1852.0,East,TEC-PH-10004977,Technology,Phones,GE 30524EE4,N/A,5,0.0,284.1855
8271,CA-2017-121790,30-Jan-2017,2/6/2017,standard class,LP-17095,Liz Preis,  Consumer  ,United States,Aurora,Illinois,60505.0,central,OFF-AR-10003602,OFFICE SUPPLIES,Art,"Quartet Omega Colored Chalk, 12/Pack",9.344,2,0.2,$ 3.15
5027,US-2017-130953,2017-07-29,8/3/2017,Standard Class,RF-19735,Roland Fjeld,Consumer,United States,Oklahoma City,Oklahoma,73120.0,Central,OFF-AP-10002311,OFFICE SUPPLIES,Appliances,"Holmes Replacement Filter for HEPA Air Cleaner, Very Large Room, HEPA Filter",137.62,2,0.0,60.5528
8401,CA-2015-110814,2015/12/05 00:00:00,12/9/2015,  Second Class  ,BD-11635,Brian Derr,CONSUMER,United States,New York City,New York,10009.0,East,OFF-BI-10002026,  Office Supplies  ,Binders,Avery Arch Ring Binders,232.40 USD,5,0.2,$ 78.44
4813,CA-2016-121370,2016-11-14,11/19/2016,  Second Class  ,EB-14110,Eugene Barchas,  Consumer  ,United States,Philadelphia,Pennsylvania,19134.0,  East  ,TEC-CO-10004115,  Technology  ,Copiers,Sharp AL-1530CS Digital Copier,"1,199.98 USD",4,0.4,179.9964
9538,CA-2016-148747,09/25/2016,9/27/2016,  First Class  ,AS-10045,Aaron Smayling,CORPORATE,United States,San Francisco,California,94110.0,West,FUR-BO-10002613,FURNITURE,Bookcases,"Atlantic Metals Mobile 4-Shelf Bookcases, Custom Colors",477.666,2,0.15,84.29 USD
5545,CA-2016-134936,19-Dec-2016,12/25/2016,Standard Class,ES-14080,Erin Smith,CORPORATE,United States,Tucson,Arizona,85705.0,west,OFF-BI-10002103,Office Supplies,Binders,"Cardinal Slant-D Ring Binder, Heavy Gauge Vinyl",5.21 USD,2,0.7,-4.1712
289,CA-2016-112697,12/18/2016,12/20/2016,second class,AH-10195,Alan Haines,CORPORATE,United States,Tamarac,Florida,33319.0,south,OFF-SU-10000646,Office Supplies,Supplies,Premier Automatic Letter Opener,961.48,5,0.2,-204.3145
8529,CA-2017-161172,16-Mar-2017,3/16/2017,same day,SP-20920,Susan Pistek,Consumer,United States,Columbus,Ohio,43229.0,East,OFF-ST-10000675,  Office Supplies  ,Storage,"File Shuttle II and Handi-File, Black",$ 54.22,2,0.2,3.389
8319,CA-2017-130904,04/11/2017,4/16/2017,STANDARD CLASS,HM-14980,Henry MacAllister,Consumer,United States,Burlington,North Carolina,27217.0,South,OFF-AR-10000127,office supplies,Art,Newell 321,20.992,8,0.2,  $2.36  
2624,CA-2017-127180,2017-10-22,10/24/2017,FIRST CLASS,TA-21385,Tom Ashbrook,HOME OFFICE,United States,New York City,New York,10024.0,  East  ,TEC-CO-10004722,technology,Copiers,Canon imageCLASS 2200 Advanced Copier,11199.968,4,0.2,3919.9888
6898,CA-2017-122028,18-Aug-2017,8/25/2017,standard class,CK-12205,Chloris Kastensmidt,Consumer,United States,Lakewood,Ohio,44107.0,  East  ,OFF-BI-10004817,Office Supplies,Binders,GBC Personal VeloBind Strips,$ 10.78,3,0.7,-
477,CA-2014-144666,Pending,11/11/2014,second class,JP-15520,Jeremy Pistek,CONSUMER,United States,San Francisco,California,94110.0,West,OFF-PA-10003465,OFFICE SUPPLIES,Paper,Xerox 1912,94.85,5,0.0,$ 45.53
7014,CA-2017-141201,12/09/2017,12/11/2017,Second Class,DB-12910,Daniel Byrd,home office,United States,Salinas,California,93905.0,west,FUR-BO-10001519,  Furniture  ,Bookcases,O'Sullivan 3-Shelf Heavy-Duty Bookcases,$ 148.26,3,0.15,  $15.70  
9146,CA-2015-126970,2015-09-20,9/24/2015,Standard Class,TP-21130,Theone Pippenger,Consumer,United States,Naperville,Illinois,,Central,OFF-BI-10000138,Office Supplies,Binders,Acco Translucent Poly Ring Binders,2.808,3,0.8,-4.49 USD
3747,CA-2016-149979,23-Sep-2016,9/28/2016,Second Class,RA-19915,Russell Applegate,Consumer,United States,Columbus,Georgia,31907.0,  South  ,FUR-CH-10002084,FURNITURE,Chairs,Hon Mobius Operator's Chair,368.97 USD,3,0.0,81.17 USD
3106,CA-2016-103037,07/25/2016,7/29/2016,Standard Class,KH-16630,Ken Heidel,CORPORATE,United States,Houston,Texas,77070.0,Central,OFF-LA-10004345,  Office Supplies  ,Labels,Avery 493,15.712,4,0.2,$ 5.70
2983,CA-2014-131310,2014/07/12 00:00:00,7/18/2014,  Standard Class  ,CL-12565,Clay Ludtke,consumer,United States,Seattle,Washington,98115.0,  West  ,OFF-BI-10003094,office supplies,Binders,Self-Adhesive Ring Binder Labels,$ 11.26,4,0.2,3.80 USD
738,CA-2017-131954,2017-01-21,1/25/2017,Standard Class,DS-13030,Darrin Sayre,Home Office,United States,Seattle,Washington,98115.0,WEST,OFF-BI-10000138,Office Supplies,Binders,Acco Translucent Poly Ring Binders,$ 18.72,5,0.2,N/A
3128,CA-2017-147564,2017-10-02,10/6/2017,Standard Class,BP-11155,Becky Pak,  Consumer  ,United States,New York City,New York,10011.0,East,OFF-PA-10004438,office supplies,Paper,Xerox 1907,$ 49.12,4,0.0,23.0864
7927,CA-2017-120404,20-Nov-2017,11/24/2017,Second Class,KH-16330,Katharine Harms,CORPORATE,United States,New York City,New York,10035.0,east,TEC-AC-10003433,technology,Accessories,Maxell 4.7GB DVD+R 5/Pack,N/A,3,0.0,1.3365
6540,CA-2015-109862,2015-10-25,10/30/2015,STANDARD CLASS,HK-14890,Heather Kirkland,CORPORATE,United States,Newark,Delaware,19711.0,East,FUR-CH-10002439,furniture,Chairs,"Iceberg Nesting Folding Chair, 19w x 6d x 43h",291.1,5,0.0,75.686
5398,CA-2016-145492,20-Nov-2016,11/27/2016,STANDARD CLASS,MC-17605,Matt Connell,Corporate,United States,Los Angeles,California,90004.0,  West  ,OFF-AP-10003622,OFFICE SUPPLIES,Appliances,"Bravo II Megaboss 12-Amp Hard Body Upright, Replacement Belts, 2 Belts per Pack",39.0,12,0.0,  $11.31  
7212,US-2016-119046,02-Jun-2016,6/6/2016,standard class,EH-13765,Edward Hooks,corporate,United States,Seattle,Washington,98115.0,WEST,OFF-BI-10001078,office supplies,Binders,"Acco PRESSTEX Data Binder with Storage Hooks, Dark Blue, 14 7/8"" X 11""",51.648,12,0.2,  $18.72  
5118,CA-2015-127173,2015-09-26,10/3/2015,Standard Class,GM-14500,Gene McClure,Consumer,United States,Oceanside,New York,11572.0,East,OFF-FA-10004854,OFFICE SUPPLIES,Fasteners,"Vinyl Coated Wire Paper Clips in Organizer Box, 800/Box",-,3,0.0,  $16.19  
4150,CA-2017-106068,10/23/2017,10/28/2017,Standard Class,RB-19330,Randy Bradley,Consumer,United States,Austin,Texas,78745.0,central,TEC-AC-10002942,Technology,Accessories,WD My Passport Ultra 1TB Portable External Hard Drive,55.2,1,0.2,-2.07 USD
7239,CA-2016-101651,Pending,12/30/2016,  Standard Class  ,SC-20305,Sean Christensen,CONSUMER,United States,San Jose,California,95123.0,WEST,FUR-FU-10000771,  Furniture  ,Furnishings,"Eldon 200 Class Desk Accessories, Smoke",43.96 USD,7,0.0,18.46 USD
9560,CA-2016-129280,2016-05-03,5/5/2016,  First Class  ,SM-20905,Susan MacKendrick,  Consumer  ,United States,Newark,Ohio,43055.0,  East  ,OFF-ST-10002554,OFFICE SUPPLIES,Storage,Tennsco Industrial Shelving,195.64,5,0.2,-44.019
8032,CA-2016-158806,07-Jan-2016,1/11/2016,STANDARD CLASS,NM-18520,Neoma Murray,Consumer,United States,Amarillo,Texas,,  Central  ,OFF-PA-10004621,OFFICE SUPPLIES,Paper,Xerox 212,$ 25.92,5,0.2,9.072
3669,CA-2014-129364,2014-12-08,12/13/2014,  Standard Class  ,TB-21250,Tim Brockman,  Consumer  ,United States,Salem,Oregon,97301.0,WEST,TEC-AC-10004227,Technology,Accessories,SanDisk Ultra 16 GB MicroSDHC Class 10 Memory Card,103.92 USD,10,0.2,-18.19 USD
1840,CA-2014-117345,08/01/2014,8/5/2014,standard class,BF-10975,Barbara Fisher,CORPORATE,United States,Charlotte,North Carolina,28205.0,South,OFF-AP-10001005,Office Supplies,Appliances,Honeywell Quietcare HEPA Air Cleaner,62.92 USD,1,0.2,10.22 USD
1996,US-2017-147221,2017-12-02,12/4/2017,SECOND CLASS,JS-16030,Joy Smith,  Consumer  ,United States,Houston,Texas,77036.0,Central,OFF-AP-10002534,  Office Supplies  ,Appliances,3.6 Cubic Foot Counter Height Office Refrigerator,$ 294.62,5,0.8,-766.012
2400,CA-2017-147361,2017-09-09,9/15/2017,STANDARD CLASS,SB-20290,Sean Braxton,corporate,United States,Florence,South Carolina,29501.0,South,OFF-ST-10001809,Office Supplies,Storage,Fellowes Officeware Wire Shelving,$ 628.81,7,0.0,12.5762
4253,CA-2015-155068,23-Oct-2015,10/23/2015,Same Day,RA-19285,Ralph Arnett,consumer,United States,Lakeland,Florida,33801.0,south,OFF-AR-10002656,Office Supplies,Art,Sanford Liquid Accent Highlighters,10.688,2,0.2,2.27 USD
3258,US-2016-161844,2016-12-09,12/14/2016,SECOND CLASS,DK-12835,,Corporate,United States,Franklin,Tennessee,37064.0,South,FUR-TA-10001676,Furniture,Tables,Hon 61000 Series Interactive Training Tables,$ 79.97,3,0.4,$ -29.32
8444,US-2016-155173,2016/03/06 00:00:00,3/10/2016,STANDARD CLASS,JB-16045,Julia Barnett,Home Office,United States,Philadelphia,Pennsylvania,,EAST,OFF-BI-10002982,office supplies,Binders,Avery Self-Adhesive Photo Pockets for Polaroid Photos,2.04 USD,1,0.7,N/A
3783,CA-2017-165204,2017-11-13,11/16/2017,SECOND CLASS,MN-17935,,Consumer,United States,Memphis,Tennessee,38109.0,south,OFF-PA-10003424,office supplies,Paper,"""While you Were Out"" Message Book, One Form per Page",$ 8.90,3,0.2,-
801,CA-2017-105809,2017/02/20 00:00:00,2/23/2017,FIRST CLASS,HW-14935,Helen Wasserman,corporate,United States,San Diego,California,92105.0,West,FUR-FU-10004090,furniture,Furnishings,"Executive Impressions 14"" Contract Wall Clock",22.23,1,0.0,7.3359
3458,CA-2017-136448,09/16/2017,9/18/2017,First Class,AS-10090,Adam Shillingsburg,consumer,United States,Philadelphia,Pennsylvania,19143.0,east,FUR-FU-10003832,FURNITURE,Furnishings,"Eldon Expressions Punched Metal & Wood Desk Accessories, Black & Cherry",$ 22.51,3,0.2,$ 2.25
5668,CA-2016-142405,2016/06/11 00:00:00,6/15/2016,Standard Class,SE-20110,Sanjit Engle,CONSUMER,United States,Seattle,Washington,98103.0,West,OFF-LA-10004093,office supplies,Labels,Avery 486,$ 14.62,2,0.0,6.8714
1406,US-2014-118486,2014-04-06,4/8/2014,  First Class  ,SD-20485,Shirley Daniels,Home Office,United States,Philadelphia,Pennsylvania,19143.0,EAST,FUR-TA-10001039,Furniture,Tables,KI Adjustable-Height Table,154.764,3,0.4,$ -36.11
5422,US-2016-151827,03/31/2016,4/2/2016,  Second Class  ,CS-11950,Carlos Soltero,consumer,United States,Philadelphia,Pennsylvania,19134.0,east,TEC-AC-10003289,Technology,Accessories,Anker Ultra-Slim Mini Bluetooth 3.0 Wireless Keyboard,$ 31.98,2,0.2,N/A
70,CA-2016-119823,06/04/2016,6/6/2016,FIRST CLASS,KD-16270,Karen Daniels,consumer,United States,Springfield,Virginia,22153.0,SOUTH,OFF-PA-10000482,office supplies,Paper,"Snap-A-Way Black Print Carbonless Ruled Speed Letter, Triplicate",75.88,2,0.0,$ 35.66
5717,CA-2015-124107,2015/10/09 00:00:00,10/12/2015,second class,BM-11650,Brian Moss,Corporate,United States,Ann Arbor,Michigan,48104.0,  Central  ,TEC-PH-10003875,technology,Phones,KLD Oscar II Style Snap-on Ultra Thin Side Flip Synthetic Leather Cover Case for HTC One HTC M7,29.16 USD,3,0.0,  $8.46  
2760,CA-2016-146171,03/11/2016,3/15/2016,  Standard Class  ,JP-16135,Julie Prescott,Home Office,United States,Columbus,Georgia,31907.0,South,OFF-ST-10001526,office supplies,Storage,Iceberg Mobile Mega Data/Printer Cart ,N/A,4,0.0,$ 125.14
9583,CA-2016-107475,07-Jun-2016,6/11/2016,Standard Class,RS-19870,Roy Skaria,  Home Office  ,United States,Philadelphia,Pennsylvania,19120.0,East,OFF-FA-10002988,  Office Supplies  ,Fasteners,Ideal Clamps,$ 9.65,6,0.2,$ 3.50
1587,CA-2015-131338,2015/08/09 00:00:00,8/12/2015,First Class,NP-18325,Naresj Patel,Consumer,United States,New York City,New York,10024.0,East,OFF-PA-10001357,OFFICE SUPPLIES,Paper,Xerox 1886,  $143.70  ,3,0.0,68.976
8709,CA-2014-119144,11/16/2014,11/18/2014,First Class,JD-16150,Justin Deggeller,corporate,United States,Los Angeles,California,90008.0,west,TEC-PH-10004188,Technology,Phones,OtterBox Commuter Series Case - Samsung Galaxy S4,79.968,4,0.2,$ -17.99
5573,CA-2014-151162,2014-12-05,12/9/2014,Standard Class,EA-14035,Erin Ashbrook,Corporate,United States,Columbus,Ohio,43229.0,east,OFF-BI-10003719,  Office Supplies  ,Binders,Large Capacity Hanging Post Binders,29.94 USD,4,0.7,$ -23.95
1075,CA-2016-134348,12-Nov-2016,11/19/2016,Standard Class,MS-17710,Maurice Satty,CONSUMER,United States,Mesa,Arizona,85204.0,West,OFF-BI-10004967,Office Supplies,Binders,Round Ring Binders,4.368,7,0.7,-3.3488
3058,CA-2017-131492,10/19/2017,10/24/2017,second class,HH-15010,Hilary Holden,  Corporate  ,United States,San Francisco,California,94110.0,WEST,OFF-LA-10001641,office supplies,Labels,Avery 518,N/A,10,0.0,15.12
4846,CA-2015-124044,Pending,7/26/2015,second class,MS-17830,Melanie Seite,Consumer,United States,Rochester,New York,14609.0,east,OFF-BI-10003460,  Office Supplies  ,Binders,Acco 3-Hole Punch,10.512,3,0.2,  $3.68  
9526,CA-2017-156958,2017-12-05,12/6/2017,first class,PB-18805,Patrick Bzostek,HOME OFFICE,United States,Seattle,Washington,98115.0,  West  ,FUR-FU-10003268,furniture,Furnishings,Eldon Radial Chair Mat for Low to Medium Pile Carpets,  $199.90  ,5,0.0,$ 39.98
9064,US-2014-151015,2014-10-14,10/20/2014,Standard Class,BD-11500,Bradley Drucker,Consumer,United States,Chicago,Illinois,60653.0,CENTRAL,OFF-PA-10002581,OFFICE SUPPLIES,Paper,Xerox 1951,  $322.19  ,13,0.2,100.69 USD
2604,CA-2016-165848,2016-06-04,6/4/2016,same day,EN-13780,Edward Nazzal,consumer,United States,New York City,New York,10035.0,East,FUR-BO-10000362,Furniture,Bookcases,Sauder Inglewood Library Bookcases,$ 136.78,1,0.2,  $5.13  
6113,CA-2016-124590,2016-11-12,11/16/2016,STANDARD CLASS,SP-20920,Susan Pistek,  Consumer  ,United States,Parma,Ohio,44134.0,East,OFF-FA-10000585,Office Supplies,Fasteners,OIC Bulk Pack Metal Binder Clips,16.752,6,0.2,5.44 USD
1580,CA-2015-131338,08/09/2015,8/12/2015,First Class,NP-18325,Naresj Patel,CONSUMER,United States,New York City,New York,10024.0,East,TEC-PH-10003012,Technology,Phones,Nortel Meridian M3904 Professional Digital phone,307.98,2,0.0,  $89.31  
9885,CA-2014-112291,2014-04-03,4/8/2014,STANDARD CLASS,KE-16420,Katrina Edelman,Corporate,United States,Los Angeles,California,90008.0,WEST,TEC-AC-10001284,Technology,Accessories,Enermax Briskie RF Wireless Keyboard and Mouse Combo,62.31 USD,3,0.0,22.43 USD
3429,US-2017-111024,07/03/2017,7/6/2017,second class,SZ-20035,Sam Zeldin,HOME OFFICE,United States,Lancaster,Ohio,43130.0,east,FUR-TA-10002041,  Furniture  ,Tables,"Bevis Round Conference Table Top, X-Base",$ 215.15,2,0.4,  $-103.99  
4923,CA-2017-114055,2017-12-25,12/29/2017,second class,MH-18115,Mick Hernandez,Home Office,United States,Huntsville,Alabama,,South,OFF-FA-10003059,OFFICE SUPPLIES,Fasteners,Assorted Color Push Pins,3.62 USD,2,0.0,1.19 USD
1942,CA-2017-144064,29-Aug-2017,9/1/2017,  First Class  ,CP-12085,Cathy Prescott,CORPORATE,United States,Quincy,Illinois,62301.0,Central,OFF-LA-10004544,OFFICE SUPPLIES,Labels,Avery 505,$ 47.36,4,0.2,17.76
7276,CA-2015-144519,2015/11/13 00:00:00,11/17/2015,Standard Class,AW-10930,Arthur Wiediger,  Home Office  ,United States,Helena,Montana,,  West  ,FUR-FU-10000794,Furniture,Furnishings,"Eldon Stackable Tray, Side-Load, Legal, Smoke",63.98 USD,7,0.0,$ 21.75
1019,CA-2015-108665,06-Jul-2015,7/10/2015,standard class,KM-16225,Kalyca Meade,Corporate,United States,New York City,New York,10011.0,  East  ,TEC-PH-10004188,  Technology  ,Phones,OtterBox Commuter Series Case - Samsung Galaxy S4,$ 124.95,5,0.0,2.50 USD
2040,CA-2015-122287,06/18/2015,6/23/2015,STANDARD CLASS,SN-20560,Skye Norling,Home Office,United States,Peoria,Arizona,85345.0,WEST,OFF-BI-10004656,  Office Supplies  ,Binders,Peel & Stick Add-On Corner Pockets,4.536,7,0.7,-3.3264
7901,CA-2017-128363,2017-08-13,8/18/2017,Standard Class,DC-12850,Dan Campbell,Consumer,United States,Memphis,Tennessee,38109.0,south,TEC-AC-10003709,Technology,Accessories,Maxell 4.7GB DVD-R 5/Pack,1.58 USD,2,0.2,0.4752
9867,US-2015-116981,03/26/2015,3/28/2015,second class,SM-20950,Suzanne McNair,  Corporate  ,United States,New York City,New York,10009.0,East,OFF-ST-10002615,  Office Supplies  ,Storage,"Dual Level, Single-Width Filing Carts","$ 1,085.42",7,0.0,282.2092
7643,US-2016-157490,10/06/2016,10/7/2016,  First Class  ,LB-16795,,HOME OFFICE,United States,Pueblo,Colorado,81001.0,WEST,OFF-BI-10002824,office supplies,Binders,Recycled Easel Ring Binders,$ 17.90,4,0.7,$ -14.92
8193,CA-2015-141327,2015-11-30,12/3/2015,  First Class  ,LR-16915,Lena Radford,CONSUMER,United States,Durham,North Carolina,27707.0,South,OFF-BI-10000546,  Office Supplies  ,Binders,Avery Durable Binders,6.05 USD,7,0.7,$ -4.23
8098,CA-2017-122798,2017-12-28,1/1/2018,standard class,SV-20935,Susan Vittorini,consumer,United States,Albuquerque,New Mexico,87105.0,west,OFF-ST-10003058,Office Supplies,Storage,Eldon Mobile Mega Data Cart  Mega Stackable  Add-On Trays,118.25 USD,5,0.0,34.2925
6533,US-2017-107384,12/04/2017,12/8/2017,standard class,TP-21130,Theone Pippenger,CONSUMER,United States,Rochester,Minnesota,55901.0,Central,TEC-AC-10004595,Technology,Accessories,First Data TMFD35 PIN Pad,142.80 USD,1,0.0,N/A
7012,US-2014-135881,05/23/2014,5/27/2014,standard class,GT-14710,Greg Tran,  Consumer  ,United States,New York City,New York,10035.0,East,OFF-SU-10003002,  Office Supplies  ,Supplies,Letter Slitter,$ 5.04,2,0.0,  $0.15  
6320,CA-2017-161459,11/25/2017,11/29/2017,second class,EB-13750,Edward Becker,Corporate,United States,Laguna Niguel,California,92677.0,WEST,OFF-PA-10002377,Office Supplies,Paper,"Adams Telephone Message Book W/Dividers/Space For Phone Numbers, 5 1/4""X8 1/2"", 200/Messages",34.08,6,0.0,15.336
9557,CA-2015-156853,2015-12-03,12/5/2015,Second Class,HP-14815,Harold Pawlan,home office,United States,Concord,New Hampshire,,East,OFF-PA-10003656,Office Supplies,Paper,Xerox 1935,$ 184.66,7,0.0,$ 84.94
8177,CA-2016-135965,09/22/2016,9/25/2016,First Class,SZ-20035,Sam Zeldin,Home Office,United States,New York City,New York,,east,OFF-ST-10002370,Office Supplies,Storage,"Sortfiler Multipurpose Personal File Organizer, Black",128.34 USD,6,0.0,37.2186
5193,CA-2014-101560,11/28/2014,12/1/2014,  Second Class  ,CS-12250,Chris Selesnick,corporate,United States,Columbia,South Carolina,29203.0,south,FUR-FU-10003773,FURNITURE,Furnishings,Eldon Cleatmat Plus Chair Mats for High Pile Carpets,$ 397.60,5,0.0,43.74 USD
1393,US-2016-108504,2016/02/05 00:00:00,2/5/2016,SAME DAY,PP-18955,Paul Prost,Home Office,United States,Smyrna,Georgia,30080.0,South,OFF-PA-10003892,OFFICE SUPPLIES,Paper,Xerox 1943,$ 342.37,7,0.0,160.91 USD
684,US-2017-168116,11/04/2017,11/4/2017,SAME DAY,GT-14635,Grant Thornton,Corporate,United States,Burlington,North Carolina,27217.0,  South  ,TEC-MA-10004125,TECHNOLOGY,Machines,Cubify CubeX 3D Printer Triple Head Print,  $7999.98  ,4,0.5,"$ -3,839.99"
1248,CA-2014-168494,2014/12/12 00:00:00,12/14/2014,Second Class,NP-18700,Nora Preis,consumer,United States,Fresno,California,93727.0,West,FUR-BO-10004467,  Furniture  ,Bookcases,Bestar Classic Bookcase,254.97 USD,3,0.15,11.9988
4973,US-2016-153815,06-Nov-2016,11/9/2016,  First Class  ,KL-16555,Kelly Lampkin,corporate,United States,Jacksonville,Florida,32216.0,south,FUR-FU-10004090,Furniture,Furnishings,"Executive Impressions 14"" Contract Wall Clock",35.57 USD,2,0.2,  $5.78  
6250,CA-2017-121580,29-May-2017,6/4/2017,  Standard Class  ,ML-17410,Maris LaWare,  Consumer  ,United States,Columbus,Indiana,47201.0,Central,OFF-AP-10001564,Office Supplies,Appliances,Hoover Commercial Lightweight Upright Vacuum with E-Z Empty Dirt Cup,-,2,0.0,120.9416
8582,CA-2014-130673,2014/05/20 00:00:00,5/22/2014,Second Class,MC-17590,Matt Collister,Corporate,United States,San Marcos,Texas,78666.0,Central,OFF-PA-10000289,  Office Supplies  ,Paper,Xerox 213,10.37 USD,2,0.2,$ 3.63
9154,US-2015-106873,24-Sep-2015,9/29/2015,Second Class,KM-16720,Kunst Miller,consumer,United States,Avondale,Arizona,85323.0,WEST,OFF-AR-10001246,  Office Supplies  ,Art,Newell 317,16.464,7,0.2,1.85 USD
859,CA-2017-161984,04/10/2017,4/15/2017,standard class,SJ-20125,Sanjit Jacobs,HOME OFFICE,United States,New Brunswick,New Jersey,8901.0,East,OFF-PA-10004569,Office Supplies,Paper,"Wirebound Message Books, Two 4 1/4"" x 5"" Forms per Page",  $7.61  ,1,0.0,N/A
6297,CA-2014-141313,12/28/2014,1/1/2015,standard class,AJ-10780,Anthony Jacobs,Corporate,United States,Beverly,Massachusetts,1915.0,East,OFF-ST-10000689,Office Supplies,Storage,"Fellowes Strictly Business Drawer File, Letter/Legal Size",$ 704.25,5,0.0,  $84.51  
2176,CA-2016-125738,2016/10/15 00:00:00,10/21/2016,STANDARD CLASS,PB-18805,Patrick Bzostek,  Home Office  ,United States,Salt Lake City,Utah,84106.0,west,OFF-PA-10000740,  Office Supplies  ,Paper,Xerox 1982,45.68,2,0.0,21.0128
7976,US-2015-126753,16-Aug-2015,8/20/2015,  Standard Class  ,SP-20860,Sung Pak,corporate,United States,Philadelphia,Pennsylvania,19134.0,  East  ,OFF-BI-10003727,Office Supplies,Binders,Avery Durable Slant Ring Binders With Label Holder,3.762,3,0.7,$ -2.76
3781,CA-2014-149643,11/16/2014,11/20/2014,  Standard Class  ,RH-19510,Rick Huthwaite,  Home Office  ,United States,Manhattan,Kansas,66502.0,central,TEC-PH-10000038,Technology,Phones,Jawbone MINI JAMBOX Wireless Bluetooth Speaker,273.96 USD,2,0.0,$ 10.96
5269,US-2017-114657,2017/11/16 00:00:00,11/21/2017,standard class,MH-18115,Mick Hernandez,  Home Office  ,United States,Yonkers,New York,10701.0,East,TEC-MA-10003173,Technology,Machines,Hewlett-Packard 300S Scientific Calculator,52.44,4,0.0,24.1224
4639,CA-2017-168228,04/27/2017,4/29/2017,first class,AP-10915,Arthur Prichep,Consumer,United States,Los Angeles,California,90045.0,  West  ,OFF-AR-10001725,Office Supplies,Art,Boston Home & Office Model 2000 Electric Pencil Sharpeners,47.30 USD,2,0.0,12.298
4624,CA-2017-147228,09-Sep-2017,9/14/2017,  Standard Class  ,SO-20335,Sean O'Donnell,Consumer,United States,Columbia,Tennessee,38401.0,  South  ,OFF-PA-10000357,Office Supplies,Paper,Xerox 1888,$ 177.54,4,0.2,62.14 USD
4865,CA-2017-163531,2017/06/26 00:00:00,6/30/2017,STANDARD CLASS,SC-20725,Steven Cartwright,CONSUMER,United States,New York City,New York,10024.0,East,TEC-PH-10001425,  Technology  ,Phones,Mophie Juice Pack Helium for iPhone,-,3,0.0,67.19 USD
2860,CA-2017-138975,05/19/2017,5/23/2017,standard class,SC-20380,Shahid Collister,Consumer,United States,Atlanta,Georgia,,south,TEC-PH-10004389,Technology,Phones,Nokia Lumia 925,  $377.97  ,3,0.0,98.27 USD
6356,CA-2014-110611,Pending,10/13/2014,Standard Class,JD-16015,Joy Daniels,CONSUMER,United States,Philadelphia,Pennsylvania,,east,OFF-ST-10000642,Office Supplies,Storage,"Tennsco Lockers, Gray",$ 83.92,5,0.2,$ -13.64
5853,CA-2015-121783,2015-11-10,11/14/2015,Standard Class,PO-19180,Philisse Overcash,Home Office,United States,Roseville,Minnesota,55113.0,  Central  ,FUR-FU-10004351,FURNITURE,Furnishings,Staple-based wall hangings,29.22 USD,3,0.0,12.8568
8441,CA-2016-158302,08-Dec-2016,12/12/2016,SECOND CLASS,JB-16045,Julia Barnett,  Home Office  ,United States,Columbus,Ohio,,  East  ,OFF-PA-10002615,  Office Supplies  ,Paper,"Ampad Gold Fibre Wirebound Steno Books, 6"" x 9"", Gregg Ruled",$ 10.58,3,0.2,$ 3.44
8523,US-2016-160206,Pending,4/7/2016,Standard Class,MY-18295,Muhammed Yedwab,corporate,United States,Milwaukee,Wisconsin,53209.0,CENTRAL,TEC-PH-10000148,Technology,Phones,Cyber Acoustics AC-202b Speech Recognition Stereo Headset,12.99 USD,1,0.0,0.2598
7319,CA-2017-158120,17-Nov-2017,11/21/2017,Standard Class,KH-16330,Katharine Harms,Corporate,United States,Hillsboro,Oregon,97123.0,West,OFF-BI-10002813,Office Supplies,Binders,Avery Reinforcements for Hole-Punch Pages,$ 4.16,7,0.7,-
6623,CA-2014-130449,09/06/2014,9/9/2014,  First Class  ,VP-21760,Victoria Pisteka,CORPORATE,United States,San Francisco,California,94109.0,  West  ,FUR-FU-10001487,Furniture,Furnishings,"Eldon Expressions Wood and Plastic Desk Accessories, Cherry Wood",41.88 USD,6,0.0,$ 12.15
1958,CA-2017-157987,2017-09-02,9/6/2017,STANDARD CLASS,AC-10615,Ann Chong,Corporate,United States,New York City,New York,10009.0,east,OFF-PA-10003893,OFFICE SUPPLIES,Paper,Xerox 1962,17.12,4,0.0,$ 7.70
3681,CA-2015-132626,09-Jul-2015,7/14/2015,Standard Class,BT-11680,Brian Thompson,Consumer,United States,Clinton,Maryland,20735.0,  East  ,OFF-LA-10000476,OFFICE SUPPLIES,Labels,"Avery 05222 Permanent Self-Adhesive File Folder Labels for Typewriters, on Rolls, White, 250/Roll",  $12.39  ,3,0.0,5.6994
1028,CA-2016-126529,2016-01-11,1/13/2016,Second Class,DE-13255,Deanra Eno,Home Office,United States,Springfield,Ohio,45503.0,EAST,TEC-PH-10000148,  Technology  ,Phones,Cyber Acoustics AC-202b Speech Recognition Stereo Headset,$ 15.59,2,0.4,N/A
619,CA-2017-117947,2017-08-18,8/23/2017,Second Class,NG-18355,Nat Gilpin,Corporate,United States,New York City,New York,10011.0,East,OFF-BI-10002824,Office Supplies,Binders,Recycled Easel Ring Binders,$ 107.42,9,0.2,33.57
6741,CA-2014-144029,2014-05-26,5/31/2014,standard class,MM-18055,Michelle Moray,  Consumer  ,United States,Chicago,Illinois,60623.0,central,FUR-CH-10003981,Furniture,Chairs,Global Commerce Series Low-Back Swivel/Tilt Chairs,-,2,0.3,-5.14 USD
5965,CA-2017-119011,08/20/2017,8/25/2017,Standard Class,LR-17035,Lisa Ryan,  Corporate  ,United States,San Francisco,California,94109.0,West,OFF-SU-10004768,  Office Supplies  ,Supplies,Acme Kleencut Forged Steel Scissors,17.22,3,0.0,5.17 USD
11,CA-2014-115812,2014/06/09 00:00:00,6/14/2014,Standard Class,BH-11710,Brosina Hoffman,Consumer,United States,Los Angeles,California,90032.0,WEST,FUR-TA-10001539,Furniture,Tables,Chromcraft Rectangular Conference Tables,1706.184,9,0.2,$ 85.31
230,US-2015-145436,02/28/2015,3/4/2015,standard class,VD-21670,Valerie Dominguez,consumer,United States,Columbia,Tennessee,38401.0,SOUTH,FUR-CH-10004477,FURNITURE,Chairs,"Global Push Button Manager's Chair, Indigo",389.696,8,0.2,43.84 USD
1935,CA-2017-101245,2017-11-27,12/3/2017,Standard Class,LW-16990,Lindsay Williams,  Corporate  ,United States,San Francisco,California,94109.0,West,OFF-PA-10003129,office supplies,Paper,Tops White Computer Printout Paper,$ 244.55,5,0.0,$ 114.94
9985,CA-2015-100251,17-May-2015,5/23/2015,Standard Class,DV-13465,Dianna Vittorini,Consumer,United States,Long Beach,New York,,East,OFF-LA-10003766,Office Supplies,Labels,Self-Adhesive Removable Labels,31.5,10,0.0,  $15.12  
1006,CA-2015-111199,2015/11/13 00:00:00,11/17/2015,standard class,JK-15730,Joe Kamberova,Consumer,United States,Jacksonville,North Carolina,28540.0,South,OFF-PA-10001790,Office Supplies,Paper,Xerox 1910,$ 115.30,3,0.2,$ 40.35
8164,CA-2015-168207,02-Nov-2015,11/6/2015,Standard Class,LT-17110,Liz Thompson,Consumer,United States,San Diego,California,,WEST,FUR-FU-10004909,  Furniture  ,Furnishings,Contemporary Wood/Metal Frame,  $96.96  ,6,0.0,33.94 USD
3722,CA-2016-151155,12/20/2016,12/24/2016,standard class,AB-10255,Alejandro Ballentine,Home Office,United States,Jackson,Mississippi,39212.0,  South  ,OFF-BI-10003910,  Office Supplies  ,Binders,DXL Angle-View Binders with Locking Rings by Samsill,15.42,2,0.0,6.939
5280,US-2017-104094,09/07/2017,9/11/2017,standard class,AG-10675,Anna Gayman,  Consumer  ,United States,Milwaukee,Wisconsin,,CENTRAL,TEC-AC-10002134,TECHNOLOGY,Accessories,Rosewill 107 Normal Keys USB Wired Standard Keyboard,$ 13.48,1,0.0,$ 1.89
2035,CA-2017-162481,25-Sep-2017,9/29/2017,Standard Class,CT-11995,Carol Triggs,consumer,United States,Rochester,Minnesota,55901.0,Central,OFF-BI-10002976,Office Supplies,Binders,ACCOHIDE Binder by Acco,N/A,2,0.0,3.88 USD
2378,US-2014-164616,08/19/2014,8/21/2014,Second Class,MS-17770,Maxwell Schwartz,Consumer,United States,Columbus,Ohio,43229.0,  East  ,OFF-SU-10004768,  Office Supplies  ,Supplies,Acme Kleencut Forged Steel Scissors,9.184,2,0.2,-
4170,CA-2015-100216,Pending,4/14/2015,FIRST CLASS,HJ-14875,Heather Jas,Home Office,United States,Mesa,Arizona,85204.0,west,OFF-PA-10000788,office supplies,Paper,Xerox 210,31.104,6,0.2,10.8864
81,CA-2016-127208,12-Jun-2016,6/15/2016,First Class,SC-20770,Stewart Carmichael,Corporate,United States,Decatur,Alabama,35601.0,SOUTH,OFF-BI-10002309,office supplies,Binders,Avery Heavy-Duty EZD  Binder With Locking Rings,16.74,3,0.0,8.0352
1319,CA-2014-160773,01-Jul-2014,7/5/2014,Standard Class,LW-16825,Laurel Workman,  Corporate  ,United States,Deltona,Florida,32725.0,SOUTH,TEC-PH-10004586,Technology,Phones,Wilson SignalBoost 841262 DB PRO Amplifier Kit,575.92 USD,2,0.2,  $71.99  
2871,CA-2014-148040,2014-03-22,3/26/2014,Standard Class,BF-11275,Beth Fritzler,CORPORATE,United States,Tucson,Arizona,85705.0,WEST,OFF-PA-10002581,OFFICE SUPPLIES,Paper,Xerox 1951,$ 74.35,3,0.2,23.235
9330,CA-2015-164497,2015-11-28,11/30/2015,  First Class  ,AJ-10945,Ashley Jarboe,Consumer,United States,San Francisco,California,94110.0,west,OFF-AP-10004655,  Office Supplies  ,Appliances,"Holmes Visible Mist Ultrasonic Humidifier with 2.3-Gallon Output per Day, Replacement Filter",-,4,0.0,$ 15.40
31,US-2015-150630,17-Sep-2015,9/21/2015,Standard Class,TB-21520,Tracy Blumstein,Consumer,United States,Philadelphia,Pennsylvania,19140.0,east,OFF-EN-10001509,office supplies,Envelopes,Poly String Tie Envelopes,3.264,2,0.2,1.10 USD
5493,CA-2014-105249,11/28/2014,11/28/2014,  Same Day  ,DH-13675,Duane Huffman,Home Office,United States,San Francisco,California,94122.0,West,OFF-SU-10001225,Office Supplies,Supplies,Staple remover,7.36 USD,2,0.0,0.1472
6816,CA-2014-144414,2014/06/17 00:00:00,6/21/2014,STANDARD CLASS,GH-14425,Gary Hwang,Consumer,United States,Seattle,Washington,98105.0,West,FUR-FU-10003981,Furniture,Furnishings,Eldon Wave Desk Accessories,6.24,3,0.0,2.62 USD
5059,CA-2016-120796,2016/04/03 00:00:00,4/7/2016,standard class,CS-11950,Carlos Soltero,consumer,United States,Philadelphia,Pennsylvania,19140.0,east,OFF-BI-10004330,Office Supplies,Binders,"GBC Velobind Prepunched Cover Sets, Regency Series",99.85 USD,9,0.7,-83.20 USD
1948,CA-2017-157987,09/02/2017,9/6/2017,Standard Class,AC-10615,Ann Chong,Corporate,United States,New York City,New York,,east,FUR-FU-10001196,FURNITURE,Furnishings,DAX Cubicle Frames - 8x10,N/A,2,0.0,$ 3.46
317,CA-2014-164259,12/28/2014,12/30/2014,First Class,SP-20860,Sung Pak,Corporate,United States,Philadelphia,Pennsylvania,19143.0,East,OFF-AR-10003373,Office Supplies,Art,"Boston School Pro Electric Pencil Sharpener, 1670",99.136,4,0.2,8.6744
6548,CA-2014-113880,03/01/2014,3/5/2014,  Standard Class  ,VF-21715,,Home Office,United States,Elmhurst,Illinois,60126.0,Central,FUR-CH-10000863,furniture,Chairs,Novimex Swivel Fabric Task Chair,$ 634.12,6,0.3,-172.1172
8462,CA-2014-146500,08/30/2014,9/4/2014,Standard Class,AT-10735,Annie Thurman,Consumer,United States,Bristol,Connecticut,6010.0,East,OFF-ST-10000563,office supplies,Storage,Fellowes Bankers Box Stor/Drawer Steel Plus,$ 95.94,3,0.0,$ 9.59
4281,CA-2014-166989,2014-11-14,11/18/2014,standard class,RM-19675,Robert Marley,  Home Office  ,United States,New York City,New York,10011.0,east,OFF-PA-10004470,office supplies,Paper,"Adams Write n' Stick Phone Message Book, 11"" X 5 1/4"", 200 Messages",N/A,2,0.0,5.2256
1492,CA-2017-166436,11/24/2017,11/28/2017,  Standard Class  ,TS-21370,Todd Sumrall,  Corporate  ,United States,New York City,New York,10035.0,EAST,OFF-PA-10001838,office supplies,Paper,"Adams Telephone Message Book W/Dividers/Space For Phone Numbers, 5 1/4""X8 1/2"", 300/Messages",5.88,1,0.0,2.88 USD
1916,CA-2017-124597,2017-04-30,5/5/2017,Standard Class,AS-10630,Ann Steele,Home Office,United States,Boynton Beach,Florida,33437.0,  South  ,OFF-AR-10002280,Office Supplies,Art,Staples in misc. colors,  $15.53  ,3,0.2,4.8525
4673,CA-2016-133550,2016-07-31,8/6/2016,STANDARD CLASS,KL-16645,Ken Lonsdale,Consumer,United States,Detroit,Michigan,48205.0,Central,TEC-PH-10004042,technology,Phones,ClearOne Communications CHAT 70 OC Speaker Phone,635.96 USD,4,0.0,-
5418,CA-2014-132542,06-Oct-2014,10/8/2014,  Second Class  ,AM-10360,Alice McCarthy,corporate,United States,Omaha,Nebraska,68104.0,CENTRAL,OFF-BI-10004099,  Office Supplies  ,Binders,GBC VeloBinder Strips,$ 15.36,2,0.0,7.68
2472,US-2016-135923,2016-01-22,1/28/2016,  Standard Class  ,CM-11935,Carlos Meador,  Consumer  ,United States,Fayetteville,North Carolina,28314.0,  South  ,FUR-BO-10002213,Furniture,Bookcases,"Sauder Forest Hills Library, Woodland Oak Finish",$ 451.14,4,0.2,$ -67.67
9125,CA-2016-128916,2016-08-18,8/20/2016,Second Class,MA-17560,Matt Abelman,Home Office,United States,Houston,Texas,77070.0,Central,FUR-FU-10001940,FURNITURE,Furnishings,Staple-based wall hangings,$ 9.55,3,0.6,-3.82 USD
1818,CA-2015-125423,12/13/2015,12/15/2015,Second Class,MC-17575,Matt Collins,Consumer,United States,Los Angeles,California,90036.0,West,OFF-LA-10001771,Office Supplies,Labels,Avery 513,$ 9.96,2,0.0,4.58 USD
810,CA-2014-151995,10/13/2014,10/15/2014,first class,ZC-21910,Zuschuss Carroll,Consumer,United States,Edmonds,Washington,98026.0,  West  ,OFF-AR-10003190,Office Supplies,Art,Newell 32,11.52,4,0.0,3.2256
5776,CA-2016-142398,2016/04/12 00:00:00,4/16/2016,  Standard Class  ,BP-11290,Beth Paige,  Consumer  ,United States,Los Angeles,California,90036.0,west,OFF-BI-10004826,office supplies,Binders,JM Magazine Binder,13.208,1,0.2,$ 4.62
428,CA-2014-101476,2014/09/12 00:00:00,9/13/2014,First Class,SD-20485,Shirley Daniels,home office,United States,New Rochelle,New York,10801.0,  East  ,TEC-MA-10000029,Technology,Machines,"Epson WorkForce WF-2530 All-in-One Printer, Copier Scanner",69.99,1,0.0,30.0957
2250,CA-2015-116092,02/15/2015,2/18/2015,SECOND CLASS,JM-16195,Justin MacKendrick,Consumer,United States,Los Angeles,California,,WEST,OFF-BI-10000546,  Office Supplies  ,Binders,Avery Durable Binders,11.52 USD,5,0.2,4.18 USD
4594,CA-2016-129868,2016-12-26,12/31/2016,STANDARD CLASS,MC-18130,Mike Caudle,  Corporate  ,United States,Los Angeles,California,90004.0,west,OFF-AP-10004052,OFFICE SUPPLIES,Appliances,"Hoover Replacement Belts For Soft Guard & Commercial Ltweight Upright Vacs, 2/Pk",$ 7.90,2,0.0,$ 2.05
9829,CA-2017-169999,2017/06/19 00:00:00,6/26/2017,Standard Class,JS-15685,Jim Sink,  Corporate  ,United States,New York City,New York,10035.0,EAST,OFF-BI-10004728,Office Supplies,Binders,Wilson Jones Turn Tabs Binder Tool for Ring Binders,11.568,3,0.2,3.7596
8192,US-2017-155866,11/17/2017,11/21/2017,STANDARD CLASS,CC-12370,Christopher Conant,Consumer,United States,New York City,New York,10011.0,EAST,FUR-FU-10004091,Furniture,Furnishings,"Howard Miller 13"" Diameter Goldtone Round Wall Clock",187.76,4,0.0,$ 76.98
6413,CA-2017-151211,2017-08-17,8/23/2017,  Standard Class  ,AH-10120,Adrian Hane,HOME OFFICE,United States,Louisville,Kentucky,40214.0,SOUTH,OFF-BI-10002735,OFFICE SUPPLIES,Binders,GBC Prestige Therm-A-Bind Covers,102.93 USD,3,0.0,$ 48.38
6126,CA-2017-145772,Pending,6/7/2017,Standard Class,SS-20140,Saphhira Shifley,  Corporate  ,United States,Los Angeles,California,90036.0,West,OFF-PA-10001593,  Office Supplies  ,Paper,Xerox 1947,11.96,2,0.0,5.382
1264,CA-2016-155992,2016-10-01,10/2/2016,FIRST CLASS,CC-12220,Chris Cortes,  Consumer  ,United States,La Porte,Indiana,46350.0,central,TEC-PH-10000215,Technology,Phones,Plantronics Cordless Phone Headset with In-line Volume - M214C,69.9,2,0.0,18.87 USD
3838,CA-2014-126760,Pending,8/2/2014,  Standard Class  ,KM-16720,Kunst Miller,CONSUMER,United States,North Las Vegas,Nevada,89031.0,  West  ,TEC-PH-10001363,Technology,Phones,Apple iPhone 5S,N/A,2,0.2,113.998
8799,US-2016-150140,2016-04-06,4/10/2016,STANDARD CLASS,VM-21685,,home office,United States,Burlington,Vermont,5408.0,  East  ,TEC-PH-10002555,Technology,Phones,Nortel Meridian M5316 Digital phone,"$ 1,294.75",5,0.0,$ 336.63
5364,CA-2016-122017,2016/12/29 00:00:00,1/2/2017,standard class,CD-11920,Carlos Daly,consumer,United States,Wichita,Kansas,67212.0,Central,OFF-AP-10001293,  Office Supplies  ,Appliances,Belkin 8 Outlet Surge Protector,$ 81.96,2,0.0,$ 22.95
7933,US-2016-168095,2016-07-15,7/20/2016,STANDARD CLASS,MC-17425,Mark Cousins,corporate,United States,Portland,Oregon,,WEST,OFF-PA-10003641,Office Supplies,Paper,Xerox 1909,105.52,5,0.2,34.294
5266,CA-2017-147452,2017-09-30,10/3/2017,First Class,CS-11845,Cari Sayre,CORPORATE,United States,Seattle,Washington,98103.0,west,OFF-PA-10001838,  Office Supplies  ,Paper,"Adams Telephone Message Book W/Dividers/Space For Phone Numbers, 5 1/4""X8 1/2"", 300/Messages",  $11.76  ,2,0.0,5.7624
9518,CA-2015-123939,08/24/2015,8/26/2015,  Second Class  ,MS-17710,Maurice Satty,Consumer,United States,Bowling Green,Ohio,43402.0,  East  ,OFF-LA-10003190,Office Supplies,Labels,Avery 474,  $6.91  ,3,0.2,  $2.51  
5050,US-2014-104759,03/31/2014,4/4/2014,Standard Class,DD-13570,Dorothy Dickinson,Consumer,United States,Chicago,Illinois,60610.0,CENTRAL,TEC-AC-10004901,technology,Accessories,Kensington SlimBlade Notebook Wireless Mouse with Nano Receiver ,79.984,2,0.2,14.00 USD
4634,CA-2015-130456,2015-08-21,8/26/2015,standard class,DS-13180,David Smith,corporate,United States,San Francisco,California,94122.0,  West  ,FUR-BO-10003893,FURNITURE,Bookcases,Sauder Camden County Collection Library,586.398,6,0.15,34.49 USD
8065,CA-2016-132997,07-Nov-2016,11/9/2016,First Class,LW-17215,Luke Weiss,consumer,United States,Rochester,New York,14609.0,  East  ,OFF-PA-10004983,Office Supplies,Paper,Xerox 23,  $12.96  ,2,0.0,  $6.22  
2546,CA-2017-108070,2017-04-16,4/20/2017,STANDARD CLASS,JE-15745,Joel Eaton,CONSUMER,United States,San Jose,California,95123.0,West,OFF-ST-10004804,  Office Supplies  ,Storage,"Belkin 19"" Vented Equipment Shelf, Black",  $205.92  ,4,0.0,2.0592
1982,CA-2015-119592,2015-12-14,12/16/2015,  Second Class  ,MM-18280,Muhammed MacIntyre,Corporate,United States,Columbus,Georgia,31907.0,South,OFF-BI-10004187,  Office Supplies  ,Binders,3-ring staple pack,3.76 USD,2,0.0,1.80 USD
8745,CA-2015-162376,11/22/2015,11/25/2015,Second Class,HD-14785,Harold Dahlen,Home Office,United States,Cambridge,Massachusetts,2138.0,East,OFF-AR-10003056,Office Supplies,Art,Newell 341,$ 17.12,4,0.0,-
5029,CA-2014-151792,2014/09/02 00:00:00,9/7/2014,SECOND CLASS,CV-12295,,consumer,United States,Chicago,Illinois,60653.0,central,TEC-AC-10001606,technology,Accessories,Logitech Wireless Performance Mouse MX for PC and Mac,  $239.98  ,3,0.2,$ 53.99
6385,US-2017-104661,2017-01-15,1/18/2017,First Class,TB-21250,Tim Brockman,  Consumer  ,United States,Austin,Texas,78745.0,CENTRAL,TEC-AC-10003628,  Technology  ,Accessories,Logitech 910-002974 M325 Wireless Mouse for Web Scrolling,47.98 USD,2,0.2,$ 14.40
9607,US-2017-122672,2017-11-04,11/9/2017,standard class,HG-14965,Henry Goldwyn,corporate,United States,Lancaster,Ohio,43130.0,EAST,OFF-ST-10002344,office supplies,Storage,"Carina 42""Hx23 3/4""W Media Storage Unit",194.352,3,0.2,-43.7292
8262,CA-2016-118101,06/26/2016,6/26/2016,SAME DAY,SN-20560,Skye Norling,home office,United States,Roseville,Michigan,48066.0,Central,OFF-ST-10001837,Office Supplies,Storage,"SAFCO Mobile Desk Side File, Wire Frame",171.04 USD,4,0.0,$ 44.47
3353,US-2014-134733,09/23/2014,9/28/2014,standard class,BM-11650,Brian Moss,CORPORATE,United States,San Diego,California,92037.0,  West  ,TEC-PH-10002726,technology,Phones,netTALK DUO VoIP Telephone Service,83.984,2,0.2,31.494
8464,CA-2014-100881,28-Mar-2014,4/1/2014,Standard Class,DR-12940,Daniel Raglin,  Home Office  ,United States,Albuquerque,New Mexico,87105.0,WEST,TEC-PH-10003273,technology,Phones,AT&T TR1909W,  $302.38  ,3,0.2,$ 22.68
3904,CA-2015-167010,2015-04-05,4/10/2015,standard class,VT-21700,Valerie Takahito,home office,United States,Philadelphia,Pennsylvania,19143.0,East,OFF-AP-10004036,office supplies,Appliances,Bionaire 99.97% HEPA Air Cleaner,  $98.11  ,7,0.2,-
3209,CA-2016-108882,01/09/2016,1/15/2016,STANDARD CLASS,LA-16780,Laura Armstrong,  Corporate  ,United States,Fresno,California,93727.0,WEST,TEC-AC-10000420,TECHNOLOGY,Accessories,Logitech G500s Laser Gaming Mouse with Adjustable Weight Tuning,$ 349.95,5,0.0,118.983
6558,CA-2014-137092,10/20/2014,10/22/2014,SECOND CLASS,LS-16975,Lindsay Shagiari,Home Office,United States,Chicago,Illinois,60653.0,Central,OFF-LA-10003510,Office Supplies,Labels,"Avery 4027 File Folder Labels for Dot Matrix Printers, 5000 Labels per Box, White",24.424,1,0.2,$ 7.94
3950,CA-2016-119963,Pending,11/22/2016,  Standard Class  ,SN-20710,,Home Office,United States,Pasadena,Texas,77506.0,  Central  ,OFF-PA-10001970,OFFICE SUPPLIES,Paper,Xerox 1881,19.648,2,0.2,6.6312
1200,CA-2016-130946,2016/04/08 00:00:00,4/12/2016,Standard Class,ZC-21910,Zuschuss Carroll,CONSUMER,United States,Houston,Texas,77041.0,CENTRAL,OFF-BI-10004995,Office Supplies,Binders,GBC DocuBind P400 Electric Binding System,1088.792,4,0.8,-1850.9464
5912,CA-2016-155383,17-Dec-2016,12/22/2016,Standard Class,SC-20680,Steve Carroll,home office,United States,Seattle,Washington,98115.0,west,OFF-ST-10001328,OFFICE SUPPLIES,Storage,"Personal Filing Tote with Lid, Black/Gray",46.53,3,0.0,$ 13.03
6763,CA-2016-144764,2016-09-02,9/8/2016,Standard Class,RL-19615,Rob Lucas,consumer,United States,Chicago,Illinois,60623.0,  Central  ,OFF-LA-10000240,office supplies,Labels,Self-Adhesive Address Labels for Typewriters by Universal,$ 29.24,5,0.2,9.8685
8350,US-2015-115238,2015-04-30,5/4/2015,Standard Class,JW-15220,Jane Waco,corporate,United States,Lawrence,Massachusetts,1841.0,east,FUR-FU-10001025,Furniture,Furnishings,"Eldon Imàge Series Desk Accessories, Clear",24.3,5,0.0,10.449
744,US-2016-146710,2016/08/27 00:00:00,9/1/2016,  Standard Class  ,SS-20875,Sung Shariari,consumer,United States,Dallas,Texas,75220.0,central,OFF-PA-10002615,office supplies,Paper,"Ampad Gold Fibre Wirebound Steno Books, 6"" x 9"", Gregg Ruled",3.528,1,0.2,1.1466
6460,US-2017-133361,14-May-2017,5/17/2017,First Class,AJ-10780,Anthony Jacobs,corporate,United States,Baltimore,Maryland,21215.0,  East  ,OFF-AR-10003045,OFFICE SUPPLIES,Art,Prang Colored Pencils,14.7,5,0.0,6.615
488,CA-2014-154627,2014/10/29 00:00:00,10/31/2014,first class,SA-20830,Sue Ann Reed,Consumer,United States,Chicago,Illinois,60610.0,central,TEC-PH-10001363,Technology,Phones,Apple iPhone 5S,"2,735.95 USD",6,0.2,341.994
7671,CA-2015-130974,2015-11-27,11/29/2015,Second Class,MA-17560,Matt Abelman,HOME OFFICE,United States,Everett,Massachusetts,2149.0,East,TEC-AC-10003095,Technology,Accessories,Logitech G35 7.1-Channel Surround Sound Headset,$ 259.98,2,0.0,$ 88.39
7720,CA-2015-108588,2015-01-05,1/10/2015,  Standard Class  ,BG-11695,Brooke Gillingham,corporate,United States,New York City,New York,10009.0,East,OFF-AR-10001615,Office Supplies,Art,Newell 34,  $59.52  ,3,0.0,-
9865,CA-2017-113278,01/14/2017,1/20/2017,Standard Class,HR-14770,,home office,United States,Richmond,Indiana,47374.0,Central,TEC-AC-10004469,TECHNOLOGY,Accessories,Microsoft Sculpt Comfort Mouse,$ 159.80,4,0.0,70.31 USD
2841,US-2014-125521,2014-03-14,3/19/2014,STANDARD CLASS,CK-12325,Christine Kargatis,HOME OFFICE,United States,Chesapeake,Virginia,23320.0,South,FUR-CH-10003379,Furniture,Chairs,Global Commerce Series High-Back Swivel/Tilt Chairs,  $1139.92  ,4,0.0,284.98
8904,CA-2016-150483,31-May-2016,6/4/2016,Standard Class,BP-11290,Beth Paige,CONSUMER,United States,Decatur,Illinois,62521.0,  Central  ,OFF-PA-10004621,Office Supplies,Paper,Xerox 212,10.37 USD,2,0.2,  $3.63  
